City,Company,Department,DisplayName,EmailAddress,EmployeeId,EmployeeType,EmployeeHireDate,HierarchyLevel,Organization,BusinessArea,ResponsibilityArea,ServiceArea,ServiceUnit,WorkLocation,EmployeeOrgData,Office,physicalDeliveryOfficeName,PostalCode,StreetAddress,StateOrProvince,CountryOrRegion,Title,BusinessPhone,MobilePhone,MailNickname,Manager,Sponsors,OtherEmails,ProxyAddresses,FaxNumber,IMAddresses,PreferredLanguage,AccountStatus,DataOrigin
Jyväskylä,Keski-Suomen hyvinvointialue,Hyvinvointialueen johto,Koskinen Mikael,mikael.koskinen@example.invalid,SYN-HYVAKS-000001,Vakituinen,2008-08-08,Hyvinvointialue,"Hyvinvointialue, Keski-Suomi",Koko hyvinvointialue,Hyvinvointialueen johto,Hyvinvointialueen johto,Hyvinvointialueen johto,"HYVINVOINTIKATU 12, 40100 Jyväskylä","Toimiala=Koko hyvinvointialue; Vastuualue=Hyvinvointialueen johto; Palvelualue=Hyvinvointialueen johto; Palveluyksikkö=Hyvinvointialueen johto; Toimipiste=HYVINVOINTIKATU 12, 40100 Jyväskylä",KESKI-SUOMEN HYVINVOINTIALUE,KESKI-SUOMEN HYVINVOINTIALUE,40100,HYVINVOINTIKATU 12,Keski-Suomi,Suomi,Hyvinvointialuejohtaja,+358142000001,+35845100001,mikael.koskinen,,,,SMTP:mikael.koskinen@example.invalid,,,fi-FI,Aktiivinen,synthetic-development-data
Jyväskylä,Keski-Suomen hyvinvointialue,Konsernipalveluiden johto,Salminen Kimmo,kimmo.salminen@example.invalid,SYN-HYVAKS-000002,Vakituinen,2019-08-01,Toimiala,"Hyvinvointialue, Keski-Suomi",Konsernipalvelut,Konsernipalvelut,Konsernipalveluiden johto,Konsernipalveluiden johto,"HYVINVOINTIKATU 12, 40100 Jyväskylä","Toimiala=Konsernipalvelut; Vastuualue=Konsernipalvelut; Palvelualue=Konsernipalveluiden johto; Palveluyksikkö=Konsernipalveluiden johto; Toimipiste=HYVINVOINTIKATU 12, 40100 Jyväskylä",KESKI-SUOMEN HYVINVOINTIALUE,KESKI-SUOMEN HYVINVOINTIALUE,40100,HYVINVOINTIKATU 12,Keski-Suomi,Suomi,Konsernipalvelujohtaja,+358142000002,+35844100002,kimmo.salminen,SYN-HYVAKS-000001,,,SMTP:kimmo.salminen@example.invalid,,,fi-FI,Aktiivinen,synthetic-development-data
Jyväskylä,Keski-Suomen hyvinvointialue,Tietohallinto johtaminen,Saarinen Anni,anni.saarinen@example.invalid,SYN-HYVAKS-000003,Vakituinen,2023-11-22,Vastuualue,"Hyvinvointialue, Keski-Suomi",Konsernipalvelut,Tietohallinto,Tietohallinto johtaminen,Tietohallinto johtaminen,"HOITAJANTIE 1, 40620 Jyväskylä","Toimiala=Konsernipalvelut; Vastuualue=Tietohallinto; Palvelualue=Tietohallinto johtaminen; Palveluyksikkö=Tietohallinto johtaminen; Toimipiste=HOITAJANTIE 1, 40620 Jyväskylä",KESKI-SUOMEN HYVINVOINTIALUE,KESKI-SUOMEN HYVINVOINTIALUE,40620,HOITAJANTIE 1,Keski-Suomi,Suomi,Tietohallintojohtaja,+358142000003,+35840100003,anni.saarinen,SYN-HYVAKS-000002,,,SMTP:anni.saarinen@example.invalid,,,fi-FI,Aktiivinen,synthetic-development-data
Jyväskylä,Keski-Suomen hyvinvointialue,Viestintäpalvelut johtaminen,Rautio Ville,ville.rautio@example.invalid,SYN-HYVAKS-000004,Vakituinen,1998-01-21,Vastuualue,"Hyvinvointialue, Keski-Suomi",Konsernipalvelut,Viestintäpalvelut,Viestintäpalvelut johtaminen,Viestintäpalvelut johtaminen,"HOITAJANTIE 1, 40620 Jyväskylä","Toimiala=Konsernipalvelut; Vastuualue=Viestintäpalvelut; Palvelualue=Viestintäpalvelut johtaminen; Palveluyksikkö=Viestintäpalvelut johtaminen; Toimipiste=HOITAJANTIE 1, 40620 Jyväskylä",KESKI-SUOMEN HYVINVOINTIALUE,KESKI-SUOMEN HYVINVOINTIALUE,40620,HOITAJANTIE 1,Keski-Suomi,Suomi,Viestintäjohtaja,+358142000004,+35840100004,ville.rautio,SYN-HYVAKS-000002,,,SMTP:ville.rautio@example.invalid,,,fi-FI,Poistuva,synthetic-development-data
Jyväskylä,Keski-Suomen hyvinvointialue,Tilapalvelut johtaminen,Lahtinen Juha,juha.lahtinen@example.invalid,SYN-HYVAKS-000005,Vakituinen,2007-01-20,Vastuualue,"Hyvinvointialue, Keski-Suomi",Konsernipalvelut,Tilapalvelut,Tilapalvelut johtaminen,Tilapalvelut johtaminen,"HYVINVOINTIKATU 12, 40100 Jyväskylä","Toimiala=Konsernipalvelut; Vastuualue=Tilapalvelut; Palvelualue=Tilapalvelut johtaminen; Palveluyksikkö=Tilapalvelut johtaminen; Toimipiste=HYVINVOINTIKATU 12, 40100 Jyväskylä",KESKI-SUOMEN HYVINVOINTIALUE,KESKI-SUOMEN HYVINVOINTIALUE,40100,HYVINVOINTIKATU 12,Keski-Suomi,Suomi,Tilapalvelujohtaja,+358142000005,+35845100005,juha.lahtinen,SYN-HYVAKS-000002,,,SMTP:juha.lahtinen@example.invalid,,,fi-FI,Aktiivinen,synthetic-development-data
Jyväskylä,Keski-Suomen hyvinvointialue,Tietohallinto yhteiset,Savolainen Anu,anu.savolainen@example.invalid,SYN-HYVAKS-000006,Vakituinen,2021-11-10,Palvelualue,"Hyvinvointialue, Keski-Suomi",Konsernipalvelut,Tietohallinto,Tietohallinto yhteiset,Tietohallinto yhteiset,"HOITAJANTIE 1, 40620 Jyväskylä","Toimiala=Konsernipalvelut; Vastuualue=Tietohallinto; Palvelualue=Tietohallinto yhteiset; Palveluyksikkö=Tietohallinto yhteiset; Toimipiste=HOITAJANTIE 1, 40620 Jyväskylä",KESKI-SUOMEN HYVINVOINTIALUE,KESKI-SUOMEN HYVINVOINTIALUE,40620,HOITAJANTIE 1,Keski-Suomi,Suomi,Tietohallinnon palvelupäällikkö,+358142000006,+35844100006,anu.savolainen,SYN-HYVAKS-000003,,,SMTP:anu.savolainen@example.invalid,,,fi-FI,Aktiivinen,synthetic-development-data
Jyväskylä,Keski-Suomen hyvinvointialue,Tietohallintopalvelut,Heikkilä Janne,janne.heikkila@example.invalid,SYN-HYVAKS-000007,Vakituinen,2010-07-08,Palvelualue,"Hyvinvointialue, Keski-Suomi",Konsernipalvelut,Tietohallinto,Tietohallintopalvelut,Tietohallintopalvelut,"HOITAJANTIE 1, 40620 Jyväskylä","Toimiala=Konsernipalvelut; Vastuualue=Tietohallinto; Palvelualue=Tietohallintopalvelut; Palveluyksikkö=Tietohallintopalvelut; Toimipiste=HOITAJANTIE 1, 40620 Jyväskylä",KESKI-SUOMEN HYVINVOINTIALUE,KESKI-SUOMEN HYVINVOINTIALUE,40620,HOITAJANTIE 1,Keski-Suomi,Suomi,Tietohallintopalveluiden päällikkö,+358142000007,+35840100007,janne.heikkila,SYN-HYVAKS-000003,,,SMTP:janne.heikkila@example.invalid,,,fi-FI,Aktiivinen,synthetic-development-data
Jyväskylä,Keski-Suomen hyvinvointialue,Projektit ja kehittäminen,Mäkinen Kimmo,kimmo.makinen@example.invalid,SYN-HYVAKS-000008,Vakituinen,2003-11-20,Palvelualue,"Hyvinvointialue, Keski-Suomi",Konsernipalvelut,Tietohallinto,Projektit ja kehittäminen,Projektit ja kehittäminen,"HOITAJANTIE 1, 40620 Jyväskylä","Toimiala=Konsernipalvelut; Vastuualue=Tietohallinto; Palvelualue=Projektit ja kehittäminen; Palveluyksikkö=Projektit ja kehittäminen; Toimipiste=HOITAJANTIE 1, 40620 Jyväskylä",KESKI-SUOMEN HYVINVOINTIALUE,KESKI-SUOMEN HYVINVOINTIALUE,40620,HOITAJANTIE 1,Keski-Suomi,Suomi,Kehittämispäällikkö,+358142000008,+35850100008,kimmo.makinen,SYN-HYVAKS-000003,,,SMTP:kimmo.makinen@example.invalid,,,fi-FI,Aktiivinen,synthetic-development-data
Jyväskylä,Keski-Suomen hyvinvointialue,Teknologiapalvelut,Vainio Paula,paula.vainio@example.invalid,SYN-HYVAKS-000009,Määräaikainen,2005-02-24,Palvelualue,"Hyvinvointialue, Keski-Suomi",Konsernipalvelut,Tietohallinto,Teknologiapalvelut,Teknologiapalvelut,"HOITAJANTIE 1, 40620 Jyväskylä","Toimiala=Konsernipalvelut; Vastuualue=Tietohallinto; Palvelualue=Teknologiapalvelut; Palveluyksikkö=Teknologiapalvelut; Toimipiste=HOITAJANTIE 1, 40620 Jyväskylä",KESKI-SUOMEN HYVINVOINTIALUE,KESKI-SUOMEN HYVINVOINTIALUE,40620,HOITAJANTIE 1,Keski-Suomi,Suomi,Teknologiapäällikkö,+358142000009,+35840100009,paula.vainio,SYN-HYVAKS-000003,,,SMTP:paula.vainio@example.invalid,,,fi-FI,Aktiivinen,synthetic-development-data
Jyväskylä,Keski-Suomen hyvinvointialue,Palveluprosessien digitalisaatio,Heikkilä Eemeli,eemeli.heikkila@example.invalid,SYN-HYVAKS-000010,Vakituinen,2001-01-17,Palvelualue,"Hyvinvointialue, Keski-Suomi",Konsernipalvelut,Tietohallinto,Palveluprosessien digitalisaatio,Palveluprosessien digitalisaatio,"HOITAJANTIE 1, 40620 Jyväskylä","Toimiala=Konsernipalvelut; Vastuualue=Tietohallinto; Palvelualue=Palveluprosessien digitalisaatio; Palveluyksikkö=Palveluprosessien digitalisaatio; Toimipiste=HOITAJANTIE 1, 40620 Jyväskylä",KESKI-SUOMEN HYVINVOINTIALUE,KESKI-SUOMEN HYVINVOINTIALUE,40620,HOITAJANTIE 1,Keski-Suomi,Suomi,Digitalisaatiopäällikkö,+358142000010,+35840100010,eemeli.heikkila,SYN-HYVAKS-000003,,,SMTP:eemeli.heikkila@example.invalid,,,fi-FI,Aktiivinen,synthetic-development-data
Jyväskylä,Keski-Suomen hyvinvointialue,Viestintäpalvelut,Mattila Heli,heli.mattila@example.invalid,SYN-HYVAKS-000011,Vakituinen,2023-09-24,Palvelualue,"Hyvinvointialue, Keski-Suomi",Konsernipalvelut,Viestintäpalvelut,Viestintäpalvelut,Viestintäpalvelut,"HOITAJANTIE 1, 40620 Jyväskylä","Toimiala=Konsernipalvelut; Vastuualue=Viestintäpalvelut; Palvelualue=Viestintäpalvelut; Palveluyksikkö=Viestintäpalvelut; Toimipiste=HOITAJANTIE 1, 40620 Jyväskylä",KESKI-SUOMEN HYVINVOINTIALUE,KESKI-SUOMEN HYVINVOINTIALUE,40620,HOITAJANTIE 1,Keski-Suomi,Suomi,Viestintäpäällikkö,+358142000011,+35850100011,heli.mattila,SYN-HYVAKS-000004,,,SMTP:heli.mattila@example.invalid,,,fi-FI,Aktiivinen,synthetic-development-data
Jyväskylä,Keski-Suomen hyvinvointialue,Tilapalveluiden johtaminen,Vainio Eeva,eeva.vainio@example.invalid,SYN-HYVAKS-000012,Vakituinen,2015-07-01,Palvelualue,"Hyvinvointialue, Keski-Suomi",Konsernipalvelut,Tilapalvelut,Tilapalveluiden johtaminen,Tilapalveluiden johtaminen,"HYVINVOINTIKATU 12, 40100 Jyväskylä","Toimiala=Konsernipalvelut; Vastuualue=Tilapalvelut; Palvelualue=Tilapalveluiden johtaminen; Palveluyksikkö=Tilapalveluiden johtaminen; Toimipiste=HYVINVOINTIKATU 12, 40100 Jyväskylä",KESKI-SUOMEN HYVINVOINTIALUE,KESKI-SUOMEN HYVINVOINTIALUE,40100,HYVINVOINTIKATU 12,Keski-Suomi,Suomi,Tilapalvelupäällikkö,+358142000012,+35850100012,eeva.vainio,SYN-HYVAKS-000005,,,SMTP:eeva.vainio@example.invalid,,,fi-FI,Aktiivinen,synthetic-development-data
Jyväskylä,Keski-Suomen hyvinvointialue,Tietohallinto yhteiset,Toivonen Ville,ville.toivonen@example.invalid,SYN-HYVAKS-000013,Vakituinen,2015-02-24,Palveluyksikkö,"Hyvinvointialue, Keski-Suomi",Konsernipalvelut,Tietohallinto,Tietohallinto yhteiset,Tietohallinto yhteiset,"HOITAJANTIE 1, 40620 Jyväskylä","Toimiala=Konsernipalvelut; Vastuualue=Tietohallinto; Palvelualue=Tietohallinto yhteiset; Palveluyksikkö=Tietohallinto yhteiset; Toimipiste=HOITAJANTIE 1, 40620 Jyväskylä",KESKI-SUOMEN HYVINVOINTIALUE,KESKI-SUOMEN HYVINVOINTIALUE,40620,HOITAJANTIE 1,Keski-Suomi,Suomi,Palveluyksikköpäällikkö,+358142000013,+35844100013,ville.toivonen,SYN-HYVAKS-000006,,,SMTP:ville.toivonen@example.invalid,,,fi-FI,Aktiivinen,synthetic-development-data
Jyväskylä,Keski-Suomen hyvinvointialue,Tietohallinto yhteiset,Koskela Joonas,joonas.koskela@example.invalid,SYN-HYVAKS-000014,Vakituinen,1998-08-22,Palveluyksikkö,"Hyvinvointialue, Keski-Suomi",Konsernipalvelut,Tietohallinto,Tietohallinto yhteiset,Tietohallinto yhteiset,"HYVINVOINTIKATU 12, 40100 Jyväskylä","Toimiala=Konsernipalvelut; Vastuualue=Tietohallinto; Palvelualue=Tietohallinto yhteiset; Palveluyksikkö=Tietohallinto yhteiset; Toimipiste=HYVINVOINTIKATU 12, 40100 Jyväskylä",KESKI-SUOMEN HYVINVOINTIALUE,KESKI-SUOMEN HYVINVOINTIALUE,40100,HYVINVOINTIKATU 12,Keski-Suomi,Suomi,Palveluyksikköpäällikkö,+358142000014,+35845100014,joonas.koskela,SYN-HYVAKS-000006,,,SMTP:joonas.koskela@example.invalid,,,fi-FI,Aktiivinen,synthetic-development-data
Jyväskylä,Keski-Suomen hyvinvointialue,Tietohallintopalvelut,Paananen Vesa,vesa.paananen@example.invalid,SYN-HYVAKS-000015,Osa-aikainen,2011-10-07,Palveluyksikkö,"Hyvinvointialue, Keski-Suomi",Konsernipalvelut,Tietohallinto,Tietohallintopalvelut,Tietohallintopalvelut,"HOITAJANTIE 1, 40620 Jyväskylä","Toimiala=Konsernipalvelut; Vastuualue=Tietohallinto; Palvelualue=Tietohallintopalvelut; Palveluyksikkö=Tietohallintopalvelut; Toimipiste=HOITAJANTIE 1, 40620 Jyväskylä",KESKI-SUOMEN HYVINVOINTIALUE,KESKI-SUOMEN HYVINVOINTIALUE,40620,HOITAJANTIE 1,Keski-Suomi,Suomi,Palveluyksikköpäällikkö,+358142000015,+35845100015,vesa.paananen,SYN-HYVAKS-000007,,,SMTP:vesa.paananen@example.invalid,,,fi-FI,Passiivinen,synthetic-development-data
Jämsä,Keski-Suomen hyvinvointialue,Tietohallintopalvelut,Hämäläinen Veera,veera.hamalainen@example.invalid,SYN-HYVAKS-000016,Osa-aikainen,2023-11-15,Palveluyksikkö,"Hyvinvointialue, Keski-Suomi",Konsernipalvelut,Tietohallinto,Tietohallintopalvelut,Tietohallintopalvelut,"SAIRAALANTIE 8, 42100 Jämsä","Toimiala=Konsernipalvelut; Vastuualue=Tietohallinto; Palvelualue=Tietohallintopalvelut; Palveluyksikkö=Tietohallintopalvelut; Toimipiste=SAIRAALANTIE 8, 42100 Jämsä",KESKI-SUOMEN HYVINVOINTIALUE,KESKI-SUOMEN HYVINVOINTIALUE,42100,SAIRAALANTIE 8,Keski-Suomi,Suomi,Palveluyksikköpäällikkö,+358142000016,+35845100016,veera.hamalainen,SYN-HYVAKS-000007,,,SMTP:veera.hamalainen@example.invalid,,,fi-FI,Aktiivinen,synthetic-development-data
Äänekoski,Keski-Suomen hyvinvointialue,Tietohallintopalvelut,Kolehmainen Tomi,tomi.kolehmainen@example.invalid,SYN-HYVAKS-000017,Vakituinen,2026-05-18,Palveluyksikkö,"Hyvinvointialue, Keski-Suomi",Konsernipalvelut,Tietohallinto,Tietohallintopalvelut,Tietohallintopalvelut,"KESKUSKATU 14, 44100 Äänekoski","Toimiala=Konsernipalvelut; Vastuualue=Tietohallinto; Palvelualue=Tietohallintopalvelut; Palveluyksikkö=Tietohallintopalvelut; Toimipiste=KESKUSKATU 14, 44100 Äänekoski",KESKI-SUOMEN HYVINVOINTIALUE,KESKI-SUOMEN HYVINVOINTIALUE,44100,KESKUSKATU 14,Keski-Suomi,Suomi,Palveluyksikköpäällikkö,+358142000017,+35844100017,tomi.kolehmainen,SYN-HYVAKS-000007,,,SMTP:tomi.kolehmainen@example.invalid,,,fi-FI,Aktiivinen,synthetic-development-data
Laukaa,Keski-Suomen hyvinvointialue,Tietohallintopalvelut,Pitkänen Viivi,viivi.pitkanen@example.invalid,SYN-HYVAKS-000018,Vakituinen,2019-11-11,Palveluyksikkö,"Hyvinvointialue, Keski-Suomi",Konsernipalvelut,Tietohallinto,Tietohallintopalvelut,Tietohallintopalvelut,"TERVEYSTIE 5, 41340 Laukaa","Toimiala=Konsernipalvelut; Vastuualue=Tietohallinto; Palvelualue=Tietohallintopalvelut; Palveluyksikkö=Tietohallintopalvelut; Toimipiste=TERVEYSTIE 5, 41340 Laukaa",KESKI-SUOMEN HYVINVOINTIALUE,KESKI-SUOMEN HYVINVOINTIALUE,41340,TERVEYSTIE 5,Keski-Suomi,Suomi,Palveluyksikköpäällikkö,+358142000018,+35844100018,viivi.pitkanen,SYN-HYVAKS-000007,,,SMTP:viivi.pitkanen@example.invalid,,,fi-FI,Aktiivinen,synthetic-development-data
Jyväskylä,Keski-Suomen hyvinvointialue,Projektit ja kehittäminen,Hirvonen Meri,meri.hirvonen@example.invalid,SYN-HYVAKS-000019,Määräaikainen,2007-01-08,Palveluyksikkö,"Hyvinvointialue, Keski-Suomi",Konsernipalvelut,Tietohallinto,Projektit ja kehittäminen,Projektit ja kehittäminen,"HOITAJANTIE 1, 40620 Jyväskylä","Toimiala=Konsernipalvelut; Vastuualue=Tietohallinto; Palvelualue=Projektit ja kehittäminen; Palveluyksikkö=Projektit ja kehittäminen; Toimipiste=HOITAJANTIE 1, 40620 Jyväskylä",KESKI-SUOMEN HYVINVOINTIALUE,KESKI-SUOMEN HYVINVOINTIALUE,40620,HOITAJANTIE 1,Keski-Suomi,Suomi,Palveluyksikköpäällikkö,+358142000019,+35840100019,meri.hirvonen,SYN-HYVAKS-000008,,,SMTP:meri.hirvonen@example.invalid,,,fi-FI,Aktiivinen,synthetic-development-data
Jyväskylä,Keski-Suomen hyvinvointialue,Projektit ja kehittäminen,Laakso Elina,elina.laakso@example.invalid,SYN-HYVAKS-000020,Vakituinen,2002-10-29,Palveluyksikkö,"Hyvinvointialue, Keski-Suomi",Konsernipalvelut,Tietohallinto,Projektit ja kehittäminen,Projektit ja kehittäminen,"HYVINVOINTIKATU 12, 40100 Jyväskylä","Toimiala=Konsernipalvelut; Vastuualue=Tietohallinto; Palvelualue=Projektit ja kehittäminen; Palveluyksikkö=Projektit ja kehittäminen; Toimipiste=HYVINVOINTIKATU 12, 40100 Jyväskylä",KESKI-SUOMEN HYVINVOINTIALUE,KESKI-SUOMEN HYVINVOINTIALUE,40100,HYVINVOINTIKATU 12,Keski-Suomi,Suomi,Palveluyksikköpäällikkö,+358142000020,+35845100020,elina.laakso,SYN-HYVAKS-000008,,,SMTP:elina.laakso@example.invalid,,,fi-FI,Aktiivinen,synthetic-development-data
Jyväskylä,Keski-Suomen hyvinvointialue,Teknologiapalvelut,Niemi Tuomas,tuomas.niemi@example.invalid,SYN-HYVAKS-000021,Sijainen,2016-09-06,Palveluyksikkö,"Hyvinvointialue, Keski-Suomi",Konsernipalvelut,Tietohallinto,Teknologiapalvelut,Teknologiapalvelut,"HOITAJANTIE 1, 40620 Jyväskylä","Toimiala=Konsernipalvelut; Vastuualue=Tietohallinto; Palvelualue=Teknologiapalvelut; Palveluyksikkö=Teknologiapalvelut; Toimipiste=HOITAJANTIE 1, 40620 Jyväskylä",KESKI-SUOMEN HYVINVOINTIALUE,KESKI-SUOMEN HYVINVOINTIALUE,40620,HOITAJANTIE 1,Keski-Suomi,Suomi,Palveluyksikköpäällikkö,+358142000021,+35850100021,tuomas.niemi,SYN-HYVAKS-000009,,,SMTP:tuomas.niemi@example.invalid,,,fi-FI,Passiivinen,synthetic-development-data
Jyväskylä,Keski-Suomen hyvinvointialue,Teknologiapalvelut,Salo Anni,anni.salo@example.invalid,SYN-HYVAKS-000022,Vakituinen,2017-06-03,Palveluyksikkö,"Hyvinvointialue, Keski-Suomi",Konsernipalvelut,Tietohallinto,Teknologiapalvelut,Teknologiapalvelut,"HYVINVOINTIKATU 12, 40100 Jyväskylä","Toimiala=Konsernipalvelut; Vastuualue=Tietohallinto; Palvelualue=Teknologiapalvelut; Palveluyksikkö=Teknologiapalvelut; Toimipiste=HYVINVOINTIKATU 12, 40100 Jyväskylä",KESKI-SUOMEN HYVINVOINTIALUE,KESKI-SUOMEN HYVINVOINTIALUE,40100,HYVINVOINTIKATU 12,Keski-Suomi,Suomi,Palveluyksikköpäällikkö,+358142000022,+35840100022,anni.salo,SYN-HYVAKS-000009,,,SMTP:anni.salo@example.invalid,,,fi-FI,Aktiivinen,synthetic-development-data
Jämsä,Keski-Suomen hyvinvointialue,Teknologiapalvelut,Lahtinen Aino,aino.lahtinen@example.invalid,SYN-HYVAKS-000023,Vakituinen,2022-03-01,Palveluyksikkö,"Hyvinvointialue, Keski-Suomi",Konsernipalvelut,Tietohallinto,Teknologiapalvelut,Teknologiapalvelut,"SAIRAALANTIE 8, 42100 Jämsä","Toimiala=Konsernipalvelut; Vastuualue=Tietohallinto; Palvelualue=Teknologiapalvelut; Palveluyksikkö=Teknologiapalvelut; Toimipiste=SAIRAALANTIE 8, 42100 Jämsä",KESKI-SUOMEN HYVINVOINTIALUE,KESKI-SUOMEN HYVINVOINTIALUE,42100,SAIRAALANTIE 8,Keski-Suomi,Suomi,Palveluyksikköpäällikkö,+358142000023,+35850100023,aino.lahtinen,SYN-HYVAKS-000009,,,SMTP:aino.lahtinen@example.invalid,,,fi-FI,Aktiivinen,synthetic-development-data
Äänekoski,Keski-Suomen hyvinvointialue,Teknologiapalvelut,Ylitalo Vesa,vesa.ylitalo@example.invalid,SYN-HYVAKS-000024,Sijainen,1999-08-20,Palveluyksikkö,"Hyvinvointialue, Keski-Suomi",Konsernipalvelut,Tietohallinto,Teknologiapalvelut,Teknologiapalvelut,"KESKUSKATU 14, 44100 Äänekoski","Toimiala=Konsernipalvelut; Vastuualue=Tietohallinto; Palvelualue=Teknologiapalvelut; Palveluyksikkö=Teknologiapalvelut; Toimipiste=KESKUSKATU 14, 44100 Äänekoski",KESKI-SUOMEN HYVINVOINTIALUE,KESKI-SUOMEN HYVINVOINTIALUE,44100,KESKUSKATU 14,Keski-Suomi,Suomi,Palveluyksikköpäällikkö,+358142000024,+35840100024,vesa.ylitalo,SYN-HYVAKS-000009,,,SMTP:vesa.ylitalo@example.invalid,,,fi-FI,Aktiivinen,synthetic-development-data
Jyväskylä,Keski-Suomen hyvinvointialue,Palveluprosessien digitalisaatio,Kallio Janne,janne.kallio@example.invalid,SYN-HYVAKS-000025,Vakituinen,2022-11-22,Palveluyksikkö,"Hyvinvointialue, Keski-Suomi",Konsernipalvelut,Tietohallinto,Palveluprosessien digitalisaatio,Palveluprosessien digitalisaatio,"HOITAJANTIE 1, 40620 Jyväskylä","Toimiala=Konsernipalvelut; Vastuualue=Tietohallinto; Palvelualue=Palveluprosessien digitalisaatio; Palveluyksikkö=Palveluprosessien digitalisaatio; Toimipiste=HOITAJANTIE 1, 40620 Jyväskylä",KESKI-SUOMEN HYVINVOINTIALUE,KESKI-SUOMEN HYVINVOINTIALUE,40620,HOITAJANTIE 1,Keski-Suomi,Suomi,Palveluyksikköpäällikkö,+358142000025,+35850100025,janne.kallio,SYN-HYVAKS-000010,,,SMTP:janne.kallio@example.invalid,,,fi-FI,Aktiivinen,synthetic-development-data
Jyväskylä,Keski-Suomen hyvinvointialue,Palveluprosessien digitalisaatio,Pitkänen Tuula,tuula.pitkanen@example.invalid,SYN-HYVAKS-000026,Vakituinen,2000-07-08,Palveluyksikkö,"Hyvinvointialue, Keski-Suomi",Konsernipalvelut,Tietohallinto,Palveluprosessien digitalisaatio,Palveluprosessien digitalisaatio,"HYVINVOINTIKATU 12, 40100 Jyväskylä","Toimiala=Konsernipalvelut; Vastuualue=Tietohallinto; Palvelualue=Palveluprosessien digitalisaatio; Palveluyksikkö=Palveluprosessien digitalisaatio; Toimipiste=HYVINVOINTIKATU 12, 40100 Jyväskylä",KESKI-SUOMEN HYVINVOINTIALUE,KESKI-SUOMEN HYVINVOINTIALUE,40100,HYVINVOINTIKATU 12,Keski-Suomi,Suomi,Palveluyksikköpäällikkö,+358142000026,+35850100026,tuula.pitkanen,SYN-HYVAKS-000010,,,SMTP:tuula.pitkanen@example.invalid,,,fi-FI,Aktiivinen,synthetic-development-data
Laukaa,Keski-Suomen hyvinvointialue,Palveluprosessien digitalisaatio,Takala Viivi,viivi.takala@example.invalid,SYN-HYVAKS-000027,Vakituinen,2022-03-26,Palveluyksikkö,"Hyvinvointialue, Keski-Suomi",Konsernipalvelut,Tietohallinto,Palveluprosessien digitalisaatio,Palveluprosessien digitalisaatio,"TERVEYSTIE 5, 41340 Laukaa","Toimiala=Konsernipalvelut; Vastuualue=Tietohallinto; Palvelualue=Palveluprosessien digitalisaatio; Palveluyksikkö=Palveluprosessien digitalisaatio; Toimipiste=TERVEYSTIE 5, 41340 Laukaa",KESKI-SUOMEN HYVINVOINTIALUE,KESKI-SUOMEN HYVINVOINTIALUE,41340,TERVEYSTIE 5,Keski-Suomi,Suomi,Palveluyksikköpäällikkö,+358142000027,+35840100027,viivi.takala,SYN-HYVAKS-000010,,,SMTP:viivi.takala@example.invalid,,,fi-FI,Aktiivinen,synthetic-development-data
Jyväskylä,Keski-Suomen hyvinvointialue,Viestintäpalvelut,Salo Tuomas,tuomas.salo@example.invalid,SYN-HYVAKS-000028,Määräaikainen,2007-05-25,Palveluyksikkö,"Hyvinvointialue, Keski-Suomi",Konsernipalvelut,Viestintäpalvelut,Viestintäpalvelut,Viestintäpalvelut,"HOITAJANTIE 1, 40620 Jyväskylä","Toimiala=Konsernipalvelut; Vastuualue=Viestintäpalvelut; Palvelualue=Viestintäpalvelut; Palveluyksikkö=Viestintäpalvelut; Toimipiste=HOITAJANTIE 1, 40620 Jyväskylä",KESKI-SUOMEN HYVINVOINTIALUE,KESKI-SUOMEN HYVINVOINTIALUE,40620,HOITAJANTIE 1,Keski-Suomi,Suomi,Palveluyksikköpäällikkö,+358142000028,+35840100028,tuomas.salo,SYN-HYVAKS-000011,,,SMTP:tuomas.salo@example.invalid,,,fi-FI,Aktiivinen,synthetic-development-data
Jyväskylä,Keski-Suomen hyvinvointialue,Viestintäpalvelut,Lehtinen Marika,marika.lehtinen@example.invalid,SYN-HYVAKS-000029,Vakituinen,2008-06-28,Palveluyksikkö,"Hyvinvointialue, Keski-Suomi",Konsernipalvelut,Viestintäpalvelut,Viestintäpalvelut,Viestintäpalvelut,"HYVINVOINTIKATU 12, 40100 Jyväskylä","Toimiala=Konsernipalvelut; Vastuualue=Viestintäpalvelut; Palvelualue=Viestintäpalvelut; Palveluyksikkö=Viestintäpalvelut; Toimipiste=HYVINVOINTIKATU 12, 40100 Jyväskylä",KESKI-SUOMEN HYVINVOINTIALUE,KESKI-SUOMEN HYVINVOINTIALUE,40100,HYVINVOINTIKATU 12,Keski-Suomi,Suomi,Palveluyksikköpäällikkö,+358142000029,+35840100029,marika.lehtinen,SYN-HYVAKS-000011,,,SMTP:marika.lehtinen@example.invalid,,,fi-FI,Aktiivinen,synthetic-development-data
Jämsä,Keski-Suomen hyvinvointialue,Viestintäpalvelut,Salminen Satu,satu.salminen@example.invalid,SYN-HYVAKS-000030,Vakituinen,2008-01-03,Palveluyksikkö,"Hyvinvointialue, Keski-Suomi",Konsernipalvelut,Viestintäpalvelut,Viestintäpalvelut,Viestintäpalvelut,"SAIRAALANTIE 8, 42100 Jämsä","Toimiala=Konsernipalvelut; Vastuualue=Viestintäpalvelut; Palvelualue=Viestintäpalvelut; Palveluyksikkö=Viestintäpalvelut; Toimipiste=SAIRAALANTIE 8, 42100 Jämsä",KESKI-SUOMEN HYVINVOINTIALUE,KESKI-SUOMEN HYVINVOINTIALUE,42100,SAIRAALANTIE 8,Keski-Suomi,Suomi,Palveluyksikköpäällikkö,+358142000030,+35850100030,satu.salminen,SYN-HYVAKS-000011,,,SMTP:satu.salminen@example.invalid,,,fi-FI,Aktiivinen,synthetic-development-data
Jyväskylä,Keski-Suomen hyvinvointialue,Tilapalveluiden johtaminen,Manninen Markus,markus.manninen@example.invalid,SYN-HYVAKS-000031,Määräaikainen,2024-09-18,Palveluyksikkö,"Hyvinvointialue, Keski-Suomi",Konsernipalvelut,Tilapalvelut,Tilapalveluiden johtaminen,Tilapalveluiden johtaminen,"HYVINVOINTIKATU 12, 40100 Jyväskylä","Toimiala=Konsernipalvelut; Vastuualue=Tilapalvelut; Palvelualue=Tilapalveluiden johtaminen; Palveluyksikkö=Tilapalveluiden johtaminen; Toimipiste=HYVINVOINTIKATU 12, 40100 Jyväskylä",KESKI-SUOMEN HYVINVOINTIALUE,KESKI-SUOMEN HYVINVOINTIALUE,40100,HYVINVOINTIKATU 12,Keski-Suomi,Suomi,Palveluyksikköpäällikkö,+358142000031,+35850100031,markus.manninen,SYN-HYVAKS-000012,,,SMTP:markus.manninen@example.invalid,,,fi-FI,Aktiivinen,synthetic-development-data
Jämsä,Keski-Suomen hyvinvointialue,Tilapalveluiden johtaminen,Sillanpää Liisa,liisa.sillanpaa@example.invalid,SYN-HYVAKS-000032,Vakituinen,2020-05-30,Palveluyksikkö,"Hyvinvointialue, Keski-Suomi",Konsernipalvelut,Tilapalvelut,Tilapalveluiden johtaminen,Tilapalveluiden johtaminen,"SAIRAALANTIE 8, 42100 Jämsä","Toimiala=Konsernipalvelut; Vastuualue=Tilapalvelut; Palvelualue=Tilapalveluiden johtaminen; Palveluyksikkö=Tilapalveluiden johtaminen; Toimipiste=SAIRAALANTIE 8, 42100 Jämsä",KESKI-SUOMEN HYVINVOINTIALUE,KESKI-SUOMEN HYVINVOINTIALUE,42100,SAIRAALANTIE 8,Keski-Suomi,Suomi,Palveluyksikköpäällikkö,+358142000032,+35844100032,liisa.sillanpaa,SYN-HYVAKS-000012,,,SMTP:liisa.sillanpaa@example.invalid,,,fi-FI,Aktiivinen,synthetic-development-data
Äänekoski,Keski-Suomen hyvinvointialue,Tilapalveluiden johtaminen,Kallio Emilia,emilia.kallio@example.invalid,SYN-HYVAKS-000033,Vakituinen,2015-07-03,Palveluyksikkö,"Hyvinvointialue, Keski-Suomi",Konsernipalvelut,Tilapalvelut,Tilapalveluiden johtaminen,Tilapalveluiden johtaminen,"KESKUSKATU 14, 44100 Äänekoski","Toimiala=Konsernipalvelut; Vastuualue=Tilapalvelut; Palvelualue=Tilapalveluiden johtaminen; Palveluyksikkö=Tilapalveluiden johtaminen; Toimipiste=KESKUSKATU 14, 44100 Äänekoski",KESKI-SUOMEN HYVINVOINTIALUE,KESKI-SUOMEN HYVINVOINTIALUE,44100,KESKUSKATU 14,Keski-Suomi,Suomi,Palveluyksikköpäällikkö,+358142000033,+35850100033,emilia.kallio,SYN-HYVAKS-000012,,,SMTP:emilia.kallio@example.invalid,,,fi-FI,Aktiivinen,synthetic-development-data
Keuruu,Keski-Suomen hyvinvointialue,Tilapalveluiden johtaminen,Törmänen Joonas,joonas.tormanen@example.invalid,SYN-HYVAKS-000034,Vakituinen,2010-03-16,Palveluyksikkö,"Hyvinvointialue, Keski-Suomi",Konsernipalvelut,Tilapalvelut,Tilapalveluiden johtaminen,Tilapalveluiden johtaminen,"PALVELUTIE 3, 42700 Keuruu","Toimiala=Konsernipalvelut; Vastuualue=Tilapalvelut; Palvelualue=Tilapalveluiden johtaminen; Palveluyksikkö=Tilapalveluiden johtaminen; Toimipiste=PALVELUTIE 3, 42700 Keuruu",KESKI-SUOMEN HYVINVOINTIALUE,KESKI-SUOMEN HYVINVOINTIALUE,42700,PALVELUTIE 3,Keski-Suomi,Suomi,Palveluyksikköpäällikkö,+358142000034,+35845100034,joonas.tormanen,SYN-HYVAKS-000012,,,SMTP:joonas.tormanen@example.invalid,,,fi-FI,Aktiivinen,synthetic-development-data
Karstula,Keski-Suomen hyvinvointialue,Tilapalveluiden johtaminen,Seppälä Leena,leena.seppala@example.invalid,SYN-HYVAKS-000035,Vakituinen,2025-01-23,Palveluyksikkö,"Hyvinvointialue, Keski-Suomi",Konsernipalvelut,Tilapalvelut,Tilapalveluiden johtaminen,Tilapalveluiden johtaminen,"HYVINVOINTITIE 6, 43500 Karstula","Toimiala=Konsernipalvelut; Vastuualue=Tilapalvelut; Palvelualue=Tilapalveluiden johtaminen; Palveluyksikkö=Tilapalveluiden johtaminen; Toimipiste=HYVINVOINTITIE 6, 43500 Karstula",KESKI-SUOMEN HYVINVOINTIALUE,KESKI-SUOMEN HYVINVOINTIALUE,43500,HYVINVOINTITIE 6,Keski-Suomi,Suomi,Palveluyksikköpäällikkö,+358142000035,+35844100035,leena.seppala,SYN-HYVAKS-000012,,,SMTP:leena.seppala@example.invalid,,,fi-FI,Aktiivinen,synthetic-development-data
Viitasaari,Keski-Suomen hyvinvointialue,Tilapalveluiden johtaminen,Niemi Kimmo,kimmo.niemi@example.invalid,SYN-HYVAKS-000036,Määräaikainen,2001-09-15,Palveluyksikkö,"Hyvinvointialue, Keski-Suomi",Konsernipalvelut,Tilapalvelut,Tilapalveluiden johtaminen,Tilapalveluiden johtaminen,"TERVEYSKESKUKSENTIE 2, 44500 Viitasaari","Toimiala=Konsernipalvelut; Vastuualue=Tilapalvelut; Palvelualue=Tilapalveluiden johtaminen; Palveluyksikkö=Tilapalveluiden johtaminen; Toimipiste=TERVEYSKESKUKSENTIE 2, 44500 Viitasaari",KESKI-SUOMEN HYVINVOINTIALUE,KESKI-SUOMEN HYVINVOINTIALUE,44500,TERVEYSKESKUKSENTIE 2,Keski-Suomi,Suomi,Palveluyksikköpäällikkö,+358142000036,+35844100036,kimmo.niemi,SYN-HYVAKS-000012,,,SMTP:kimmo.niemi@example.invalid,,,fi-FI,Aktiivinen,synthetic-development-data
Äänekoski,Keski-Suomen hyvinvointialue,Tietohallintopalvelut,Järvinen Juha,juha.jarvinen@example.invalid,SYN-HYVAKS-000037,Vakituinen,2005-11-29,Toimipiste,"Hyvinvointialue, Keski-Suomi",Konsernipalvelut,Tietohallinto,Tietohallintopalvelut,Tietohallintopalvelut,"KESKUSKATU 14, 44100 Äänekoski","Toimiala=Konsernipalvelut; Vastuualue=Tietohallinto; Palvelualue=Tietohallintopalvelut; Palveluyksikkö=Tietohallintopalvelut; Toimipiste=KESKUSKATU 14, 44100 Äänekoski",KESKI-SUOMEN HYVINVOINTIALUE,KESKI-SUOMEN HYVINVOINTIALUE,44100,KESKUSKATU 14,Keski-Suomi,Suomi,Laitetukiasiantuntija,+358142000037,+35840100037,juha.jarvinen,SYN-HYVAKS-000017,,,SMTP:juha.jarvinen@example.invalid,,,fi-FI,Aktiivinen,synthetic-development-data
Keuruu,Keski-Suomen hyvinvointialue,Tilapalveluiden johtaminen,Törmänen Janne,janne.tormanen@example.invalid,SYN-HYVAKS-000038,Vakituinen,2017-04-03,Toimipiste,"Hyvinvointialue, Keski-Suomi",Konsernipalvelut,Tilapalvelut,Tilapalveluiden johtaminen,Tilapalveluiden johtaminen,"PALVELUTIE 3, 42700 Keuruu","Toimiala=Konsernipalvelut; Vastuualue=Tilapalvelut; Palvelualue=Tilapalveluiden johtaminen; Palveluyksikkö=Tilapalveluiden johtaminen; Toimipiste=PALVELUTIE 3, 42700 Keuruu",KESKI-SUOMEN HYVINVOINTIALUE,KESKI-SUOMEN HYVINVOINTIALUE,42700,PALVELUTIE 3,Keski-Suomi,Suomi,Kiinteistöasiantuntija,+358142000038,+35845100038,janne.tormanen,SYN-HYVAKS-000034,,,SMTP:janne.tormanen@example.invalid,,,fi-FI,Aktiivinen,synthetic-development-data
Laukaa,Keski-Suomen hyvinvointialue,Tietohallintopalvelut,Vuorinen Mikael,mikael.vuorinen@example.invalid,SYN-HYVAKS-000039,Määräaikainen,1999-01-09,Toimipiste,"Hyvinvointialue, Keski-Suomi",Konsernipalvelut,Tietohallinto,Tietohallintopalvelut,Tietohallintopalvelut,"TERVEYSTIE 5, 41340 Laukaa","Toimiala=Konsernipalvelut; Vastuualue=Tietohallinto; Palvelualue=Tietohallintopalvelut; Palveluyksikkö=Tietohallintopalvelut; Toimipiste=TERVEYSTIE 5, 41340 Laukaa",KESKI-SUOMEN HYVINVOINTIALUE,KESKI-SUOMEN HYVINVOINTIALUE,41340,TERVEYSTIE 5,Keski-Suomi,Suomi,Käyttäjätukiasiantuntija,+358142000039,+35850100039,mikael.vuorinen,SYN-HYVAKS-000018,,,SMTP:mikael.vuorinen@example.invalid,,,fi-FI,Aktiivinen,synthetic-development-data
Laukaa,Keski-Suomen hyvinvointialue,Tietohallintopalvelut,Moilanen Tomi,tomi.moilanen@example.invalid,SYN-HYVAKS-000040,Määräaikainen,2023-07-31,Toimipiste,"Hyvinvointialue, Keski-Suomi",Konsernipalvelut,Tietohallinto,Tietohallintopalvelut,Tietohallintopalvelut,"TERVEYSTIE 5, 41340 Laukaa","Toimiala=Konsernipalvelut; Vastuualue=Tietohallinto; Palvelualue=Tietohallintopalvelut; Palveluyksikkö=Tietohallintopalvelut; Toimipiste=TERVEYSTIE 5, 41340 Laukaa",KESKI-SUOMEN HYVINVOINTIALUE,KESKI-SUOMEN HYVINVOINTIALUE,41340,TERVEYSTIE 5,Keski-Suomi,Suomi,Tietohallinnon asiantuntija,+358142000040,+35850100040,tomi.moilanen,SYN-HYVAKS-000018,,,SMTP:tomi.moilanen@example.invalid,,,fi-FI,Aktiivinen,synthetic-development-data
Laukaa,Keski-Suomen hyvinvointialue,Tietohallintopalvelut,Jokinen Tuomas,tuomas.jokinen@example.invalid,SYN-HYVAKS-000041,Vakituinen,2024-02-01,Toimipiste,"Hyvinvointialue, Keski-Suomi",Konsernipalvelut,Tietohallinto,Tietohallintopalvelut,Tietohallintopalvelut,"TERVEYSTIE 5, 41340 Laukaa","Toimiala=Konsernipalvelut; Vastuualue=Tietohallinto; Palvelualue=Tietohallintopalvelut; Palveluyksikkö=Tietohallintopalvelut; Toimipiste=TERVEYSTIE 5, 41340 Laukaa",KESKI-SUOMEN HYVINVOINTIALUE,KESKI-SUOMEN HYVINVOINTIALUE,41340,TERVEYSTIE 5,Keski-Suomi,Suomi,Käyttäjätukiasiantuntija,+358142000041,+35850100041,tuomas.jokinen,SYN-HYVAKS-000018,,,SMTP:tuomas.jokinen@example.invalid,,,fi-FI,Aktiivinen,synthetic-development-data
Jyväskylä,Keski-Suomen hyvinvointialue,Teknologiapalvelut,Vainio Heikki,heikki.vainio@example.invalid,SYN-HYVAKS-000042,Vakituinen,2002-03-16,Toimipiste,"Hyvinvointialue, Keski-Suomi",Konsernipalvelut,Tietohallinto,Teknologiapalvelut,Teknologiapalvelut,"HOITAJANTIE 1, 40620 Jyväskylä","Toimiala=Konsernipalvelut; Vastuualue=Tietohallinto; Palvelualue=Teknologiapalvelut; Palveluyksikkö=Teknologiapalvelut; Toimipiste=HOITAJANTIE 1, 40620 Jyväskylä",KESKI-SUOMEN HYVINVOINTIALUE,KESKI-SUOMEN HYVINVOINTIALUE,40620,HOITAJANTIE 1,Keski-Suomi,Suomi,Verkkoasiantuntija,+358142000042,+35844100042,heikki.vainio,SYN-HYVAKS-000021,,,SMTP:heikki.vainio@example.invalid,,,fi-FI,Aktiivinen,synthetic-development-data
Jyväskylä,Keski-Suomen hyvinvointialue,Tietohallintopalvelut,Ahonen Laura,laura.ahonen@example.invalid,SYN-HYVAKS-000043,Vakituinen,2013-06-02,Toimipiste,"Hyvinvointialue, Keski-Suomi",Konsernipalvelut,Tietohallinto,Tietohallintopalvelut,Tietohallintopalvelut,"HOITAJANTIE 1, 40620 Jyväskylä","Toimiala=Konsernipalvelut; Vastuualue=Tietohallinto; Palvelualue=Tietohallintopalvelut; Palveluyksikkö=Tietohallintopalvelut; Toimipiste=HOITAJANTIE 1, 40620 Jyväskylä",KESKI-SUOMEN HYVINVOINTIALUE,KESKI-SUOMEN HYVINVOINTIALUE,40620,HOITAJANTIE 1,Keski-Suomi,Suomi,Järjestelmäasiantuntija,+358142000043,+35840100043,laura.ahonen,SYN-HYVAKS-000015,,,SMTP:laura.ahonen@example.invalid,,,fi-FI,Aktiivinen,synthetic-development-data
Jyväskylä,Keski-Suomen hyvinvointialue,Projektit ja kehittäminen,Seppälä Sanna,sanna.seppala@example.invalid,SYN-HYVAKS-000044,Vakituinen,2004-06-01,Toimipiste,"Hyvinvointialue, Keski-Suomi",Konsernipalvelut,Tietohallinto,Projektit ja kehittäminen,Projektit ja kehittäminen,"HYVINVOINTIKATU 12, 40100 Jyväskylä","Toimiala=Konsernipalvelut; Vastuualue=Tietohallinto; Palvelualue=Projektit ja kehittäminen; Palveluyksikkö=Projektit ja kehittäminen; Toimipiste=HYVINVOINTIKATU 12, 40100 Jyväskylä",KESKI-SUOMEN HYVINVOINTIALUE,KESKI-SUOMEN HYVINVOINTIALUE,40100,HYVINVOINTIKATU 12,Keski-Suomi,Suomi,Palvelumuotoilija,+358142000044,+35840100044,sanna.seppala,SYN-HYVAKS-000020,,,SMTP:sanna.seppala@example.invalid,,,fi-FI,Aktiivinen,synthetic-development-data
Äänekoski,Keski-Suomen hyvinvointialue,Teknologiapalvelut,Karjalainen Viivi,viivi.karjalainen@example.invalid,SYN-HYVAKS-000045,Vakituinen,2025-06-20,Toimipiste,"Hyvinvointialue, Keski-Suomi",Konsernipalvelut,Tietohallinto,Teknologiapalvelut,Teknologiapalvelut,"KESKUSKATU 14, 44100 Äänekoski","Toimiala=Konsernipalvelut; Vastuualue=Tietohallinto; Palvelualue=Teknologiapalvelut; Palveluyksikkö=Teknologiapalvelut; Toimipiste=KESKUSKATU 14, 44100 Äänekoski",KESKI-SUOMEN HYVINVOINTIALUE,KESKI-SUOMEN HYVINVOINTIALUE,44100,KESKUSKATU 14,Keski-Suomi,Suomi,Palveluarkkitehti,+358142000045,+35844100045,viivi.karjalainen,SYN-HYVAKS-000024,,,SMTP:viivi.karjalainen@example.invalid,,,fi-FI,Aktiivinen,synthetic-development-data
Jyväskylä,Keski-Suomen hyvinvointialue,Palveluprosessien digitalisaatio,Peltonen Mikael,mikael.peltonen@example.invalid,SYN-HYVAKS-000046,Vakituinen,2024-06-11,Toimipiste,"Hyvinvointialue, Keski-Suomi",Konsernipalvelut,Tietohallinto,Palveluprosessien digitalisaatio,Palveluprosessien digitalisaatio,"HOITAJANTIE 1, 40620 Jyväskylä","Toimiala=Konsernipalvelut; Vastuualue=Tietohallinto; Palvelualue=Palveluprosessien digitalisaatio; Palveluyksikkö=Palveluprosessien digitalisaatio; Toimipiste=HOITAJANTIE 1, 40620 Jyväskylä",KESKI-SUOMEN HYVINVOINTIALUE,KESKI-SUOMEN HYVINVOINTIALUE,40620,HOITAJANTIE 1,Keski-Suomi,Suomi,Tietoasiantuntija,+358142000046,+35840100046,mikael.peltonen,SYN-HYVAKS-000025,,,SMTP:mikael.peltonen@example.invalid,,,fi-FI,Aktiivinen,synthetic-development-data
Jämsä,Keski-Suomen hyvinvointialue,Teknologiapalvelut,Nurminen Sari,sari.nurminen@example.invalid,SYN-HYVAKS-000047,Vakituinen,2002-03-28,Toimipiste,"Hyvinvointialue, Keski-Suomi",Konsernipalvelut,Tietohallinto,Teknologiapalvelut,Teknologiapalvelut,"SAIRAALANTIE 8, 42100 Jämsä","Toimiala=Konsernipalvelut; Vastuualue=Tietohallinto; Palvelualue=Teknologiapalvelut; Palveluyksikkö=Teknologiapalvelut; Toimipiste=SAIRAALANTIE 8, 42100 Jämsä",KESKI-SUOMEN HYVINVOINTIALUE,KESKI-SUOMEN HYVINVOINTIALUE,42100,SAIRAALANTIE 8,Keski-Suomi,Suomi,Konesaliasiantuntija,+358142000047,+35850100047,sari.nurminen,SYN-HYVAKS-000023,,,SMTP:sari.nurminen@example.invalid,,,fi-FI,Aktiivinen,synthetic-development-data
Jämsä,Keski-Suomen hyvinvointialue,Viestintäpalvelut,Paananen Riikka,riikka.paananen@example.invalid,SYN-HYVAKS-000048,Vakituinen,2012-10-20,Toimipiste,"Hyvinvointialue, Keski-Suomi",Konsernipalvelut,Viestintäpalvelut,Viestintäpalvelut,Viestintäpalvelut,"SAIRAALANTIE 8, 42100 Jämsä","Toimiala=Konsernipalvelut; Vastuualue=Viestintäpalvelut; Palvelualue=Viestintäpalvelut; Palveluyksikkö=Viestintäpalvelut; Toimipiste=SAIRAALANTIE 8, 42100 Jämsä",KESKI-SUOMEN HYVINVOINTIALUE,KESKI-SUOMEN HYVINVOINTIALUE,42100,SAIRAALANTIE 8,Keski-Suomi,Suomi,Verkkoviestinnän asiantuntija,+358142000048,+35844100048,riikka.paananen,SYN-HYVAKS-000030,,,SMTP:riikka.paananen@example.invalid,,,fi-FI,Aktiivinen,synthetic-development-data
Jyväskylä,Keski-Suomen hyvinvointialue,Palveluprosessien digitalisaatio,Hämäläinen Jere,jere.hamalainen@example.invalid,SYN-HYVAKS-000049,Vakituinen,2002-05-21,Toimipiste,"Hyvinvointialue, Keski-Suomi",Konsernipalvelut,Tietohallinto,Palveluprosessien digitalisaatio,Palveluprosessien digitalisaatio,"HYVINVOINTIKATU 12, 40100 Jyväskylä","Toimiala=Konsernipalvelut; Vastuualue=Tietohallinto; Palvelualue=Palveluprosessien digitalisaatio; Palveluyksikkö=Palveluprosessien digitalisaatio; Toimipiste=HYVINVOINTIKATU 12, 40100 Jyväskylä",KESKI-SUOMEN HYVINVOINTIALUE,KESKI-SUOMEN HYVINVOINTIALUE,40100,HYVINVOINTIKATU 12,Keski-Suomi,Suomi,Prosessikehittäjä,+358142000049,+35840100049,jere.hamalainen,SYN-HYVAKS-000026,,,SMTP:jere.hamalainen@example.invalid,,,fi-FI,Aktiivinen,synthetic-development-data
Äänekoski,Keski-Suomen hyvinvointialue,Tietohallintopalvelut,Kallio Riku,riku.kallio@example.invalid,SYN-HYVAKS-000050,Vakituinen,2024-05-04,Toimipiste,"Hyvinvointialue, Keski-Suomi",Konsernipalvelut,Tietohallinto,Tietohallintopalvelut,Tietohallintopalvelut,"KESKUSKATU 14, 44100 Äänekoski","Toimiala=Konsernipalvelut; Vastuualue=Tietohallinto; Palvelualue=Tietohallintopalvelut; Palveluyksikkö=Tietohallintopalvelut; Toimipiste=KESKUSKATU 14, 44100 Äänekoski",KESKI-SUOMEN HYVINVOINTIALUE,KESKI-SUOMEN HYVINVOINTIALUE,44100,KESKUSKATU 14,Keski-Suomi,Suomi,Laitetukiasiantuntija,+358142000050,+35850100050,riku.kallio,SYN-HYVAKS-000017,,,SMTP:riku.kallio@example.invalid,,,fi-FI,Aktiivinen,synthetic-development-data
Jyväskylä,Keski-Suomen hyvinvointialue,Palveluprosessien digitalisaatio,Uusitalo Tomi,tomi.uusitalo@example.invalid,SYN-HYVAKS-000051,Vakituinen,2010-04-27,Toimipiste,"Hyvinvointialue, Keski-Suomi",Konsernipalvelut,Tietohallinto,Palveluprosessien digitalisaatio,Palveluprosessien digitalisaatio,"HYVINVOINTIKATU 12, 40100 Jyväskylä","Toimiala=Konsernipalvelut; Vastuualue=Tietohallinto; Palvelualue=Palveluprosessien digitalisaatio; Palveluyksikkö=Palveluprosessien digitalisaatio; Toimipiste=HYVINVOINTIKATU 12, 40100 Jyväskylä",KESKI-SUOMEN HYVINVOINTIALUE,KESKI-SUOMEN HYVINVOINTIALUE,40100,HYVINVOINTIKATU 12,Keski-Suomi,Suomi,Tietoasiantuntija,+358142000051,+35840100051,tomi.uusitalo,SYN-HYVAKS-000026,,,SMTP:tomi.uusitalo@example.invalid,,,fi-FI,Aktiivinen,synthetic-development-data
Jyväskylä,Keski-Suomen hyvinvointialue,Tilapalveluiden johtaminen,Mäkinen Sampo,sampo.makinen@example.invalid,SYN-HYVAKS-000052,Vakituinen,2019-11-09,Toimipiste,"Hyvinvointialue, Keski-Suomi",Konsernipalvelut,Tilapalvelut,Tilapalveluiden johtaminen,Tilapalveluiden johtaminen,"HYVINVOINTIKATU 12, 40100 Jyväskylä","Toimiala=Konsernipalvelut; Vastuualue=Tilapalvelut; Palvelualue=Tilapalveluiden johtaminen; Palveluyksikkö=Tilapalveluiden johtaminen; Toimipiste=HYVINVOINTIKATU 12, 40100 Jyväskylä",KESKI-SUOMEN HYVINVOINTIALUE,KESKI-SUOMEN HYVINVOINTIALUE,40100,HYVINVOINTIKATU 12,Keski-Suomi,Suomi,Kiinteistöasiantuntija,+358142000052,+35840100052,sampo.makinen,SYN-HYVAKS-000031,,,SMTP:sampo.makinen@example.invalid,,,fi-FI,Poistuva,synthetic-development-data
Äänekoski,Keski-Suomen hyvinvointialue,Teknologiapalvelut,Rinne Ville,ville.rinne@example.invalid,SYN-HYVAKS-000053,Määräaikainen,2025-02-11,Toimipiste,"Hyvinvointialue, Keski-Suomi",Konsernipalvelut,Tietohallinto,Teknologiapalvelut,Teknologiapalvelut,"KESKUSKATU 14, 44100 Äänekoski","Toimiala=Konsernipalvelut; Vastuualue=Tietohallinto; Palvelualue=Teknologiapalvelut; Palveluyksikkö=Teknologiapalvelut; Toimipiste=KESKUSKATU 14, 44100 Äänekoski",KESKI-SUOMEN HYVINVOINTIALUE,KESKI-SUOMEN HYVINVOINTIALUE,44100,KESKUSKATU 14,Keski-Suomi,Suomi,Palveluarkkitehti,+358142000053,+35845100053,ville.rinne,SYN-HYVAKS-000024,,,SMTP:ville.rinne@example.invalid,,,en-US,Aktiivinen,synthetic-development-data
Jyväskylä,Keski-Suomen hyvinvointialue,Teknologiapalvelut,Heikkilä Eeva,eeva.heikkila@example.invalid,SYN-HYVAKS-000054,Vakituinen,2017-09-29,Toimipiste,"Hyvinvointialue, Keski-Suomi",Konsernipalvelut,Tietohallinto,Teknologiapalvelut,Teknologiapalvelut,"HYVINVOINTIKATU 12, 40100 Jyväskylä","Toimiala=Konsernipalvelut; Vastuualue=Tietohallinto; Palvelualue=Teknologiapalvelut; Palveluyksikkö=Teknologiapalvelut; Toimipiste=HYVINVOINTIKATU 12, 40100 Jyväskylä",KESKI-SUOMEN HYVINVOINTIALUE,KESKI-SUOMEN HYVINVOINTIALUE,40100,HYVINVOINTIKATU 12,Keski-Suomi,Suomi,Järjestelmäasiantuntija,+358142000054,+35845100054,eeva.heikkila,SYN-HYVAKS-000022,,,SMTP:eeva.heikkila@example.invalid,,,fi-FI,Aktiivinen,synthetic-development-data
Äänekoski,Keski-Suomen hyvinvointialue,Teknologiapalvelut,Rantanen Ville,ville.rantanen@example.invalid,SYN-HYVAKS-000055,Osa-aikainen,2011-07-21,Toimipiste,"Hyvinvointialue, Keski-Suomi",Konsernipalvelut,Tietohallinto,Teknologiapalvelut,Teknologiapalvelut,"KESKUSKATU 14, 44100 Äänekoski","Toimiala=Konsernipalvelut; Vastuualue=Tietohallinto; Palvelualue=Teknologiapalvelut; Palveluyksikkö=Teknologiapalvelut; Toimipiste=KESKUSKATU 14, 44100 Äänekoski",KESKI-SUOMEN HYVINVOINTIALUE,KESKI-SUOMEN HYVINVOINTIALUE,44100,KESKUSKATU 14,Keski-Suomi,Suomi,Järjestelmäasiantuntija,+358142000055,+35840100055,ville.rantanen,SYN-HYVAKS-000024,,,SMTP:ville.rantanen@example.invalid,,,en-US,Aktiivinen,synthetic-development-data
Jyväskylä,Keski-Suomen hyvinvointialue,Tietohallintopalvelut,Rantanen Jukka,jukka.rantanen@example.invalid,SYN-HYVAKS-000056,Määräaikainen,2014-11-22,Toimipiste,"Hyvinvointialue, Keski-Suomi",Konsernipalvelut,Tietohallinto,Tietohallintopalvelut,Tietohallintopalvelut,"HOITAJANTIE 1, 40620 Jyväskylä","Toimiala=Konsernipalvelut; Vastuualue=Tietohallinto; Palvelualue=Tietohallintopalvelut; Palveluyksikkö=Tietohallintopalvelut; Toimipiste=HOITAJANTIE 1, 40620 Jyväskylä",KESKI-SUOMEN HYVINVOINTIALUE,KESKI-SUOMEN HYVINVOINTIALUE,40620,HOITAJANTIE 1,Keski-Suomi,Suomi,Tietohallinnon asiantuntija,+358142000056,+35840100056,jukka.rantanen,SYN-HYVAKS-000015,,,SMTP:jukka.rantanen@example.invalid,,,fi-FI,Aktiivinen,synthetic-development-data
Viitasaari,Keski-Suomen hyvinvointialue,Tilapalveluiden johtaminen,Väisänen Eeva,eeva.vaisanen@example.invalid,SYN-HYVAKS-000057,Vakituinen,2007-10-11,Toimipiste,"Hyvinvointialue, Keski-Suomi",Konsernipalvelut,Tilapalvelut,Tilapalveluiden johtaminen,Tilapalveluiden johtaminen,"TERVEYSKESKUKSENTIE 2, 44500 Viitasaari","Toimiala=Konsernipalvelut; Vastuualue=Tilapalvelut; Palvelualue=Tilapalveluiden johtaminen; Palveluyksikkö=Tilapalveluiden johtaminen; Toimipiste=TERVEYSKESKUKSENTIE 2, 44500 Viitasaari",KESKI-SUOMEN HYVINVOINTIALUE,KESKI-SUOMEN HYVINVOINTIALUE,44500,TERVEYSKESKUKSENTIE 2,Keski-Suomi,Suomi,Huoltoinsinööri,+358142000057,+35844100057,eeva.vaisanen,SYN-HYVAKS-000036,,,SMTP:eeva.vaisanen@example.invalid,,,fi-FI,Aktiivinen,synthetic-development-data
Jyväskylä,Keski-Suomen hyvinvointialue,Teknologiapalvelut,Kolehmainen Emilia,emilia.kolehmainen@example.invalid,SYN-HYVAKS-000058,Vakituinen,1998-03-01,Toimipiste,"Hyvinvointialue, Keski-Suomi",Konsernipalvelut,Tietohallinto,Teknologiapalvelut,Teknologiapalvelut,"HYVINVOINTIKATU 12, 40100 Jyväskylä","Toimiala=Konsernipalvelut; Vastuualue=Tietohallinto; Palvelualue=Teknologiapalvelut; Palveluyksikkö=Teknologiapalvelut; Toimipiste=HYVINVOINTIKATU 12, 40100 Jyväskylä",KESKI-SUOMEN HYVINVOINTIALUE,KESKI-SUOMEN HYVINVOINTIALUE,40100,HYVINVOINTIKATU 12,Keski-Suomi,Suomi,Konesaliasiantuntija,+358142000058,+35845100058,emilia.kolehmainen,SYN-HYVAKS-000022,,,SMTP:emilia.kolehmainen@example.invalid,,,fi-FI,Aktiivinen,synthetic-development-data
Äänekoski,Keski-Suomen hyvinvointialue,Tilapalveluiden johtaminen,Moilanen Veera,veera.moilanen@example.invalid,SYN-HYVAKS-000059,Sijainen,2008-02-24,Toimipiste,"Hyvinvointialue, Keski-Suomi",Konsernipalvelut,Tilapalvelut,Tilapalveluiden johtaminen,Tilapalveluiden johtaminen,"KESKUSKATU 14, 44100 Äänekoski","Toimiala=Konsernipalvelut; Vastuualue=Tilapalvelut; Palvelualue=Tilapalveluiden johtaminen; Palveluyksikkö=Tilapalveluiden johtaminen; Toimipiste=KESKUSKATU 14, 44100 Äänekoski",KESKI-SUOMEN HYVINVOINTIALUE,KESKI-SUOMEN HYVINVOINTIALUE,44100,KESKUSKATU 14,Keski-Suomi,Suomi,Kiinteistöasiantuntija,+358142000059,+35845100059,veera.moilanen,SYN-HYVAKS-000033,,,SMTP:veera.moilanen@example.invalid,,,fi-FI,Aktiivinen,synthetic-development-data
Äänekoski,Keski-Suomen hyvinvointialue,Teknologiapalvelut,Nieminen Sari,sari.nieminen@example.invalid,SYN-HYVAKS-000060,Vakituinen,2002-10-05,Toimipiste,"Hyvinvointialue, Keski-Suomi",Konsernipalvelut,Tietohallinto,Teknologiapalvelut,Teknologiapalvelut,"KESKUSKATU 14, 44100 Äänekoski","Toimiala=Konsernipalvelut; Vastuualue=Tietohallinto; Palvelualue=Teknologiapalvelut; Palveluyksikkö=Teknologiapalvelut; Toimipiste=KESKUSKATU 14, 44100 Äänekoski",KESKI-SUOMEN HYVINVOINTIALUE,KESKI-SUOMEN HYVINVOINTIALUE,44100,KESKUSKATU 14,Keski-Suomi,Suomi,Palveluarkkitehti,+358142000060,+35840100060,sari.nieminen,SYN-HYVAKS-000024,,,SMTP:sari.nieminen@example.invalid,,,fi-FI,Aktiivinen,synthetic-development-data
Jyväskylä,Keski-Suomen hyvinvointialue,Projektit ja kehittäminen,Törmänen Saara,saara.tormanen@example.invalid,SYN-HYVAKS-000061,Vakituinen,2017-06-06,Toimipiste,"Hyvinvointialue, Keski-Suomi",Konsernipalvelut,Tietohallinto,Projektit ja kehittäminen,Projektit ja kehittäminen,"HYVINVOINTIKATU 12, 40100 Jyväskylä","Toimiala=Konsernipalvelut; Vastuualue=Tietohallinto; Palvelualue=Projektit ja kehittäminen; Palveluyksikkö=Projektit ja kehittäminen; Toimipiste=HYVINVOINTIKATU 12, 40100 Jyväskylä",KESKI-SUOMEN HYVINVOINTIALUE,KESKI-SUOMEN HYVINVOINTIALUE,40100,HYVINVOINTIKATU 12,Keski-Suomi,Suomi,Projektisuunnittelija,+358142000061,+35845100061,saara.tormanen,SYN-HYVAKS-000020,,,SMTP:saara.tormanen@example.invalid,,,fi-FI,Aktiivinen,synthetic-development-data
Jyväskylä,Keski-Suomen hyvinvointialue,Viestintäpalvelut,Aaltonen Tomi,tomi.aaltonen@example.invalid,SYN-HYVAKS-000062,Vakituinen,2025-07-08,Toimipiste,"Hyvinvointialue, Keski-Suomi",Konsernipalvelut,Viestintäpalvelut,Viestintäpalvelut,Viestintäpalvelut,"HYVINVOINTIKATU 12, 40100 Jyväskylä","Toimiala=Konsernipalvelut; Vastuualue=Viestintäpalvelut; Palvelualue=Viestintäpalvelut; Palveluyksikkö=Viestintäpalvelut; Toimipiste=HYVINVOINTIKATU 12, 40100 Jyväskylä",KESKI-SUOMEN HYVINVOINTIALUE,KESKI-SUOMEN HYVINVOINTIALUE,40100,HYVINVOINTIKATU 12,Keski-Suomi,Suomi,Sisällöntuottaja,+358142000062,+35845100062,tomi.aaltonen,SYN-HYVAKS-000029,,,SMTP:tomi.aaltonen@example.invalid,,,fi-FI,Aktiivinen,synthetic-development-data
Jyväskylä,Keski-Suomen hyvinvointialue,Viestintäpalvelut,Repo Veera,veera.repo@example.invalid,SYN-HYVAKS-000063,Vakituinen,2012-02-27,Toimipiste,"Hyvinvointialue, Keski-Suomi",Konsernipalvelut,Viestintäpalvelut,Viestintäpalvelut,Viestintäpalvelut,"HYVINVOINTIKATU 12, 40100 Jyväskylä","Toimiala=Konsernipalvelut; Vastuualue=Viestintäpalvelut; Palvelualue=Viestintäpalvelut; Palveluyksikkö=Viestintäpalvelut; Toimipiste=HYVINVOINTIKATU 12, 40100 Jyväskylä",KESKI-SUOMEN HYVINVOINTIALUE,KESKI-SUOMEN HYVINVOINTIALUE,40100,HYVINVOINTIKATU 12,Keski-Suomi,Suomi,Sisällöntuottaja,+358142000063,+35844100063,veera.repo,SYN-HYVAKS-000029,,,SMTP:veera.repo@example.invalid,,,fi-FI,Aktiivinen,synthetic-development-data
Jyväskylä,Keski-Suomen hyvinvointialue,Teknologiapalvelut,Hirvonen Riku,riku.hirvonen@example.invalid,SYN-HYVAKS-000064,Määräaikainen,2025-05-30,Toimipiste,"Hyvinvointialue, Keski-Suomi",Konsernipalvelut,Tietohallinto,Teknologiapalvelut,Teknologiapalvelut,"HOITAJANTIE 1, 40620 Jyväskylä","Toimiala=Konsernipalvelut; Vastuualue=Tietohallinto; Palvelualue=Teknologiapalvelut; Palveluyksikkö=Teknologiapalvelut; Toimipiste=HOITAJANTIE 1, 40620 Jyväskylä",KESKI-SUOMEN HYVINVOINTIALUE,KESKI-SUOMEN HYVINVOINTIALUE,40620,HOITAJANTIE 1,Keski-Suomi,Suomi,Palveluarkkitehti,+358142000064,+35840100064,riku.hirvonen,SYN-HYVAKS-000021,,,SMTP:riku.hirvonen@example.invalid,,,fi-FI,Aktiivinen,synthetic-development-data
Jyväskylä,Keski-Suomen hyvinvointialue,Teknologiapalvelut,Repo Anni,anni.repo@example.invalid,SYN-HYVAKS-000065,Määräaikainen,2011-12-27,Toimipiste,"Hyvinvointialue, Keski-Suomi",Konsernipalvelut,Tietohallinto,Teknologiapalvelut,Teknologiapalvelut,"HOITAJANTIE 1, 40620 Jyväskylä","Toimiala=Konsernipalvelut; Vastuualue=Tietohallinto; Palvelualue=Teknologiapalvelut; Palveluyksikkö=Teknologiapalvelut; Toimipiste=HOITAJANTIE 1, 40620 Jyväskylä",KESKI-SUOMEN HYVINVOINTIALUE,KESKI-SUOMEN HYVINVOINTIALUE,40620,HOITAJANTIE 1,Keski-Suomi,Suomi,Verkkoasiantuntija,+358142000065,+35844100065,anni.repo,SYN-HYVAKS-000021,,,SMTP:anni.repo@example.invalid,,,fi-FI,Aktiivinen,synthetic-development-data
Äänekoski,Keski-Suomen hyvinvointialue,Teknologiapalvelut,Törmänen Tuomas,tuomas.tormanen@example.invalid,SYN-HYVAKS-000066,Määräaikainen,2007-11-14,Toimipiste,"Hyvinvointialue, Keski-Suomi",Konsernipalvelut,Tietohallinto,Teknologiapalvelut,Teknologiapalvelut,"KESKUSKATU 14, 44100 Äänekoski","Toimiala=Konsernipalvelut; Vastuualue=Tietohallinto; Palvelualue=Teknologiapalvelut; Palveluyksikkö=Teknologiapalvelut; Toimipiste=KESKUSKATU 14, 44100 Äänekoski",KESKI-SUOMEN HYVINVOINTIALUE,KESKI-SUOMEN HYVINVOINTIALUE,44100,KESKUSKATU 14,Keski-Suomi,Suomi,Verkkoasiantuntija,+358142000066,+35844100066,tuomas.tormanen,SYN-HYVAKS-000024,,,SMTP:tuomas.tormanen@example.invalid,,,fi-FI,Aktiivinen,synthetic-development-data
Jyväskylä,Keski-Suomen hyvinvointialue,Palveluprosessien digitalisaatio,Niemi Laura,laura.niemi@example.invalid,SYN-HYVAKS-000067,Vakituinen,2000-08-03,Toimipiste,"Hyvinvointialue, Keski-Suomi",Konsernipalvelut,Tietohallinto,Palveluprosessien digitalisaatio,Palveluprosessien digitalisaatio,"HOITAJANTIE 1, 40620 Jyväskylä","Toimiala=Konsernipalvelut; Vastuualue=Tietohallinto; Palvelualue=Palveluprosessien digitalisaatio; Palveluyksikkö=Palveluprosessien digitalisaatio; Toimipiste=HOITAJANTIE 1, 40620 Jyväskylä",KESKI-SUOMEN HYVINVOINTIALUE,KESKI-SUOMEN HYVINVOINTIALUE,40620,HOITAJANTIE 1,Keski-Suomi,Suomi,Integraatioasiantuntija,+358142000067,+35844100067,laura.niemi,SYN-HYVAKS-000025,,,SMTP:laura.niemi@example.invalid,,,fi-FI,Aktiivinen,synthetic-development-data
Jyväskylä,Keski-Suomen hyvinvointialue,Viestintäpalvelut,Nykänen Jaana,jaana.nykanen@example.invalid,SYN-HYVAKS-000068,Vakituinen,2004-08-03,Toimipiste,"Hyvinvointialue, Keski-Suomi",Konsernipalvelut,Viestintäpalvelut,Viestintäpalvelut,Viestintäpalvelut,"HYVINVOINTIKATU 12, 40100 Jyväskylä","Toimiala=Konsernipalvelut; Vastuualue=Viestintäpalvelut; Palvelualue=Viestintäpalvelut; Palveluyksikkö=Viestintäpalvelut; Toimipiste=HYVINVOINTIKATU 12, 40100 Jyväskylä",KESKI-SUOMEN HYVINVOINTIALUE,KESKI-SUOMEN HYVINVOINTIALUE,40100,HYVINVOINTIKATU 12,Keski-Suomi,Suomi,Viestintäasiantuntija,+358142000068,+35840100068,jaana.nykanen,SYN-HYVAKS-000029,,,SMTP:jaana.nykanen@example.invalid,,,fi-FI,Aktiivinen,synthetic-development-data
Jyväskylä,Keski-Suomen hyvinvointialue,Viestintäpalvelut,Hakala Juha,juha.hakala@example.invalid,SYN-HYVAKS-000069,Vakituinen,2016-02-02,Toimipiste,"Hyvinvointialue, Keski-Suomi",Konsernipalvelut,Viestintäpalvelut,Viestintäpalvelut,Viestintäpalvelut,"HYVINVOINTIKATU 12, 40100 Jyväskylä","Toimiala=Konsernipalvelut; Vastuualue=Viestintäpalvelut; Palvelualue=Viestintäpalvelut; Palveluyksikkö=Viestintäpalvelut; Toimipiste=HYVINVOINTIKATU 12, 40100 Jyväskylä",KESKI-SUOMEN HYVINVOINTIALUE,KESKI-SUOMEN HYVINVOINTIALUE,40100,HYVINVOINTIKATU 12,Keski-Suomi,Suomi,Viestintäasiantuntija,+358142000069,+35844100069,juha.hakala,SYN-HYVAKS-000029,,,SMTP:juha.hakala@example.invalid,,,fi-FI,Aktiivinen,synthetic-development-data
Jyväskylä,Keski-Suomen hyvinvointialue,Teknologiapalvelut,Manninen Eeva,eeva.manninen@example.invalid,SYN-HYVAKS-000070,Vakituinen,2026-02-14,Toimipiste,"Hyvinvointialue, Keski-Suomi",Konsernipalvelut,Tietohallinto,Teknologiapalvelut,Teknologiapalvelut,"HYVINVOINTIKATU 12, 40100 Jyväskylä","Toimiala=Konsernipalvelut; Vastuualue=Tietohallinto; Palvelualue=Teknologiapalvelut; Palveluyksikkö=Teknologiapalvelut; Toimipiste=HYVINVOINTIKATU 12, 40100 Jyväskylä",KESKI-SUOMEN HYVINVOINTIALUE,KESKI-SUOMEN HYVINVOINTIALUE,40100,HYVINVOINTIKATU 12,Keski-Suomi,Suomi,Palveluarkkitehti,+358142000070,+35844100070,eeva.manninen,SYN-HYVAKS-000022,,,SMTP:eeva.manninen@example.invalid,,,fi-FI,Aktiivinen,synthetic-development-data
Keuruu,Keski-Suomen hyvinvointialue,Tilapalveluiden johtaminen,Vuorinen Katri,katri.vuorinen@example.invalid,SYN-HYVAKS-000071,Vakituinen,2026-07-19,Toimipiste,"Hyvinvointialue, Keski-Suomi",Konsernipalvelut,Tilapalvelut,Tilapalveluiden johtaminen,Tilapalveluiden johtaminen,"PALVELUTIE 3, 42700 Keuruu","Toimiala=Konsernipalvelut; Vastuualue=Tilapalvelut; Palvelualue=Tilapalveluiden johtaminen; Palveluyksikkö=Tilapalveluiden johtaminen; Toimipiste=PALVELUTIE 3, 42700 Keuruu",KESKI-SUOMEN HYVINVOINTIALUE,KESKI-SUOMEN HYVINVOINTIALUE,42700,PALVELUTIE 3,Keski-Suomi,Suomi,Huoltoinsinööri,+358142000071,+35850100071,katri.vuorinen,SYN-HYVAKS-000034,,,SMTP:katri.vuorinen@example.invalid,,,fi-FI,Aktiivinen,synthetic-development-data
Jyväskylä,Keski-Suomen hyvinvointialue,Palveluprosessien digitalisaatio,Seppälä Elina,elina.seppala@example.invalid,SYN-HYVAKS-000072,Vakituinen,2005-10-28,Toimipiste,"Hyvinvointialue, Keski-Suomi",Konsernipalvelut,Tietohallinto,Palveluprosessien digitalisaatio,Palveluprosessien digitalisaatio,"HOITAJANTIE 1, 40620 Jyväskylä","Toimiala=Konsernipalvelut; Vastuualue=Tietohallinto; Palvelualue=Palveluprosessien digitalisaatio; Palveluyksikkö=Palveluprosessien digitalisaatio; Toimipiste=HOITAJANTIE 1, 40620 Jyväskylä",KESKI-SUOMEN HYVINVOINTIALUE,KESKI-SUOMEN HYVINVOINTIALUE,40620,HOITAJANTIE 1,Keski-Suomi,Suomi,Prosessikehittäjä,+358142000072,+35845100072,elina.seppala,SYN-HYVAKS-000025,,,SMTP:elina.seppala@example.invalid,,,fi-FI,Passiivinen,synthetic-development-data
Jyväskylä,Keski-Suomen hyvinvointialue,Projektit ja kehittäminen,Ylitalo Paula,paula.ylitalo@example.invalid,SYN-HYVAKS-000073,Vakituinen,2023-08-17,Toimipiste,"Hyvinvointialue, Keski-Suomi",Konsernipalvelut,Tietohallinto,Projektit ja kehittäminen,Projektit ja kehittäminen,"HOITAJANTIE 1, 40620 Jyväskylä","Toimiala=Konsernipalvelut; Vastuualue=Tietohallinto; Palvelualue=Projektit ja kehittäminen; Palveluyksikkö=Projektit ja kehittäminen; Toimipiste=HOITAJANTIE 1, 40620 Jyväskylä",KESKI-SUOMEN HYVINVOINTIALUE,KESKI-SUOMEN HYVINVOINTIALUE,40620,HOITAJANTIE 1,Keski-Suomi,Suomi,Tuoteomistaja,+358142000073,+35840100073,paula.ylitalo,SYN-HYVAKS-000019,,,SMTP:paula.ylitalo@example.invalid,,,fi-FI,Aktiivinen,synthetic-development-data
Jämsä,Keski-Suomen hyvinvointialue,Tilapalveluiden johtaminen,Ojala Eeva,eeva.ojala@example.invalid,SYN-HYVAKS-000074,Vakituinen,2004-07-11,Toimipiste,"Hyvinvointialue, Keski-Suomi",Konsernipalvelut,Tilapalvelut,Tilapalveluiden johtaminen,Tilapalveluiden johtaminen,"SAIRAALANTIE 8, 42100 Jämsä","Toimiala=Konsernipalvelut; Vastuualue=Tilapalvelut; Palvelualue=Tilapalveluiden johtaminen; Palveluyksikkö=Tilapalveluiden johtaminen; Toimipiste=SAIRAALANTIE 8, 42100 Jämsä",KESKI-SUOMEN HYVINVOINTIALUE,KESKI-SUOMEN HYVINVOINTIALUE,42100,SAIRAALANTIE 8,Keski-Suomi,Suomi,Huoltoinsinööri,+358142000074,+35844100074,eeva.ojala,SYN-HYVAKS-000032,,,SMTP:eeva.ojala@example.invalid,,,fi-FI,Aktiivinen,synthetic-development-data
Jyväskylä,Keski-Suomen hyvinvointialue,Projektit ja kehittäminen,Tuominen Jaana,jaana.tuominen@example.invalid,SYN-HYVAKS-000075,Vakituinen,2022-11-04,Toimipiste,"Hyvinvointialue, Keski-Suomi",Konsernipalvelut,Tietohallinto,Projektit ja kehittäminen,Projektit ja kehittäminen,"HYVINVOINTIKATU 12, 40100 Jyväskylä","Toimiala=Konsernipalvelut; Vastuualue=Tietohallinto; Palvelualue=Projektit ja kehittäminen; Palveluyksikkö=Projektit ja kehittäminen; Toimipiste=HYVINVOINTIKATU 12, 40100 Jyväskylä",KESKI-SUOMEN HYVINVOINTIALUE,KESKI-SUOMEN HYVINVOINTIALUE,40100,HYVINVOINTIKATU 12,Keski-Suomi,Suomi,Tuoteomistaja,+358142000075,+35840100075,jaana.tuominen,SYN-HYVAKS-000020,,,SMTP:jaana.tuominen@example.invalid,,,fi-FI,Aktiivinen,synthetic-development-data
Jyväskylä,Keski-Suomen hyvinvointialue,Palveluprosessien digitalisaatio,Aaltonen Anni,anni.aaltonen@example.invalid,SYN-HYVAKS-000076,Vakituinen,1999-05-27,Toimipiste,"Hyvinvointialue, Keski-Suomi",Konsernipalvelut,Tietohallinto,Palveluprosessien digitalisaatio,Palveluprosessien digitalisaatio,"HOITAJANTIE 1, 40620 Jyväskylä","Toimiala=Konsernipalvelut; Vastuualue=Tietohallinto; Palvelualue=Palveluprosessien digitalisaatio; Palveluyksikkö=Palveluprosessien digitalisaatio; Toimipiste=HOITAJANTIE 1, 40620 Jyväskylä",KESKI-SUOMEN HYVINVOINTIALUE,KESKI-SUOMEN HYVINVOINTIALUE,40620,HOITAJANTIE 1,Keski-Suomi,Suomi,Integraatioasiantuntija,+358142000076,+35840100076,anni.aaltonen,SYN-HYVAKS-000025,,,SMTP:anni.aaltonen@example.invalid,,,fi-FI,Aktiivinen,synthetic-development-data
Jyväskylä,Keski-Suomen hyvinvointialue,Projektit ja kehittäminen,Uusitalo Meri,meri.uusitalo@example.invalid,SYN-HYVAKS-000077,Vakituinen,2005-10-17,Toimipiste,"Hyvinvointialue, Keski-Suomi",Konsernipalvelut,Tietohallinto,Projektit ja kehittäminen,Projektit ja kehittäminen,"HOITAJANTIE 1, 40620 Jyväskylä","Toimiala=Konsernipalvelut; Vastuualue=Tietohallinto; Palvelualue=Projektit ja kehittäminen; Palveluyksikkö=Projektit ja kehittäminen; Toimipiste=HOITAJANTIE 1, 40620 Jyväskylä",KESKI-SUOMEN HYVINVOINTIALUE,KESKI-SUOMEN HYVINVOINTIALUE,40620,HOITAJANTIE 1,Keski-Suomi,Suomi,Projektisuunnittelija,+358142000077,+35850100077,meri.uusitalo,SYN-HYVAKS-000019,,,SMTP:meri.uusitalo@example.invalid,,,fi-FI,Aktiivinen,synthetic-development-data
Jyväskylä,Keski-Suomen hyvinvointialue,Teknologiapalvelut,Järvinen Tuula,tuula.jarvinen@example.invalid,SYN-HYVAKS-000078,Vakituinen,2025-06-22,Toimipiste,"Hyvinvointialue, Keski-Suomi",Konsernipalvelut,Tietohallinto,Teknologiapalvelut,Teknologiapalvelut,"HOITAJANTIE 1, 40620 Jyväskylä","Toimiala=Konsernipalvelut; Vastuualue=Tietohallinto; Palvelualue=Teknologiapalvelut; Palveluyksikkö=Teknologiapalvelut; Toimipiste=HOITAJANTIE 1, 40620 Jyväskylä",KESKI-SUOMEN HYVINVOINTIALUE,KESKI-SUOMEN HYVINVOINTIALUE,40620,HOITAJANTIE 1,Keski-Suomi,Suomi,Järjestelmäasiantuntija,+358142000078,+35844100078,tuula.jarvinen,SYN-HYVAKS-000021,,,SMTP:tuula.jarvinen@example.invalid,,,fi-FI,Aktiivinen,synthetic-development-data
Jyväskylä,Keski-Suomen hyvinvointialue,Projektit ja kehittäminen,Salonen Mikael,mikael.salonen@example.invalid,SYN-HYVAKS-000079,Vakituinen,2018-06-23,Toimipiste,"Hyvinvointialue, Keski-Suomi",Konsernipalvelut,Tietohallinto,Projektit ja kehittäminen,Projektit ja kehittäminen,"HYVINVOINTIKATU 12, 40100 Jyväskylä","Toimiala=Konsernipalvelut; Vastuualue=Tietohallinto; Palvelualue=Projektit ja kehittäminen; Palveluyksikkö=Projektit ja kehittäminen; Toimipiste=HYVINVOINTIKATU 12, 40100 Jyväskylä",KESKI-SUOMEN HYVINVOINTIALUE,KESKI-SUOMEN HYVINVOINTIALUE,40100,HYVINVOINTIKATU 12,Keski-Suomi,Suomi,Tuoteomistaja,+358142000079,+35850100079,mikael.salonen,SYN-HYVAKS-000020,,,SMTP:mikael.salonen@example.invalid,,,fi-FI,Aktiivinen,synthetic-development-data
Karstula,Keski-Suomen hyvinvointialue,Tilapalveluiden johtaminen,Karjalainen Mikael,mikael.karjalainen@example.invalid,SYN-HYVAKS-000080,Vakituinen,2024-11-10,Toimipiste,"Hyvinvointialue, Keski-Suomi",Konsernipalvelut,Tilapalvelut,Tilapalveluiden johtaminen,Tilapalveluiden johtaminen,"HYVINVOINTITIE 6, 43500 Karstula","Toimiala=Konsernipalvelut; Vastuualue=Tilapalvelut; Palvelualue=Tilapalveluiden johtaminen; Palveluyksikkö=Tilapalveluiden johtaminen; Toimipiste=HYVINVOINTITIE 6, 43500 Karstula",KESKI-SUOMEN HYVINVOINTIALUE,KESKI-SUOMEN HYVINVOINTIALUE,43500,HYVINVOINTITIE 6,Keski-Suomi,Suomi,Kiinteistöasiantuntija,+358142000080,+35850100080,mikael.karjalainen,SYN-HYVAKS-000035,,,SMTP:mikael.karjalainen@example.invalid,,,fi-FI,Aktiivinen,synthetic-development-data
Jyväskylä,Keski-Suomen hyvinvointialue,Palveluprosessien digitalisaatio,Kolehmainen Sari,sari.kolehmainen@example.invalid,SYN-HYVAKS-000081,Vakituinen,2025-02-10,Toimipiste,"Hyvinvointialue, Keski-Suomi",Konsernipalvelut,Tietohallinto,Palveluprosessien digitalisaatio,Palveluprosessien digitalisaatio,"HYVINVOINTIKATU 12, 40100 Jyväskylä","Toimiala=Konsernipalvelut; Vastuualue=Tietohallinto; Palvelualue=Palveluprosessien digitalisaatio; Palveluyksikkö=Palveluprosessien digitalisaatio; Toimipiste=HYVINVOINTIKATU 12, 40100 Jyväskylä",KESKI-SUOMEN HYVINVOINTIALUE,KESKI-SUOMEN HYVINVOINTIALUE,40100,HYVINVOINTIKATU 12,Keski-Suomi,Suomi,Integraatioasiantuntija,+358142000081,+35850100081,sari.kolehmainen,SYN-HYVAKS-000026,,,SMTP:sari.kolehmainen@example.invalid,,,fi-FI,Aktiivinen,synthetic-development-data
Jyväskylä,Keski-Suomen hyvinvointialue,Palveluprosessien digitalisaatio,Karjalainen Mika,mika.karjalainen@example.invalid,SYN-HYVAKS-000082,Vakituinen,2008-03-28,Toimipiste,"Hyvinvointialue, Keski-Suomi",Konsernipalvelut,Tietohallinto,Palveluprosessien digitalisaatio,Palveluprosessien digitalisaatio,"HOITAJANTIE 1, 40620 Jyväskylä","Toimiala=Konsernipalvelut; Vastuualue=Tietohallinto; Palvelualue=Palveluprosessien digitalisaatio; Palveluyksikkö=Palveluprosessien digitalisaatio; Toimipiste=HOITAJANTIE 1, 40620 Jyväskylä",KESKI-SUOMEN HYVINVOINTIALUE,KESKI-SUOMEN HYVINVOINTIALUE,40620,HOITAJANTIE 1,Keski-Suomi,Suomi,Integraatioasiantuntija,+358142000082,+35840100082,mika.karjalainen,SYN-HYVAKS-000025,,,SMTP:mika.karjalainen@example.invalid,,,fi-FI,Aktiivinen,synthetic-development-data
Laukaa,Keski-Suomen hyvinvointialue,Palveluprosessien digitalisaatio,Nykänen Leena,leena.nykanen@example.invalid,SYN-HYVAKS-000083,Vakituinen,2005-08-23,Toimipiste,"Hyvinvointialue, Keski-Suomi",Konsernipalvelut,Tietohallinto,Palveluprosessien digitalisaatio,Palveluprosessien digitalisaatio,"TERVEYSTIE 5, 41340 Laukaa","Toimiala=Konsernipalvelut; Vastuualue=Tietohallinto; Palvelualue=Palveluprosessien digitalisaatio; Palveluyksikkö=Palveluprosessien digitalisaatio; Toimipiste=TERVEYSTIE 5, 41340 Laukaa",KESKI-SUOMEN HYVINVOINTIALUE,KESKI-SUOMEN HYVINVOINTIALUE,41340,TERVEYSTIE 5,Keski-Suomi,Suomi,Integraatioasiantuntija,+358142000083,+35850100083,leena.nykanen,SYN-HYVAKS-000027,,,SMTP:leena.nykanen@example.invalid,,,fi-FI,Aktiivinen,synthetic-development-data
Jämsä,Keski-Suomen hyvinvointialue,Teknologiapalvelut,Seppälä Ville,ville.seppala@example.invalid,SYN-HYVAKS-000084,Vakituinen,2025-07-23,Toimipiste,"Hyvinvointialue, Keski-Suomi",Konsernipalvelut,Tietohallinto,Teknologiapalvelut,Teknologiapalvelut,"SAIRAALANTIE 8, 42100 Jämsä","Toimiala=Konsernipalvelut; Vastuualue=Tietohallinto; Palvelualue=Teknologiapalvelut; Palveluyksikkö=Teknologiapalvelut; Toimipiste=SAIRAALANTIE 8, 42100 Jämsä",KESKI-SUOMEN HYVINVOINTIALUE,KESKI-SUOMEN HYVINVOINTIALUE,42100,SAIRAALANTIE 8,Keski-Suomi,Suomi,Verkkoasiantuntija,+358142000084,+35850100084,ville.seppala,SYN-HYVAKS-000023,,,SMTP:ville.seppala@example.invalid,,,fi-FI,Aktiivinen,synthetic-development-data
Jyväskylä,Keski-Suomen hyvinvointialue,Tietohallinto yhteiset,Koskela Sari,sari.koskela@example.invalid,SYN-HYVAKS-000085,Vakituinen,1999-10-06,Toimipiste,"Hyvinvointialue, Keski-Suomi",Konsernipalvelut,Tietohallinto,Tietohallinto yhteiset,Tietohallinto yhteiset,"HOITAJANTIE 1, 40620 Jyväskylä","Toimiala=Konsernipalvelut; Vastuualue=Tietohallinto; Palvelualue=Tietohallinto yhteiset; Palveluyksikkö=Tietohallinto yhteiset; Toimipiste=HOITAJANTIE 1, 40620 Jyväskylä",KESKI-SUOMEN HYVINVOINTIALUE,KESKI-SUOMEN HYVINVOINTIALUE,40620,HOITAJANTIE 1,Keski-Suomi,Suomi,Johdon assistentti,+358142000085,+35844100085,sari.koskela,SYN-HYVAKS-000013,,,SMTP:sari.koskela@example.invalid,,,fi-FI,Aktiivinen,synthetic-development-data
Jyväskylä,Keski-Suomen hyvinvointialue,Teknologiapalvelut,Seppälä Janne,janne.seppala@example.invalid,SYN-HYVAKS-000086,Vakituinen,2015-07-05,Toimipiste,"Hyvinvointialue, Keski-Suomi",Konsernipalvelut,Tietohallinto,Teknologiapalvelut,Teknologiapalvelut,"HYVINVOINTIKATU 12, 40100 Jyväskylä","Toimiala=Konsernipalvelut; Vastuualue=Tietohallinto; Palvelualue=Teknologiapalvelut; Palveluyksikkö=Teknologiapalvelut; Toimipiste=HYVINVOINTIKATU 12, 40100 Jyväskylä",KESKI-SUOMEN HYVINVOINTIALUE,KESKI-SUOMEN HYVINVOINTIALUE,40100,HYVINVOINTIKATU 12,Keski-Suomi,Suomi,Konesaliasiantuntija,+358142000086,+35845100086,janne.seppala,SYN-HYVAKS-000022,,,SMTP:janne.seppala@example.invalid,,,fi-FI,Aktiivinen,synthetic-development-data
Jyväskylä,Keski-Suomen hyvinvointialue,Teknologiapalvelut,Ylitalo Pekka,pekka.ylitalo@example.invalid,SYN-HYVAKS-000087,Vakituinen,1998-07-21,Toimipiste,"Hyvinvointialue, Keski-Suomi",Konsernipalvelut,Tietohallinto,Teknologiapalvelut,Teknologiapalvelut,"HOITAJANTIE 1, 40620 Jyväskylä","Toimiala=Konsernipalvelut; Vastuualue=Tietohallinto; Palvelualue=Teknologiapalvelut; Palveluyksikkö=Teknologiapalvelut; Toimipiste=HOITAJANTIE 1, 40620 Jyväskylä",KESKI-SUOMEN HYVINVOINTIALUE,KESKI-SUOMEN HYVINVOINTIALUE,40620,HOITAJANTIE 1,Keski-Suomi,Suomi,Tietoturva-asiantuntija,+358142000087,+35845100087,pekka.ylitalo,SYN-HYVAKS-000021,,,SMTP:pekka.ylitalo@example.invalid,,,fi-FI,Aktiivinen,synthetic-development-data
Karstula,Keski-Suomen hyvinvointialue,Tilapalveluiden johtaminen,Salminen Eeva,eeva.salminen@example.invalid,SYN-HYVAKS-000088,Vakituinen,2023-02-07,Toimipiste,"Hyvinvointialue, Keski-Suomi",Konsernipalvelut,Tilapalvelut,Tilapalveluiden johtaminen,Tilapalveluiden johtaminen,"HYVINVOINTITIE 6, 43500 Karstula","Toimiala=Konsernipalvelut; Vastuualue=Tilapalvelut; Palvelualue=Tilapalveluiden johtaminen; Palveluyksikkö=Tilapalveluiden johtaminen; Toimipiste=HYVINVOINTITIE 6, 43500 Karstula",KESKI-SUOMEN HYVINVOINTIALUE,KESKI-SUOMEN HYVINVOINTIALUE,43500,HYVINVOINTITIE 6,Keski-Suomi,Suomi,Kiinteistöasiantuntija,+358142000088,+35850100088,eeva.salminen,SYN-HYVAKS-000035,,,SMTP:eeva.salminen@example.invalid,,,fi-FI,Aktiivinen,synthetic-development-data
Laukaa,Keski-Suomen hyvinvointialue,Palveluprosessien digitalisaatio,Hirvonen Antti,antti.hirvonen@example.invalid,SYN-HYVAKS-000089,Sijainen,2006-06-09,Toimipiste,"Hyvinvointialue, Keski-Suomi",Konsernipalvelut,Tietohallinto,Palveluprosessien digitalisaatio,Palveluprosessien digitalisaatio,"TERVEYSTIE 5, 41340 Laukaa","Toimiala=Konsernipalvelut; Vastuualue=Tietohallinto; Palvelualue=Palveluprosessien digitalisaatio; Palveluyksikkö=Palveluprosessien digitalisaatio; Toimipiste=TERVEYSTIE 5, 41340 Laukaa",KESKI-SUOMEN HYVINVOINTIALUE,KESKI-SUOMEN HYVINVOINTIALUE,41340,TERVEYSTIE 5,Keski-Suomi,Suomi,Integraatioasiantuntija,+358142000089,+35840100089,antti.hirvonen,SYN-HYVAKS-000027,,,SMTP:antti.hirvonen@example.invalid,,,fi-FI,Aktiivinen,synthetic-development-data
Jyväskylä,Keski-Suomen hyvinvointialue,Palveluprosessien digitalisaatio,Vainio Tiina,tiina.vainio@example.invalid,SYN-HYVAKS-000090,Vakituinen,2002-10-15,Toimipiste,"Hyvinvointialue, Keski-Suomi",Konsernipalvelut,Tietohallinto,Palveluprosessien digitalisaatio,Palveluprosessien digitalisaatio,"HOITAJANTIE 1, 40620 Jyväskylä","Toimiala=Konsernipalvelut; Vastuualue=Tietohallinto; Palvelualue=Palveluprosessien digitalisaatio; Palveluyksikkö=Palveluprosessien digitalisaatio; Toimipiste=HOITAJANTIE 1, 40620 Jyväskylä",KESKI-SUOMEN HYVINVOINTIALUE,KESKI-SUOMEN HYVINVOINTIALUE,40620,HOITAJANTIE 1,Keski-Suomi,Suomi,Tietoasiantuntija,+358142000090,+35840100090,tiina.vainio,SYN-HYVAKS-000025,,,SMTP:tiina.vainio@example.invalid,,,fi-FI,Aktiivinen,synthetic-development-data
Jyväskylä,Keski-Suomen hyvinvointialue,Viestintäpalvelut,Savolainen Sampo,sampo.savolainen@example.invalid,SYN-HYVAKS-000091,Sijainen,2018-07-07,Toimipiste,"Hyvinvointialue, Keski-Suomi",Konsernipalvelut,Viestintäpalvelut,Viestintäpalvelut,Viestintäpalvelut,"HOITAJANTIE 1, 40620 Jyväskylä","Toimiala=Konsernipalvelut; Vastuualue=Viestintäpalvelut; Palvelualue=Viestintäpalvelut; Palveluyksikkö=Viestintäpalvelut; Toimipiste=HOITAJANTIE 1, 40620 Jyväskylä",KESKI-SUOMEN HYVINVOINTIALUE,KESKI-SUOMEN HYVINVOINTIALUE,40620,HOITAJANTIE 1,Keski-Suomi,Suomi,Viestintäasiantuntija,+358142000091,+35850100091,sampo.savolainen,SYN-HYVAKS-000028,,,SMTP:sampo.savolainen@example.invalid,,,fi-FI,Aktiivinen,synthetic-development-data
Äänekoski,Keski-Suomen hyvinvointialue,Tietohallintopalvelut,Peltonen Katri,katri.peltonen@example.invalid,SYN-HYVAKS-000092,Vakituinen,2020-01-01,Toimipiste,"Hyvinvointialue, Keski-Suomi",Konsernipalvelut,Tietohallinto,Tietohallintopalvelut,Tietohallintopalvelut,"KESKUSKATU 14, 44100 Äänekoski","Toimiala=Konsernipalvelut; Vastuualue=Tietohallinto; Palvelualue=Tietohallintopalvelut; Palveluyksikkö=Tietohallintopalvelut; Toimipiste=KESKUSKATU 14, 44100 Äänekoski",KESKI-SUOMEN HYVINVOINTIALUE,KESKI-SUOMEN HYVINVOINTIALUE,44100,KESKUSKATU 14,Keski-Suomi,Suomi,Laitetukiasiantuntija,+358142000092,+35850100092,katri.peltonen,SYN-HYVAKS-000017,,,SMTP:katri.peltonen@example.invalid,,,fi-FI,Aktiivinen,synthetic-development-data
Jyväskylä,Keski-Suomen hyvinvointialue,Projektit ja kehittäminen,Rantanen Olli,olli.rantanen@example.invalid,SYN-HYVAKS-000093,Vakituinen,2014-07-22,Toimipiste,"Hyvinvointialue, Keski-Suomi",Konsernipalvelut,Tietohallinto,Projektit ja kehittäminen,Projektit ja kehittäminen,"HYVINVOINTIKATU 12, 40100 Jyväskylä","Toimiala=Konsernipalvelut; Vastuualue=Tietohallinto; Palvelualue=Projektit ja kehittäminen; Palveluyksikkö=Projektit ja kehittäminen; Toimipiste=HYVINVOINTIKATU 12, 40100 Jyväskylä",KESKI-SUOMEN HYVINVOINTIALUE,KESKI-SUOMEN HYVINVOINTIALUE,40100,HYVINVOINTIKATU 12,Keski-Suomi,Suomi,Tuoteomistaja,+358142000093,+35844100093,olli.rantanen,SYN-HYVAKS-000020,,,SMTP:olli.rantanen@example.invalid,,,en-US,Aktiivinen,synthetic-development-data
Jämsä,Keski-Suomen hyvinvointialue,Tilapalveluiden johtaminen,Hämäläinen Heikki,heikki.hamalainen@example.invalid,SYN-HYVAKS-000094,Vakituinen,2020-03-06,Toimipiste,"Hyvinvointialue, Keski-Suomi",Konsernipalvelut,Tilapalvelut,Tilapalveluiden johtaminen,Tilapalveluiden johtaminen,"SAIRAALANTIE 8, 42100 Jämsä","Toimiala=Konsernipalvelut; Vastuualue=Tilapalvelut; Palvelualue=Tilapalveluiden johtaminen; Palveluyksikkö=Tilapalveluiden johtaminen; Toimipiste=SAIRAALANTIE 8, 42100 Jämsä",KESKI-SUOMEN HYVINVOINTIALUE,KESKI-SUOMEN HYVINVOINTIALUE,42100,SAIRAALANTIE 8,Keski-Suomi,Suomi,Kiinteistöasiantuntija,+358142000094,+35844100094,heikki.hamalainen,SYN-HYVAKS-000032,,,SMTP:heikki.hamalainen@example.invalid,,,fi-FI,Aktiivinen,synthetic-development-data
Jyväskylä,Keski-Suomen hyvinvointialue,Tietohallinto yhteiset,Räsänen Paula,paula.rasanen@example.invalid,SYN-HYVAKS-000095,Vakituinen,2007-04-27,Toimipiste,"Hyvinvointialue, Keski-Suomi",Konsernipalvelut,Tietohallinto,Tietohallinto yhteiset,Tietohallinto yhteiset,"HOITAJANTIE 1, 40620 Jyväskylä","Toimiala=Konsernipalvelut; Vastuualue=Tietohallinto; Palvelualue=Tietohallinto yhteiset; Palveluyksikkö=Tietohallinto yhteiset; Toimipiste=HOITAJANTIE 1, 40620 Jyväskylä",KESKI-SUOMEN HYVINVOINTIALUE,KESKI-SUOMEN HYVINVOINTIALUE,40620,HOITAJANTIE 1,Keski-Suomi,Suomi,Tietohallinnon suunnittelija,+358142000095,+35844100095,paula.rasanen,SYN-HYVAKS-000013,,,SMTP:paula.rasanen@example.invalid,,,fi-FI,Aktiivinen,synthetic-development-data
Jyväskylä,Keski-Suomen hyvinvointialue,Tietohallintopalvelut,Ylitalo Outi,outi.ylitalo@example.invalid,SYN-HYVAKS-000096,Vakituinen,2012-10-07,Toimipiste,"Hyvinvointialue, Keski-Suomi",Konsernipalvelut,Tietohallinto,Tietohallintopalvelut,Tietohallintopalvelut,"HOITAJANTIE 1, 40620 Jyväskylä","Toimiala=Konsernipalvelut; Vastuualue=Tietohallinto; Palvelualue=Tietohallintopalvelut; Palveluyksikkö=Tietohallintopalvelut; Toimipiste=HOITAJANTIE 1, 40620 Jyväskylä",KESKI-SUOMEN HYVINVOINTIALUE,KESKI-SUOMEN HYVINVOINTIALUE,40620,HOITAJANTIE 1,Keski-Suomi,Suomi,Käyttäjätukiasiantuntija,+358142000096,+35850100096,outi.ylitalo,SYN-HYVAKS-000015,,,SMTP:outi.ylitalo@example.invalid,,,fi-FI,Aktiivinen,synthetic-development-data
Jyväskylä,Keski-Suomen hyvinvointialue,Teknologiapalvelut,Lahtinen Satu,satu.lahtinen@example.invalid,SYN-HYVAKS-000097,Vakituinen,2000-08-15,Toimipiste,"Hyvinvointialue, Keski-Suomi",Konsernipalvelut,Tietohallinto,Teknologiapalvelut,Teknologiapalvelut,"HOITAJANTIE 1, 40620 Jyväskylä","Toimiala=Konsernipalvelut; Vastuualue=Tietohallinto; Palvelualue=Teknologiapalvelut; Palveluyksikkö=Teknologiapalvelut; Toimipiste=HOITAJANTIE 1, 40620 Jyväskylä",KESKI-SUOMEN HYVINVOINTIALUE,KESKI-SUOMEN HYVINVOINTIALUE,40620,HOITAJANTIE 1,Keski-Suomi,Suomi,Teknologia-asiantuntija,+358142000097,+35850100097,satu.lahtinen,SYN-HYVAKS-000021,,,SMTP:satu.lahtinen@example.invalid,,,fi-FI,Aktiivinen,synthetic-development-data
Jyväskylä,Keski-Suomen hyvinvointialue,Viestintäpalvelut,Kallio Markus,markus.kallio@example.invalid,SYN-HYVAKS-000098,Vakituinen,2024-01-10,Toimipiste,"Hyvinvointialue, Keski-Suomi",Konsernipalvelut,Viestintäpalvelut,Viestintäpalvelut,Viestintäpalvelut,"HYVINVOINTIKATU 12, 40100 Jyväskylä","Toimiala=Konsernipalvelut; Vastuualue=Viestintäpalvelut; Palvelualue=Viestintäpalvelut; Palveluyksikkö=Viestintäpalvelut; Toimipiste=HYVINVOINTIKATU 12, 40100 Jyväskylä",KESKI-SUOMEN HYVINVOINTIALUE,KESKI-SUOMEN HYVINVOINTIALUE,40100,HYVINVOINTIKATU 12,Keski-Suomi,Suomi,Sisällöntuottaja,+358142000098,+35850100098,markus.kallio,SYN-HYVAKS-000029,,,SMTP:markus.kallio@example.invalid,,,en-US,Aktiivinen,synthetic-development-data
Jyväskylä,Keski-Suomen hyvinvointialue,Tietohallinto yhteiset,Toivonen Emilia,emilia.toivonen@example.invalid,SYN-HYVAKS-000099,Vakituinen,2004-09-04,Toimipiste,"Hyvinvointialue, Keski-Suomi",Konsernipalvelut,Tietohallinto,Tietohallinto yhteiset,Tietohallinto yhteiset,"HYVINVOINTIKATU 12, 40100 Jyväskylä","Toimiala=Konsernipalvelut; Vastuualue=Tietohallinto; Palvelualue=Tietohallinto yhteiset; Palveluyksikkö=Tietohallinto yhteiset; Toimipiste=HYVINVOINTIKATU 12, 40100 Jyväskylä",KESKI-SUOMEN HYVINVOINTIALUE,KESKI-SUOMEN HYVINVOINTIALUE,40100,HYVINVOINTIKATU 12,Keski-Suomi,Suomi,Tietohallinnon suunnittelija,+358142000099,+35845100099,emilia.toivonen,SYN-HYVAKS-000014,,,SMTP:emilia.toivonen@example.invalid,,,fi-FI,Aktiivinen,synthetic-development-data
Jyväskylä,Keski-Suomen hyvinvointialue,Viestintäpalvelut,Roiha Sakari,sakari.roiha@example.invalid,SYN-HYVAKS-000100,Vakituinen,2008-07-31,Toimipiste,"Hyvinvointialue, Keski-Suomi",Konsernipalvelut,Viestintäpalvelut,Viestintäpalvelut,Viestintäpalvelut,"HOITAJANTIE 1, 40620 Jyväskylä","Toimiala=Konsernipalvelut; Vastuualue=Viestintäpalvelut; Palvelualue=Viestintäpalvelut; Palveluyksikkö=Viestintäpalvelut; Toimipiste=HOITAJANTIE 1, 40620 Jyväskylä",KESKI-SUOMEN HYVINVOINTIALUE,KESKI-SUOMEN HYVINVOINTIALUE,40620,HOITAJANTIE 1,Keski-Suomi,Suomi,Sisällöntuottaja,+358142000100,+35840100100,sakari.roiha,SYN-HYVAKS-000028,,,SMTP:sakari.roiha@example.invalid,,,fi-FI,Aktiivinen,synthetic-development-data
Jyväskylä,Keski-Suomen hyvinvointialue,Teknologiapalvelut,Toivonen Eeva,eeva.toivonen@example.invalid,SYN-HYVAKS-000101,Osa-aikainen,2018-04-25,Toimipiste,"Hyvinvointialue, Keski-Suomi",Konsernipalvelut,Tietohallinto,Teknologiapalvelut,Teknologiapalvelut,"HYVINVOINTIKATU 12, 40100 Jyväskylä","Toimiala=Konsernipalvelut; Vastuualue=Tietohallinto; Palvelualue=Teknologiapalvelut; Palveluyksikkö=Teknologiapalvelut; Toimipiste=HYVINVOINTIKATU 12, 40100 Jyväskylä",KESKI-SUOMEN HYVINVOINTIALUE,KESKI-SUOMEN HYVINVOINTIALUE,40100,HYVINVOINTIKATU 12,Keski-Suomi,Suomi,Verkkoasiantuntija,+358142000101,+35850100101,eeva.toivonen,SYN-HYVAKS-000022,,,SMTP:eeva.toivonen@example.invalid,,,fi-FI,Aktiivinen,synthetic-development-data
Jyväskylä,Keski-Suomen hyvinvointialue,Palveluprosessien digitalisaatio,Virtanen Joonas,joonas.virtanen@example.invalid,SYN-HYVAKS-000102,Vakituinen,2020-12-15,Toimipiste,"Hyvinvointialue, Keski-Suomi",Konsernipalvelut,Tietohallinto,Palveluprosessien digitalisaatio,Palveluprosessien digitalisaatio,"HYVINVOINTIKATU 12, 40100 Jyväskylä","Toimiala=Konsernipalvelut; Vastuualue=Tietohallinto; Palvelualue=Palveluprosessien digitalisaatio; Palveluyksikkö=Palveluprosessien digitalisaatio; Toimipiste=HYVINVOINTIKATU 12, 40100 Jyväskylä",KESKI-SUOMEN HYVINVOINTIALUE,KESKI-SUOMEN HYVINVOINTIALUE,40100,HYVINVOINTIKATU 12,Keski-Suomi,Suomi,Tietoasiantuntija,+358142000102,+35845100102,joonas.virtanen,SYN-HYVAKS-000026,,,SMTP:joonas.virtanen@example.invalid,,,fi-FI,Aktiivinen,synthetic-development-data
Laukaa,Keski-Suomen hyvinvointialue,Palveluprosessien digitalisaatio,Mattila Jaana,jaana.mattila@example.invalid,SYN-HYVAKS-000103,Vakituinen,2011-05-25,Toimipiste,"Hyvinvointialue, Keski-Suomi",Konsernipalvelut,Tietohallinto,Palveluprosessien digitalisaatio,Palveluprosessien digitalisaatio,"TERVEYSTIE 5, 41340 Laukaa","Toimiala=Konsernipalvelut; Vastuualue=Tietohallinto; Palvelualue=Palveluprosessien digitalisaatio; Palveluyksikkö=Palveluprosessien digitalisaatio; Toimipiste=TERVEYSTIE 5, 41340 Laukaa",KESKI-SUOMEN HYVINVOINTIALUE,KESKI-SUOMEN HYVINVOINTIALUE,41340,TERVEYSTIE 5,Keski-Suomi,Suomi,Integraatioasiantuntija,+358142000103,+35840100103,jaana.mattila,SYN-HYVAKS-000027,,,SMTP:jaana.mattila@example.invalid,,,fi-FI,Poistuva,synthetic-development-data
Jyväskylä,Keski-Suomen hyvinvointialue,Tietohallintopalvelut,Hirvonen Satu,satu.hirvonen@example.invalid,SYN-HYVAKS-000104,Vakituinen,2005-08-16,Toimipiste,"Hyvinvointialue, Keski-Suomi",Konsernipalvelut,Tietohallinto,Tietohallintopalvelut,Tietohallintopalvelut,"HOITAJANTIE 1, 40620 Jyväskylä","Toimiala=Konsernipalvelut; Vastuualue=Tietohallinto; Palvelualue=Tietohallintopalvelut; Palveluyksikkö=Tietohallintopalvelut; Toimipiste=HOITAJANTIE 1, 40620 Jyväskylä",KESKI-SUOMEN HYVINVOINTIALUE,KESKI-SUOMEN HYVINVOINTIALUE,40620,HOITAJANTIE 1,Keski-Suomi,Suomi,Tietohallinnon asiantuntija,+358142000104,+35850100104,satu.hirvonen,SYN-HYVAKS-000015,,,SMTP:satu.hirvonen@example.invalid,,,fi-FI,Aktiivinen,synthetic-development-data
Äänekoski,Keski-Suomen hyvinvointialue,Teknologiapalvelut,Nieminen Tuomas,tuomas.nieminen@example.invalid,SYN-HYVAKS-000105,Osa-aikainen,2022-11-20,Toimipiste,"Hyvinvointialue, Keski-Suomi",Konsernipalvelut,Tietohallinto,Teknologiapalvelut,Teknologiapalvelut,"KESKUSKATU 14, 44100 Äänekoski","Toimiala=Konsernipalvelut; Vastuualue=Tietohallinto; Palvelualue=Teknologiapalvelut; Palveluyksikkö=Teknologiapalvelut; Toimipiste=KESKUSKATU 14, 44100 Äänekoski",KESKI-SUOMEN HYVINVOINTIALUE,KESKI-SUOMEN HYVINVOINTIALUE,44100,KESKUSKATU 14,Keski-Suomi,Suomi,Konesaliasiantuntija,+358142000105,+35845100105,tuomas.nieminen,SYN-HYVAKS-000024,,,SMTP:tuomas.nieminen@example.invalid,,,fi-FI,Aktiivinen,synthetic-development-data
Jyväskylä,Keski-Suomen hyvinvointialue,Projektit ja kehittäminen,Toivonen Eeva,eeva.toivonen2@example.invalid,SYN-HYVAKS-000106,Vakituinen,2023-09-03,Toimipiste,"Hyvinvointialue, Keski-Suomi",Konsernipalvelut,Tietohallinto,Projektit ja kehittäminen,Projektit ja kehittäminen,"HOITAJANTIE 1, 40620 Jyväskylä","Toimiala=Konsernipalvelut; Vastuualue=Tietohallinto; Palvelualue=Projektit ja kehittäminen; Palveluyksikkö=Projektit ja kehittäminen; Toimipiste=HOITAJANTIE 1, 40620 Jyväskylä",KESKI-SUOMEN HYVINVOINTIALUE,KESKI-SUOMEN HYVINVOINTIALUE,40620,HOITAJANTIE 1,Keski-Suomi,Suomi,Palvelumuotoilija,+358142000106,+35844100106,eeva.toivonen2,SYN-HYVAKS-000019,,,SMTP:eeva.toivonen2@example.invalid,,,fi-FI,Aktiivinen,synthetic-development-data
Jyväskylä,Keski-Suomen hyvinvointialue,Teknologiapalvelut,Hämäläinen Vesa,vesa.hamalainen@example.invalid,SYN-HYVAKS-000107,Vakituinen,2005-01-17,Toimipiste,"Hyvinvointialue, Keski-Suomi",Konsernipalvelut,Tietohallinto,Teknologiapalvelut,Teknologiapalvelut,"HOITAJANTIE 1, 40620 Jyväskylä","Toimiala=Konsernipalvelut; Vastuualue=Tietohallinto; Palvelualue=Teknologiapalvelut; Palveluyksikkö=Teknologiapalvelut; Toimipiste=HOITAJANTIE 1, 40620 Jyväskylä",KESKI-SUOMEN HYVINVOINTIALUE,KESKI-SUOMEN HYVINVOINTIALUE,40620,HOITAJANTIE 1,Keski-Suomi,Suomi,Teknologia-asiantuntija,+358142000107,+35850100107,vesa.hamalainen,SYN-HYVAKS-000021,,,SMTP:vesa.hamalainen@example.invalid,,,fi-FI,Aktiivinen,synthetic-development-data
Jyväskylä,Keski-Suomen hyvinvointialue,Tietohallintopalvelut,Ahonen Sami,sami.ahonen@example.invalid,SYN-HYVAKS-000108,Vakituinen,2018-09-06,Toimipiste,"Hyvinvointialue, Keski-Suomi",Konsernipalvelut,Tietohallinto,Tietohallintopalvelut,Tietohallintopalvelut,"HOITAJANTIE 1, 40620 Jyväskylä","Toimiala=Konsernipalvelut; Vastuualue=Tietohallinto; Palvelualue=Tietohallintopalvelut; Palveluyksikkö=Tietohallintopalvelut; Toimipiste=HOITAJANTIE 1, 40620 Jyväskylä",KESKI-SUOMEN HYVINVOINTIALUE,KESKI-SUOMEN HYVINVOINTIALUE,40620,HOITAJANTIE 1,Keski-Suomi,Suomi,Tietohallinnon asiantuntija,+358142000108,+35840100108,sami.ahonen,SYN-HYVAKS-000015,,,SMTP:sami.ahonen@example.invalid,,,fi-FI,Aktiivinen,synthetic-development-data
Laukaa,Keski-Suomen hyvinvointialue,Palveluprosessien digitalisaatio,Virtanen Kaisa,kaisa.virtanen@example.invalid,SYN-HYVAKS-000109,Vakituinen,2011-07-31,Toimipiste,"Hyvinvointialue, Keski-Suomi",Konsernipalvelut,Tietohallinto,Palveluprosessien digitalisaatio,Palveluprosessien digitalisaatio,"TERVEYSTIE 5, 41340 Laukaa","Toimiala=Konsernipalvelut; Vastuualue=Tietohallinto; Palvelualue=Palveluprosessien digitalisaatio; Palveluyksikkö=Palveluprosessien digitalisaatio; Toimipiste=TERVEYSTIE 5, 41340 Laukaa",KESKI-SUOMEN HYVINVOINTIALUE,KESKI-SUOMEN HYVINVOINTIALUE,41340,TERVEYSTIE 5,Keski-Suomi,Suomi,Prosessikehittäjä,+358142000109,+35840100109,kaisa.virtanen,SYN-HYVAKS-000027,,,SMTP:kaisa.virtanen@example.invalid,,,fi-FI,Aktiivinen,synthetic-development-data
Äänekoski,Keski-Suomen hyvinvointialue,Tilapalveluiden johtaminen,Lahtinen Kaisa,kaisa.lahtinen@example.invalid,SYN-HYVAKS-000110,Vakituinen,2009-06-23,Toimipiste,"Hyvinvointialue, Keski-Suomi",Konsernipalvelut,Tilapalvelut,Tilapalveluiden johtaminen,Tilapalveluiden johtaminen,"KESKUSKATU 14, 44100 Äänekoski","Toimiala=Konsernipalvelut; Vastuualue=Tilapalvelut; Palvelualue=Tilapalveluiden johtaminen; Palveluyksikkö=Tilapalveluiden johtaminen; Toimipiste=KESKUSKATU 14, 44100 Äänekoski",KESKI-SUOMEN HYVINVOINTIALUE,KESKI-SUOMEN HYVINVOINTIALUE,44100,KESKUSKATU 14,Keski-Suomi,Suomi,Kiinteistöasiantuntija,+358142000110,+35845100110,kaisa.lahtinen,SYN-HYVAKS-000033,,,SMTP:kaisa.lahtinen@example.invalid,,,fi-FI,Aktiivinen,synthetic-development-data
Jyväskylä,Keski-Suomen hyvinvointialue,Tietohallintopalvelut,Salminen Johanna,johanna.salminen@example.invalid,SYN-HYVAKS-000111,Vakituinen,2007-12-26,Toimipiste,"Hyvinvointialue, Keski-Suomi",Konsernipalvelut,Tietohallinto,Tietohallintopalvelut,Tietohallintopalvelut,"HOITAJANTIE 1, 40620 Jyväskylä","Toimiala=Konsernipalvelut; Vastuualue=Tietohallinto; Palvelualue=Tietohallintopalvelut; Palveluyksikkö=Tietohallintopalvelut; Toimipiste=HOITAJANTIE 1, 40620 Jyväskylä",KESKI-SUOMEN HYVINVOINTIALUE,KESKI-SUOMEN HYVINVOINTIALUE,40620,HOITAJANTIE 1,Keski-Suomi,Suomi,Tietohallinnon asiantuntija,+358142000111,+35845100111,johanna.salminen,SYN-HYVAKS-000015,,,SMTP:johanna.salminen@example.invalid,,,fi-FI,Aktiivinen,synthetic-development-data
Jyväskylä,Keski-Suomen hyvinvointialue,Palveluprosessien digitalisaatio,Vuorinen Juha,juha.vuorinen@example.invalid,SYN-HYVAKS-000112,Vakituinen,2025-06-08,Toimipiste,"Hyvinvointialue, Keski-Suomi",Konsernipalvelut,Tietohallinto,Palveluprosessien digitalisaatio,Palveluprosessien digitalisaatio,"HYVINVOINTIKATU 12, 40100 Jyväskylä","Toimiala=Konsernipalvelut; Vastuualue=Tietohallinto; Palvelualue=Palveluprosessien digitalisaatio; Palveluyksikkö=Palveluprosessien digitalisaatio; Toimipiste=HYVINVOINTIKATU 12, 40100 Jyväskylä",KESKI-SUOMEN HYVINVOINTIALUE,KESKI-SUOMEN HYVINVOINTIALUE,40100,HYVINVOINTIKATU 12,Keski-Suomi,Suomi,Prosessikehittäjä,+358142000112,+35845100112,juha.vuorinen,SYN-HYVAKS-000026,,,SMTP:juha.vuorinen@example.invalid,,,fi-FI,Passiivinen,synthetic-development-data
Viitasaari,Keski-Suomen hyvinvointialue,Tilapalveluiden johtaminen,Väisänen Minna,minna.vaisanen@example.invalid,SYN-HYVAKS-000113,Vakituinen,2020-10-20,Toimipiste,"Hyvinvointialue, Keski-Suomi",Konsernipalvelut,Tilapalvelut,Tilapalveluiden johtaminen,Tilapalveluiden johtaminen,"TERVEYSKESKUKSENTIE 2, 44500 Viitasaari","Toimiala=Konsernipalvelut; Vastuualue=Tilapalvelut; Palvelualue=Tilapalveluiden johtaminen; Palveluyksikkö=Tilapalveluiden johtaminen; Toimipiste=TERVEYSKESKUKSENTIE 2, 44500 Viitasaari",KESKI-SUOMEN HYVINVOINTIALUE,KESKI-SUOMEN HYVINVOINTIALUE,44500,TERVEYSKESKUKSENTIE 2,Keski-Suomi,Suomi,Kiinteistöasiantuntija,+358142000113,+35844100113,minna.vaisanen,SYN-HYVAKS-000036,,,SMTP:minna.vaisanen@example.invalid,,,fi-FI,Aktiivinen,synthetic-development-data
Jämsä,Keski-Suomen hyvinvointialue,Teknologiapalvelut,Ojala Veera,veera.ojala@example.invalid,SYN-HYVAKS-000114,Vakituinen,2024-11-09,Toimipiste,"Hyvinvointialue, Keski-Suomi",Konsernipalvelut,Tietohallinto,Teknologiapalvelut,Teknologiapalvelut,"SAIRAALANTIE 8, 42100 Jämsä","Toimiala=Konsernipalvelut; Vastuualue=Tietohallinto; Palvelualue=Teknologiapalvelut; Palveluyksikkö=Teknologiapalvelut; Toimipiste=SAIRAALANTIE 8, 42100 Jämsä",KESKI-SUOMEN HYVINVOINTIALUE,KESKI-SUOMEN HYVINVOINTIALUE,42100,SAIRAALANTIE 8,Keski-Suomi,Suomi,Tietoturva-asiantuntija,+358142000114,+35844100114,veera.ojala,SYN-HYVAKS-000023,,,SMTP:veera.ojala@example.invalid,,,fi-FI,Aktiivinen,synthetic-development-data
Jämsä,Keski-Suomen hyvinvointialue,Teknologiapalvelut,Virtanen Elina,elina.virtanen@example.invalid,SYN-HYVAKS-000115,Vakituinen,2017-02-24,Toimipiste,"Hyvinvointialue, Keski-Suomi",Konsernipalvelut,Tietohallinto,Teknologiapalvelut,Teknologiapalvelut,"SAIRAALANTIE 8, 42100 Jämsä","Toimiala=Konsernipalvelut; Vastuualue=Tietohallinto; Palvelualue=Teknologiapalvelut; Palveluyksikkö=Teknologiapalvelut; Toimipiste=SAIRAALANTIE 8, 42100 Jämsä",KESKI-SUOMEN HYVINVOINTIALUE,KESKI-SUOMEN HYVINVOINTIALUE,42100,SAIRAALANTIE 8,Keski-Suomi,Suomi,Palveluarkkitehti,+358142000115,+35850100115,elina.virtanen,SYN-HYVAKS-000023,,,SMTP:elina.virtanen@example.invalid,,,fi-FI,Aktiivinen,synthetic-development-data
Jyväskylä,Keski-Suomen hyvinvointialue,Palveluprosessien digitalisaatio,Kolehmainen Paula,paula.kolehmainen@example.invalid,SYN-HYVAKS-000116,Osa-aikainen,2010-09-19,Toimipiste,"Hyvinvointialue, Keski-Suomi",Konsernipalvelut,Tietohallinto,Palveluprosessien digitalisaatio,Palveluprosessien digitalisaatio,"HOITAJANTIE 1, 40620 Jyväskylä","Toimiala=Konsernipalvelut; Vastuualue=Tietohallinto; Palvelualue=Palveluprosessien digitalisaatio; Palveluyksikkö=Palveluprosessien digitalisaatio; Toimipiste=HOITAJANTIE 1, 40620 Jyväskylä",KESKI-SUOMEN HYVINVOINTIALUE,KESKI-SUOMEN HYVINVOINTIALUE,40620,HOITAJANTIE 1,Keski-Suomi,Suomi,Tietoasiantuntija,+358142000116,+35844100116,paula.kolehmainen,SYN-HYVAKS-000025,,,SMTP:paula.kolehmainen@example.invalid,,,sv-FI,Aktiivinen,synthetic-development-data
Laukaa,Keski-Suomen hyvinvointialue,Tietohallintopalvelut,Rautio Pekka,pekka.rautio@example.invalid,SYN-HYVAKS-000117,Vakituinen,2013-11-09,Toimipiste,"Hyvinvointialue, Keski-Suomi",Konsernipalvelut,Tietohallinto,Tietohallintopalvelut,Tietohallintopalvelut,"TERVEYSTIE 5, 41340 Laukaa","Toimiala=Konsernipalvelut; Vastuualue=Tietohallinto; Palvelualue=Tietohallintopalvelut; Palveluyksikkö=Tietohallintopalvelut; Toimipiste=TERVEYSTIE 5, 41340 Laukaa",KESKI-SUOMEN HYVINVOINTIALUE,KESKI-SUOMEN HYVINVOINTIALUE,41340,TERVEYSTIE 5,Keski-Suomi,Suomi,Käyttäjätukiasiantuntija,+358142000117,+35840100117,pekka.rautio,SYN-HYVAKS-000018,,,SMTP:pekka.rautio@example.invalid,,,fi-FI,Aktiivinen,synthetic-development-data
Äänekoski,Keski-Suomen hyvinvointialue,Teknologiapalvelut,Leppänen Lauri,lauri.leppanen@example.invalid,SYN-HYVAKS-000118,Vakituinen,2009-03-01,Toimipiste,"Hyvinvointialue, Keski-Suomi",Konsernipalvelut,Tietohallinto,Teknologiapalvelut,Teknologiapalvelut,"KESKUSKATU 14, 44100 Äänekoski","Toimiala=Konsernipalvelut; Vastuualue=Tietohallinto; Palvelualue=Teknologiapalvelut; Palveluyksikkö=Teknologiapalvelut; Toimipiste=KESKUSKATU 14, 44100 Äänekoski",KESKI-SUOMEN HYVINVOINTIALUE,KESKI-SUOMEN HYVINVOINTIALUE,44100,KESKUSKATU 14,Keski-Suomi,Suomi,Konesaliasiantuntija,+358142000118,+35840100118,lauri.leppanen,SYN-HYVAKS-000024,,,SMTP:lauri.leppanen@example.invalid,,,fi-FI,Aktiivinen,synthetic-development-data
Jyväskylä,Keski-Suomen hyvinvointialue,Teknologiapalvelut,Ylitalo Ville,ville.ylitalo@example.invalid,SYN-HYVAKS-000119,Vakituinen,1998-09-07,Toimipiste,"Hyvinvointialue, Keski-Suomi",Konsernipalvelut,Tietohallinto,Teknologiapalvelut,Teknologiapalvelut,"HOITAJANTIE 1, 40620 Jyväskylä","Toimiala=Konsernipalvelut; Vastuualue=Tietohallinto; Palvelualue=Teknologiapalvelut; Palveluyksikkö=Teknologiapalvelut; Toimipiste=HOITAJANTIE 1, 40620 Jyväskylä",KESKI-SUOMEN HYVINVOINTIALUE,KESKI-SUOMEN HYVINVOINTIALUE,40620,HOITAJANTIE 1,Keski-Suomi,Suomi,Tietoturva-asiantuntija,+358142000119,+35845100119,ville.ylitalo,SYN-HYVAKS-000021,,,SMTP:ville.ylitalo@example.invalid,,,en-US,Aktiivinen,synthetic-development-data
Jyväskylä,Keski-Suomen hyvinvointialue,Tilapalveluiden johtaminen,Salminen Tiina,tiina.salminen@example.invalid,SYN-HYVAKS-000120,Määräaikainen,1999-07-08,Toimipiste,"Hyvinvointialue, Keski-Suomi",Konsernipalvelut,Tilapalvelut,Tilapalveluiden johtaminen,Tilapalveluiden johtaminen,"HYVINVOINTIKATU 12, 40100 Jyväskylä","Toimiala=Konsernipalvelut; Vastuualue=Tilapalvelut; Palvelualue=Tilapalveluiden johtaminen; Palveluyksikkö=Tilapalveluiden johtaminen; Toimipiste=HYVINVOINTIKATU 12, 40100 Jyväskylä",KESKI-SUOMEN HYVINVOINTIALUE,KESKI-SUOMEN HYVINVOINTIALUE,40100,HYVINVOINTIKATU 12,Keski-Suomi,Suomi,Kiinteistöasiantuntija,+358142000120,+35840100120,tiina.salminen,SYN-HYVAKS-000031,,,SMTP:tiina.salminen@example.invalid,,,fi-FI,Aktiivinen,synthetic-development-data
Jyväskylä,Keski-Suomen hyvinvointialue,Palveluprosessien digitalisaatio,Lindholm Outi,outi.lindholm@example.invalid,SYN-HYVAKS-000121,Vakituinen,2001-06-19,Toimipiste,"Hyvinvointialue, Keski-Suomi",Konsernipalvelut,Tietohallinto,Palveluprosessien digitalisaatio,Palveluprosessien digitalisaatio,"HYVINVOINTIKATU 12, 40100 Jyväskylä","Toimiala=Konsernipalvelut; Vastuualue=Tietohallinto; Palvelualue=Palveluprosessien digitalisaatio; Palveluyksikkö=Palveluprosessien digitalisaatio; Toimipiste=HYVINVOINTIKATU 12, 40100 Jyväskylä",KESKI-SUOMEN HYVINVOINTIALUE,KESKI-SUOMEN HYVINVOINTIALUE,40100,HYVINVOINTIKATU 12,Keski-Suomi,Suomi,Digitalisaatioasiantuntija,+358142000121,+35840100121,outi.lindholm,SYN-HYVAKS-000026,,,SMTP:outi.lindholm@example.invalid,,,fi-FI,Aktiivinen,synthetic-development-data
Jyväskylä,Keski-Suomen hyvinvointialue,Teknologiapalvelut,Törmänen Sari,sari.tormanen@example.invalid,SYN-HYVAKS-000122,Vakituinen,2023-04-10,Toimipiste,"Hyvinvointialue, Keski-Suomi",Konsernipalvelut,Tietohallinto,Teknologiapalvelut,Teknologiapalvelut,"HOITAJANTIE 1, 40620 Jyväskylä","Toimiala=Konsernipalvelut; Vastuualue=Tietohallinto; Palvelualue=Teknologiapalvelut; Palveluyksikkö=Teknologiapalvelut; Toimipiste=HOITAJANTIE 1, 40620 Jyväskylä",KESKI-SUOMEN HYVINVOINTIALUE,KESKI-SUOMEN HYVINVOINTIALUE,40620,HOITAJANTIE 1,Keski-Suomi,Suomi,Verkkoasiantuntija,+358142000122,+35845100122,sari.tormanen,SYN-HYVAKS-000021,,,SMTP:sari.tormanen@example.invalid,,,fi-FI,Aktiivinen,synthetic-development-data
Jämsä,Keski-Suomen hyvinvointialue,Teknologiapalvelut,Roiha Antti,antti.roiha@example.invalid,SYN-HYVAKS-000123,Vakituinen,2002-08-27,Toimipiste,"Hyvinvointialue, Keski-Suomi",Konsernipalvelut,Tietohallinto,Teknologiapalvelut,Teknologiapalvelut,"SAIRAALANTIE 8, 42100 Jämsä","Toimiala=Konsernipalvelut; Vastuualue=Tietohallinto; Palvelualue=Teknologiapalvelut; Palveluyksikkö=Teknologiapalvelut; Toimipiste=SAIRAALANTIE 8, 42100 Jämsä",KESKI-SUOMEN HYVINVOINTIALUE,KESKI-SUOMEN HYVINVOINTIALUE,42100,SAIRAALANTIE 8,Keski-Suomi,Suomi,Konesaliasiantuntija,+358142000123,+35840100123,antti.roiha,SYN-HYVAKS-000023,,,SMTP:antti.roiha@example.invalid,,,fi-FI,Aktiivinen,synthetic-development-data
Jyväskylä,Keski-Suomen hyvinvointialue,Projektit ja kehittäminen,Uusitalo Matti,matti.uusitalo@example.invalid,SYN-HYVAKS-000124,Vakituinen,2000-03-11,Toimipiste,"Hyvinvointialue, Keski-Suomi",Konsernipalvelut,Tietohallinto,Projektit ja kehittäminen,Projektit ja kehittäminen,"HOITAJANTIE 1, 40620 Jyväskylä","Toimiala=Konsernipalvelut; Vastuualue=Tietohallinto; Palvelualue=Projektit ja kehittäminen; Palveluyksikkö=Projektit ja kehittäminen; Toimipiste=HOITAJANTIE 1, 40620 Jyväskylä",KESKI-SUOMEN HYVINVOINTIALUE,KESKI-SUOMEN HYVINVOINTIALUE,40620,HOITAJANTIE 1,Keski-Suomi,Suomi,Tuoteomistaja,+358142000124,+35840100124,matti.uusitalo,SYN-HYVAKS-000019,,,SMTP:matti.uusitalo@example.invalid,,,fi-FI,Aktiivinen,synthetic-development-data
Jyväskylä,Keski-Suomen hyvinvointialue,Projektit ja kehittäminen,Leppänen Riku,riku.leppanen@example.invalid,SYN-HYVAKS-000125,Määräaikainen,2022-04-15,Toimipiste,"Hyvinvointialue, Keski-Suomi",Konsernipalvelut,Tietohallinto,Projektit ja kehittäminen,Projektit ja kehittäminen,"HYVINVOINTIKATU 12, 40100 Jyväskylä","Toimiala=Konsernipalvelut; Vastuualue=Tietohallinto; Palvelualue=Projektit ja kehittäminen; Palveluyksikkö=Projektit ja kehittäminen; Toimipiste=HYVINVOINTIKATU 12, 40100 Jyväskylä",KESKI-SUOMEN HYVINVOINTIALUE,KESKI-SUOMEN HYVINVOINTIALUE,40100,HYVINVOINTIKATU 12,Keski-Suomi,Suomi,Tuoteomistaja,+358142000125,+35840100125,riku.leppanen,SYN-HYVAKS-000020,,,SMTP:riku.leppanen@example.invalid,,,fi-FI,Aktiivinen,synthetic-development-data
Jyväskylä,Keski-Suomen hyvinvointialue,Tietohallintopalvelut,Ojala Tomi,tomi.ojala@example.invalid,SYN-HYVAKS-000126,Osa-aikainen,2022-10-05,Toimipiste,"Hyvinvointialue, Keski-Suomi",Konsernipalvelut,Tietohallinto,Tietohallintopalvelut,Tietohallintopalvelut,"HOITAJANTIE 1, 40620 Jyväskylä","Toimiala=Konsernipalvelut; Vastuualue=Tietohallinto; Palvelualue=Tietohallintopalvelut; Palveluyksikkö=Tietohallintopalvelut; Toimipiste=HOITAJANTIE 1, 40620 Jyväskylä",KESKI-SUOMEN HYVINVOINTIALUE,KESKI-SUOMEN HYVINVOINTIALUE,40620,HOITAJANTIE 1,Keski-Suomi,Suomi,Järjestelmäasiantuntija,+358142000126,+35840100126,tomi.ojala,SYN-HYVAKS-000015,,,SMTP:tomi.ojala@example.invalid,,,fi-FI,Aktiivinen,synthetic-development-data
Jyväskylä,Keski-Suomen hyvinvointialue,Viestintäpalvelut,Lindholm Sami,sami.lindholm@example.invalid,SYN-HYVAKS-000127,Vakituinen,2024-07-06,Toimipiste,"Hyvinvointialue, Keski-Suomi",Konsernipalvelut,Viestintäpalvelut,Viestintäpalvelut,Viestintäpalvelut,"HOITAJANTIE 1, 40620 Jyväskylä","Toimiala=Konsernipalvelut; Vastuualue=Viestintäpalvelut; Palvelualue=Viestintäpalvelut; Palveluyksikkö=Viestintäpalvelut; Toimipiste=HOITAJANTIE 1, 40620 Jyväskylä",KESKI-SUOMEN HYVINVOINTIALUE,KESKI-SUOMEN HYVINVOINTIALUE,40620,HOITAJANTIE 1,Keski-Suomi,Suomi,Viestintäasiantuntija,+358142000127,+35840100127,sami.lindholm,SYN-HYVAKS-000028,,,SMTP:sami.lindholm@example.invalid,,,fi-FI,Aktiivinen,synthetic-development-data
Jyväskylä,Keski-Suomen hyvinvointialue,Teknologiapalvelut,Niemi Pekka,pekka.niemi@example.invalid,SYN-HYVAKS-000128,Vakituinen,2000-02-12,Toimipiste,"Hyvinvointialue, Keski-Suomi",Konsernipalvelut,Tietohallinto,Teknologiapalvelut,Teknologiapalvelut,"HYVINVOINTIKATU 12, 40100 Jyväskylä","Toimiala=Konsernipalvelut; Vastuualue=Tietohallinto; Palvelualue=Teknologiapalvelut; Palveluyksikkö=Teknologiapalvelut; Toimipiste=HYVINVOINTIKATU 12, 40100 Jyväskylä",KESKI-SUOMEN HYVINVOINTIALUE,KESKI-SUOMEN HYVINVOINTIALUE,40100,HYVINVOINTIKATU 12,Keski-Suomi,Suomi,Verkkoasiantuntija,+358142000128,+35840100128,pekka.niemi,SYN-HYVAKS-000022,,,SMTP:pekka.niemi@example.invalid,,,fi-FI,Aktiivinen,synthetic-development-data
Jämsä,Keski-Suomen hyvinvointialue,Tietohallintopalvelut,Rautio Teemu,teemu.rautio@example.invalid,SYN-HYVAKS-000129,Vakituinen,2020-05-02,Toimipiste,"Hyvinvointialue, Keski-Suomi",Konsernipalvelut,Tietohallinto,Tietohallintopalvelut,Tietohallintopalvelut,"SAIRAALANTIE 8, 42100 Jämsä","Toimiala=Konsernipalvelut; Vastuualue=Tietohallinto; Palvelualue=Tietohallintopalvelut; Palveluyksikkö=Tietohallintopalvelut; Toimipiste=SAIRAALANTIE 8, 42100 Jämsä",KESKI-SUOMEN HYVINVOINTIALUE,KESKI-SUOMEN HYVINVOINTIALUE,42100,SAIRAALANTIE 8,Keski-Suomi,Suomi,Järjestelmäasiantuntija,+358142000129,+35840100129,teemu.rautio,SYN-HYVAKS-000016,,,SMTP:teemu.rautio@example.invalid,,,fi-FI,Aktiivinen,synthetic-development-data
Äänekoski,Keski-Suomen hyvinvointialue,Tietohallintopalvelut,Koskinen Lauri,lauri.koskinen@example.invalid,SYN-HYVAKS-000130,Vakituinen,2014-07-04,Toimipiste,"Hyvinvointialue, Keski-Suomi",Konsernipalvelut,Tietohallinto,Tietohallintopalvelut,Tietohallintopalvelut,"KESKUSKATU 14, 44100 Äänekoski","Toimiala=Konsernipalvelut; Vastuualue=Tietohallinto; Palvelualue=Tietohallintopalvelut; Palveluyksikkö=Tietohallintopalvelut; Toimipiste=KESKUSKATU 14, 44100 Äänekoski",KESKI-SUOMEN HYVINVOINTIALUE,KESKI-SUOMEN HYVINVOINTIALUE,44100,KESKUSKATU 14,Keski-Suomi,Suomi,Tietohallinnon asiantuntija,+358142000130,+35844100130,lauri.koskinen,SYN-HYVAKS-000017,,,SMTP:lauri.koskinen@example.invalid,,,fi-FI,Aktiivinen,synthetic-development-data
Äänekoski,Keski-Suomen hyvinvointialue,Tietohallintopalvelut,Koskinen Henna,henna.koskinen@example.invalid,SYN-HYVAKS-000131,Sijainen,1999-09-13,Toimipiste,"Hyvinvointialue, Keski-Suomi",Konsernipalvelut,Tietohallinto,Tietohallintopalvelut,Tietohallintopalvelut,"KESKUSKATU 14, 44100 Äänekoski","Toimiala=Konsernipalvelut; Vastuualue=Tietohallinto; Palvelualue=Tietohallintopalvelut; Palveluyksikkö=Tietohallintopalvelut; Toimipiste=KESKUSKATU 14, 44100 Äänekoski",KESKI-SUOMEN HYVINVOINTIALUE,KESKI-SUOMEN HYVINVOINTIALUE,44100,KESKUSKATU 14,Keski-Suomi,Suomi,Tietohallinnon asiantuntija,+358142000131,+35845100131,henna.koskinen,SYN-HYVAKS-000017,,,SMTP:henna.koskinen@example.invalid,,,fi-FI,Aktiivinen,synthetic-development-data
Jämsä,Keski-Suomen hyvinvointialue,Teknologiapalvelut,Sillanpää Teemu,teemu.sillanpaa@example.invalid,SYN-HYVAKS-000132,Vakituinen,2010-10-24,Toimipiste,"Hyvinvointialue, Keski-Suomi",Konsernipalvelut,Tietohallinto,Teknologiapalvelut,Teknologiapalvelut,"SAIRAALANTIE 8, 42100 Jämsä","Toimiala=Konsernipalvelut; Vastuualue=Tietohallinto; Palvelualue=Teknologiapalvelut; Palveluyksikkö=Teknologiapalvelut; Toimipiste=SAIRAALANTIE 8, 42100 Jämsä",KESKI-SUOMEN HYVINVOINTIALUE,KESKI-SUOMEN HYVINVOINTIALUE,42100,SAIRAALANTIE 8,Keski-Suomi,Suomi,Järjestelmäasiantuntija,+358142000132,+35840100132,teemu.sillanpaa,SYN-HYVAKS-000023,,,SMTP:teemu.sillanpaa@example.invalid,,,fi-FI,Aktiivinen,synthetic-development-data
Jyväskylä,Keski-Suomen hyvinvointialue,Tilapalveluiden johtaminen,Karjalainen Heli,heli.karjalainen@example.invalid,SYN-HYVAKS-000133,Vakituinen,2025-12-12,Toimipiste,"Hyvinvointialue, Keski-Suomi",Konsernipalvelut,Tilapalvelut,Tilapalveluiden johtaminen,Tilapalveluiden johtaminen,"HYVINVOINTIKATU 12, 40100 Jyväskylä","Toimiala=Konsernipalvelut; Vastuualue=Tilapalvelut; Palvelualue=Tilapalveluiden johtaminen; Palveluyksikkö=Tilapalveluiden johtaminen; Toimipiste=HYVINVOINTIKATU 12, 40100 Jyväskylä",KESKI-SUOMEN HYVINVOINTIALUE,KESKI-SUOMEN HYVINVOINTIALUE,40100,HYVINVOINTIKATU 12,Keski-Suomi,Suomi,Huoltoinsinööri,+358142000133,+35845100133,heli.karjalainen,SYN-HYVAKS-000031,,,SMTP:heli.karjalainen@example.invalid,,,fi-FI,Aktiivinen,synthetic-development-data
Laukaa,Keski-Suomen hyvinvointialue,Tietohallintopalvelut,Suomalainen Outi,outi.suomalainen@example.invalid,SYN-HYVAKS-000134,Vakituinen,2006-02-23,Toimipiste,"Hyvinvointialue, Keski-Suomi",Konsernipalvelut,Tietohallinto,Tietohallintopalvelut,Tietohallintopalvelut,"TERVEYSTIE 5, 41340 Laukaa","Toimiala=Konsernipalvelut; Vastuualue=Tietohallinto; Palvelualue=Tietohallintopalvelut; Palveluyksikkö=Tietohallintopalvelut; Toimipiste=TERVEYSTIE 5, 41340 Laukaa",KESKI-SUOMEN HYVINVOINTIALUE,KESKI-SUOMEN HYVINVOINTIALUE,41340,TERVEYSTIE 5,Keski-Suomi,Suomi,Käyttäjätukiasiantuntija,+358142000134,+35844100134,outi.suomalainen,SYN-HYVAKS-000018,,,SMTP:outi.suomalainen@example.invalid,,,fi-FI,Aktiivinen,synthetic-development-data
Jyväskylä,Keski-Suomen hyvinvointialue,Projektit ja kehittäminen,Nykänen Olli,olli.nykanen@example.invalid,SYN-HYVAKS-000135,Vakituinen,2007-02-16,Toimipiste,"Hyvinvointialue, Keski-Suomi",Konsernipalvelut,Tietohallinto,Projektit ja kehittäminen,Projektit ja kehittäminen,"HYVINVOINTIKATU 12, 40100 Jyväskylä","Toimiala=Konsernipalvelut; Vastuualue=Tietohallinto; Palvelualue=Projektit ja kehittäminen; Palveluyksikkö=Projektit ja kehittäminen; Toimipiste=HYVINVOINTIKATU 12, 40100 Jyväskylä",KESKI-SUOMEN HYVINVOINTIALUE,KESKI-SUOMEN HYVINVOINTIALUE,40100,HYVINVOINTIKATU 12,Keski-Suomi,Suomi,Tuoteomistaja,+358142000135,+35844100135,olli.nykanen,SYN-HYVAKS-000020,,,SMTP:olli.nykanen@example.invalid,,,fi-FI,Aktiivinen,synthetic-development-data
Jämsä,Keski-Suomen hyvinvointialue,Tietohallintopalvelut,Repo Sanna,sanna.repo@example.invalid,SYN-HYVAKS-000136,Vakituinen,2013-04-28,Toimipiste,"Hyvinvointialue, Keski-Suomi",Konsernipalvelut,Tietohallinto,Tietohallintopalvelut,Tietohallintopalvelut,"SAIRAALANTIE 8, 42100 Jämsä","Toimiala=Konsernipalvelut; Vastuualue=Tietohallinto; Palvelualue=Tietohallintopalvelut; Palveluyksikkö=Tietohallintopalvelut; Toimipiste=SAIRAALANTIE 8, 42100 Jämsä",KESKI-SUOMEN HYVINVOINTIALUE,KESKI-SUOMEN HYVINVOINTIALUE,42100,SAIRAALANTIE 8,Keski-Suomi,Suomi,Käyttäjätukiasiantuntija,+358142000136,+35840100136,sanna.repo,SYN-HYVAKS-000016,,,SMTP:sanna.repo@example.invalid,,,fi-FI,Aktiivinen,synthetic-development-data
Äänekoski,Keski-Suomen hyvinvointialue,Tilapalveluiden johtaminen,Paananen Antti,antti.paananen@example.invalid,SYN-HYVAKS-000137,Vakituinen,2025-10-07,Toimipiste,"Hyvinvointialue, Keski-Suomi",Konsernipalvelut,Tilapalvelut,Tilapalveluiden johtaminen,Tilapalveluiden johtaminen,"KESKUSKATU 14, 44100 Äänekoski","Toimiala=Konsernipalvelut; Vastuualue=Tilapalvelut; Palvelualue=Tilapalveluiden johtaminen; Palveluyksikkö=Tilapalveluiden johtaminen; Toimipiste=KESKUSKATU 14, 44100 Äänekoski",KESKI-SUOMEN HYVINVOINTIALUE,KESKI-SUOMEN HYVINVOINTIALUE,44100,KESKUSKATU 14,Keski-Suomi,Suomi,Huoltoinsinööri,+358142000137,+35840100137,antti.paananen,SYN-HYVAKS-000033,,,SMTP:antti.paananen@example.invalid,,,fi-FI,Passiivinen,synthetic-development-data
Jämsä,Keski-Suomen hyvinvointialue,Teknologiapalvelut,Niemi Janne,janne.niemi@example.invalid,SYN-HYVAKS-000138,Vakituinen,2013-10-19,Toimipiste,"Hyvinvointialue, Keski-Suomi",Konsernipalvelut,Tietohallinto,Teknologiapalvelut,Teknologiapalvelut,"SAIRAALANTIE 8, 42100 Jämsä","Toimiala=Konsernipalvelut; Vastuualue=Tietohallinto; Palvelualue=Teknologiapalvelut; Palveluyksikkö=Teknologiapalvelut; Toimipiste=SAIRAALANTIE 8, 42100 Jämsä",KESKI-SUOMEN HYVINVOINTIALUE,KESKI-SUOMEN HYVINVOINTIALUE,42100,SAIRAALANTIE 8,Keski-Suomi,Suomi,Tietoturva-asiantuntija,+358142000138,+35850100138,janne.niemi,SYN-HYVAKS-000023,,,SMTP:janne.niemi@example.invalid,,,fi-FI,Aktiivinen,synthetic-development-data
Jyväskylä,Keski-Suomen hyvinvointialue,Teknologiapalvelut,Nykänen Sami,sami.nykanen@example.invalid,SYN-HYVAKS-000139,Määräaikainen,2023-05-11,Toimipiste,"Hyvinvointialue, Keski-Suomi",Konsernipalvelut,Tietohallinto,Teknologiapalvelut,Teknologiapalvelut,"HYVINVOINTIKATU 12, 40100 Jyväskylä","Toimiala=Konsernipalvelut; Vastuualue=Tietohallinto; Palvelualue=Teknologiapalvelut; Palveluyksikkö=Teknologiapalvelut; Toimipiste=HYVINVOINTIKATU 12, 40100 Jyväskylä",KESKI-SUOMEN HYVINVOINTIALUE,KESKI-SUOMEN HYVINVOINTIALUE,40100,HYVINVOINTIKATU 12,Keski-Suomi,Suomi,Palveluarkkitehti,+358142000139,+35850100139,sami.nykanen,SYN-HYVAKS-000022,,,SMTP:sami.nykanen@example.invalid,,,fi-FI,Aktiivinen,synthetic-development-data
Jämsä,Keski-Suomen hyvinvointialue,Tietohallintopalvelut,Nieminen Ville,ville.nieminen@example.invalid,SYN-HYVAKS-000140,Vakituinen,2000-07-23,Toimipiste,"Hyvinvointialue, Keski-Suomi",Konsernipalvelut,Tietohallinto,Tietohallintopalvelut,Tietohallintopalvelut,"SAIRAALANTIE 8, 42100 Jämsä","Toimiala=Konsernipalvelut; Vastuualue=Tietohallinto; Palvelualue=Tietohallintopalvelut; Palveluyksikkö=Tietohallintopalvelut; Toimipiste=SAIRAALANTIE 8, 42100 Jämsä",KESKI-SUOMEN HYVINVOINTIALUE,KESKI-SUOMEN HYVINVOINTIALUE,42100,SAIRAALANTIE 8,Keski-Suomi,Suomi,Tietohallinnon asiantuntija,+358142000140,+35850100140,ville.nieminen,SYN-HYVAKS-000016,,,SMTP:ville.nieminen@example.invalid,,,fi-FI,Aktiivinen,synthetic-development-data
Jyväskylä,Keski-Suomen hyvinvointialue,Viestintäpalvelut,Karjalainen Olli,olli.karjalainen@example.invalid,SYN-HYVAKS-000141,Vakituinen,2002-09-20,Toimipiste,"Hyvinvointialue, Keski-Suomi",Konsernipalvelut,Viestintäpalvelut,Viestintäpalvelut,Viestintäpalvelut,"HYVINVOINTIKATU 12, 40100 Jyväskylä","Toimiala=Konsernipalvelut; Vastuualue=Viestintäpalvelut; Palvelualue=Viestintäpalvelut; Palveluyksikkö=Viestintäpalvelut; Toimipiste=HYVINVOINTIKATU 12, 40100 Jyväskylä",KESKI-SUOMEN HYVINVOINTIALUE,KESKI-SUOMEN HYVINVOINTIALUE,40100,HYVINVOINTIKATU 12,Keski-Suomi,Suomi,Viestintäasiantuntija,+358142000141,+35850100141,olli.karjalainen,SYN-HYVAKS-000029,,,SMTP:olli.karjalainen@example.invalid,,,fi-FI,Aktiivinen,synthetic-development-data
Jyväskylä,Keski-Suomen hyvinvointialue,Teknologiapalvelut,Väisänen Outi,outi.vaisanen@example.invalid,SYN-HYVAKS-000142,Vakituinen,2023-10-20,Toimipiste,"Hyvinvointialue, Keski-Suomi",Konsernipalvelut,Tietohallinto,Teknologiapalvelut,Teknologiapalvelut,"HYVINVOINTIKATU 12, 40100 Jyväskylä","Toimiala=Konsernipalvelut; Vastuualue=Tietohallinto; Palvelualue=Teknologiapalvelut; Palveluyksikkö=Teknologiapalvelut; Toimipiste=HYVINVOINTIKATU 12, 40100 Jyväskylä",KESKI-SUOMEN HYVINVOINTIALUE,KESKI-SUOMEN HYVINVOINTIALUE,40100,HYVINVOINTIKATU 12,Keski-Suomi,Suomi,Teknologia-asiantuntija,+358142000142,+35840100142,outi.vaisanen,SYN-HYVAKS-000022,,,SMTP:outi.vaisanen@example.invalid,,,fi-FI,Aktiivinen,synthetic-development-data
Laukaa,Keski-Suomen hyvinvointialue,Tietohallintopalvelut,Koskinen Jere,jere.koskinen@example.invalid,SYN-HYVAKS-000143,Vakituinen,2021-02-03,Toimipiste,"Hyvinvointialue, Keski-Suomi",Konsernipalvelut,Tietohallinto,Tietohallintopalvelut,Tietohallintopalvelut,"TERVEYSTIE 5, 41340 Laukaa","Toimiala=Konsernipalvelut; Vastuualue=Tietohallinto; Palvelualue=Tietohallintopalvelut; Palveluyksikkö=Tietohallintopalvelut; Toimipiste=TERVEYSTIE 5, 41340 Laukaa",KESKI-SUOMEN HYVINVOINTIALUE,KESKI-SUOMEN HYVINVOINTIALUE,41340,TERVEYSTIE 5,Keski-Suomi,Suomi,Laitetukiasiantuntija,+358142000143,+35850100143,jere.koskinen,SYN-HYVAKS-000018,,,SMTP:jere.koskinen@example.invalid,,,fi-FI,Aktiivinen,synthetic-development-data
Jyväskylä,Keski-Suomen hyvinvointialue,Teknologiapalvelut,Saarinen Antti,antti.saarinen@example.invalid,SYN-HYVAKS-000144,Vakituinen,2022-10-05,Toimipiste,"Hyvinvointialue, Keski-Suomi",Konsernipalvelut,Tietohallinto,Teknologiapalvelut,Teknologiapalvelut,"HOITAJANTIE 1, 40620 Jyväskylä","Toimiala=Konsernipalvelut; Vastuualue=Tietohallinto; Palvelualue=Teknologiapalvelut; Palveluyksikkö=Teknologiapalvelut; Toimipiste=HOITAJANTIE 1, 40620 Jyväskylä",KESKI-SUOMEN HYVINVOINTIALUE,KESKI-SUOMEN HYVINVOINTIALUE,40620,HOITAJANTIE 1,Keski-Suomi,Suomi,Teknologia-asiantuntija,+358142000144,+35850100144,antti.saarinen,SYN-HYVAKS-000021,,,SMTP:antti.saarinen@example.invalid,,,fi-FI,Aktiivinen,synthetic-development-data
Äänekoski,Keski-Suomen hyvinvointialue,Teknologiapalvelut,Nieminen Riku,riku.nieminen@example.invalid,SYN-HYVAKS-000145,Vakituinen,2007-08-05,Toimipiste,"Hyvinvointialue, Keski-Suomi",Konsernipalvelut,Tietohallinto,Teknologiapalvelut,Teknologiapalvelut,"KESKUSKATU 14, 44100 Äänekoski","Toimiala=Konsernipalvelut; Vastuualue=Tietohallinto; Palvelualue=Teknologiapalvelut; Palveluyksikkö=Teknologiapalvelut; Toimipiste=KESKUSKATU 14, 44100 Äänekoski",KESKI-SUOMEN HYVINVOINTIALUE,KESKI-SUOMEN HYVINVOINTIALUE,44100,KESKUSKATU 14,Keski-Suomi,Suomi,Tietoturva-asiantuntija,+358142000145,+35850100145,riku.nieminen,SYN-HYVAKS-000024,,,SMTP:riku.nieminen@example.invalid,,,fi-FI,Aktiivinen,synthetic-development-data
Jyväskylä,Keski-Suomen hyvinvointialue,Teknologiapalvelut,Suomalainen Tuula,tuula.suomalainen@example.invalid,SYN-HYVAKS-000146,Vakituinen,2022-05-31,Toimipiste,"Hyvinvointialue, Keski-Suomi",Konsernipalvelut,Tietohallinto,Teknologiapalvelut,Teknologiapalvelut,"HOITAJANTIE 1, 40620 Jyväskylä","Toimiala=Konsernipalvelut; Vastuualue=Tietohallinto; Palvelualue=Teknologiapalvelut; Palveluyksikkö=Teknologiapalvelut; Toimipiste=HOITAJANTIE 1, 40620 Jyväskylä",KESKI-SUOMEN HYVINVOINTIALUE,KESKI-SUOMEN HYVINVOINTIALUE,40620,HOITAJANTIE 1,Keski-Suomi,Suomi,Palveluarkkitehti,+358142000146,+35850100146,tuula.suomalainen,SYN-HYVAKS-000021,,,SMTP:tuula.suomalainen@example.invalid,,,fi-FI,Aktiivinen,synthetic-development-data
Jämsä,Keski-Suomen hyvinvointialue,Teknologiapalvelut,Sillanpää Matti,matti.sillanpaa@example.invalid,SYN-HYVAKS-000147,Vakituinen,2005-01-28,Toimipiste,"Hyvinvointialue, Keski-Suomi",Konsernipalvelut,Tietohallinto,Teknologiapalvelut,Teknologiapalvelut,"SAIRAALANTIE 8, 42100 Jämsä","Toimiala=Konsernipalvelut; Vastuualue=Tietohallinto; Palvelualue=Teknologiapalvelut; Palveluyksikkö=Teknologiapalvelut; Toimipiste=SAIRAALANTIE 8, 42100 Jämsä",KESKI-SUOMEN HYVINVOINTIALUE,KESKI-SUOMEN HYVINVOINTIALUE,42100,SAIRAALANTIE 8,Keski-Suomi,Suomi,Konesaliasiantuntija,+358142000147,+35840100147,matti.sillanpaa,SYN-HYVAKS-000023,,,SMTP:matti.sillanpaa@example.invalid,,,fi-FI,Aktiivinen,synthetic-development-data
Jyväskylä,Keski-Suomen hyvinvointialue,Teknologiapalvelut,Sillanpää Janne,janne.sillanpaa@example.invalid,SYN-HYVAKS-000148,Vakituinen,2024-08-10,Toimipiste,"Hyvinvointialue, Keski-Suomi",Konsernipalvelut,Tietohallinto,Teknologiapalvelut,Teknologiapalvelut,"HOITAJANTIE 1, 40620 Jyväskylä","Toimiala=Konsernipalvelut; Vastuualue=Tietohallinto; Palvelualue=Teknologiapalvelut; Palveluyksikkö=Teknologiapalvelut; Toimipiste=HOITAJANTIE 1, 40620 Jyväskylä",KESKI-SUOMEN HYVINVOINTIALUE,KESKI-SUOMEN HYVINVOINTIALUE,40620,HOITAJANTIE 1,Keski-Suomi,Suomi,Järjestelmäasiantuntija,+358142000148,+35850100148,janne.sillanpaa,SYN-HYVAKS-000021,,,SMTP:janne.sillanpaa@example.invalid,,,fi-FI,Aktiivinen,synthetic-development-data
Jyväskylä,Keski-Suomen hyvinvointialue,Teknologiapalvelut,Heikkilä Liisa,liisa.heikkila@example.invalid,SYN-HYVAKS-000149,Vakituinen,1998-10-25,Toimipiste,"Hyvinvointialue, Keski-Suomi",Konsernipalvelut,Tietohallinto,Teknologiapalvelut,Teknologiapalvelut,"HYVINVOINTIKATU 12, 40100 Jyväskylä","Toimiala=Konsernipalvelut; Vastuualue=Tietohallinto; Palvelualue=Teknologiapalvelut; Palveluyksikkö=Teknologiapalvelut; Toimipiste=HYVINVOINTIKATU 12, 40100 Jyväskylä",KESKI-SUOMEN HYVINVOINTIALUE,KESKI-SUOMEN HYVINVOINTIALUE,40100,HYVINVOINTIKATU 12,Keski-Suomi,Suomi,Tietoturva-asiantuntija,+358142000149,+35840100149,liisa.heikkila,SYN-HYVAKS-000022,,,SMTP:liisa.heikkila@example.invalid,,,fi-FI,Aktiivinen,synthetic-development-data
Jämsä,Keski-Suomen hyvinvointialue,Viestintäpalvelut,Tuominen Olli,olli.tuominen@example.invalid,SYN-HYVAKS-000150,Määräaikainen,1998-03-28,Toimipiste,"Hyvinvointialue, Keski-Suomi",Konsernipalvelut,Viestintäpalvelut,Viestintäpalvelut,Viestintäpalvelut,"SAIRAALANTIE 8, 42100 Jämsä","Toimiala=Konsernipalvelut; Vastuualue=Viestintäpalvelut; Palvelualue=Viestintäpalvelut; Palveluyksikkö=Viestintäpalvelut; Toimipiste=SAIRAALANTIE 8, 42100 Jämsä",KESKI-SUOMEN HYVINVOINTIALUE,KESKI-SUOMEN HYVINVOINTIALUE,42100,SAIRAALANTIE 8,Keski-Suomi,Suomi,Verkkoviestinnän asiantuntija,+358142000150,+35850100150,olli.tuominen,SYN-HYVAKS-000030,,,SMTP:olli.tuominen@example.invalid,,,fi-FI,Aktiivinen,synthetic-development-data
Jyväskylä,Keski-Suomen hyvinvointialue,Viestintäpalvelut,Savolainen Lauri,lauri.savolainen@example.invalid,SYN-HYVAKS-000151,Vakituinen,2023-11-09,Toimipiste,"Hyvinvointialue, Keski-Suomi",Konsernipalvelut,Viestintäpalvelut,Viestintäpalvelut,Viestintäpalvelut,"HOITAJANTIE 1, 40620 Jyväskylä","Toimiala=Konsernipalvelut; Vastuualue=Viestintäpalvelut; Palvelualue=Viestintäpalvelut; Palveluyksikkö=Viestintäpalvelut; Toimipiste=HOITAJANTIE 1, 40620 Jyväskylä",KESKI-SUOMEN HYVINVOINTIALUE,KESKI-SUOMEN HYVINVOINTIALUE,40620,HOITAJANTIE 1,Keski-Suomi,Suomi,Viestintäasiantuntija,+358142000151,+35850100151,lauri.savolainen,SYN-HYVAKS-000028,,,SMTP:lauri.savolainen@example.invalid,,,fi-FI,Aktiivinen,synthetic-development-data
Jyväskylä,Keski-Suomen hyvinvointialue,Viestintäpalvelut,Paananen Paula,paula.paananen@example.invalid,SYN-HYVAKS-000152,Vakituinen,2020-09-06,Toimipiste,"Hyvinvointialue, Keski-Suomi",Konsernipalvelut,Viestintäpalvelut,Viestintäpalvelut,Viestintäpalvelut,"HOITAJANTIE 1, 40620 Jyväskylä","Toimiala=Konsernipalvelut; Vastuualue=Viestintäpalvelut; Palvelualue=Viestintäpalvelut; Palveluyksikkö=Viestintäpalvelut; Toimipiste=HOITAJANTIE 1, 40620 Jyväskylä",KESKI-SUOMEN HYVINVOINTIALUE,KESKI-SUOMEN HYVINVOINTIALUE,40620,HOITAJANTIE 1,Keski-Suomi,Suomi,Viestintäasiantuntija,+358142000152,+35845100152,paula.paananen,SYN-HYVAKS-000028,,,SMTP:paula.paananen@example.invalid,,,fi-FI,Aktiivinen,synthetic-development-data
Äänekoski,Keski-Suomen hyvinvointialue,Teknologiapalvelut,Väisänen Paula,paula.vaisanen@example.invalid,SYN-HYVAKS-000153,Sijainen,2025-07-25,Toimipiste,"Hyvinvointialue, Keski-Suomi",Konsernipalvelut,Tietohallinto,Teknologiapalvelut,Teknologiapalvelut,"KESKUSKATU 14, 44100 Äänekoski","Toimiala=Konsernipalvelut; Vastuualue=Tietohallinto; Palvelualue=Teknologiapalvelut; Palveluyksikkö=Teknologiapalvelut; Toimipiste=KESKUSKATU 14, 44100 Äänekoski",KESKI-SUOMEN HYVINVOINTIALUE,KESKI-SUOMEN HYVINVOINTIALUE,44100,KESKUSKATU 14,Keski-Suomi,Suomi,Järjestelmäasiantuntija,+358142000153,+35844100153,paula.vaisanen,SYN-HYVAKS-000024,,,SMTP:paula.vaisanen@example.invalid,,,fi-FI,Aktiivinen,synthetic-development-data
Laukaa,Keski-Suomen hyvinvointialue,Palveluprosessien digitalisaatio,Ylitalo Teemu,teemu.ylitalo@example.invalid,SYN-HYVAKS-000154,Vakituinen,2016-08-26,Toimipiste,"Hyvinvointialue, Keski-Suomi",Konsernipalvelut,Tietohallinto,Palveluprosessien digitalisaatio,Palveluprosessien digitalisaatio,"TERVEYSTIE 5, 41340 Laukaa","Toimiala=Konsernipalvelut; Vastuualue=Tietohallinto; Palvelualue=Palveluprosessien digitalisaatio; Palveluyksikkö=Palveluprosessien digitalisaatio; Toimipiste=TERVEYSTIE 5, 41340 Laukaa",KESKI-SUOMEN HYVINVOINTIALUE,KESKI-SUOMEN HYVINVOINTIALUE,41340,TERVEYSTIE 5,Keski-Suomi,Suomi,Prosessikehittäjä,+358142000154,+35845100154,teemu.ylitalo,SYN-HYVAKS-000027,,,SMTP:teemu.ylitalo@example.invalid,,,fi-FI,Aktiivinen,synthetic-development-data
Jämsä,Keski-Suomen hyvinvointialue,Teknologiapalvelut,Toivonen Heikki,heikki.toivonen@example.invalid,SYN-HYVAKS-000155,Vakituinen,2005-05-01,Toimipiste,"Hyvinvointialue, Keski-Suomi",Konsernipalvelut,Tietohallinto,Teknologiapalvelut,Teknologiapalvelut,"SAIRAALANTIE 8, 42100 Jämsä","Toimiala=Konsernipalvelut; Vastuualue=Tietohallinto; Palvelualue=Teknologiapalvelut; Palveluyksikkö=Teknologiapalvelut; Toimipiste=SAIRAALANTIE 8, 42100 Jämsä",KESKI-SUOMEN HYVINVOINTIALUE,KESKI-SUOMEN HYVINVOINTIALUE,42100,SAIRAALANTIE 8,Keski-Suomi,Suomi,Teknologia-asiantuntija,+358142000155,+35844100155,heikki.toivonen,SYN-HYVAKS-000023,,,SMTP:heikki.toivonen@example.invalid,,,fi-FI,Aktiivinen,synthetic-development-data
Äänekoski,Keski-Suomen hyvinvointialue,Tilapalveluiden johtaminen,Roiha Laura,laura.roiha@example.invalid,SYN-HYVAKS-000156,Määräaikainen,2021-06-01,Toimipiste,"Hyvinvointialue, Keski-Suomi",Konsernipalvelut,Tilapalvelut,Tilapalveluiden johtaminen,Tilapalveluiden johtaminen,"KESKUSKATU 14, 44100 Äänekoski","Toimiala=Konsernipalvelut; Vastuualue=Tilapalvelut; Palvelualue=Tilapalveluiden johtaminen; Palveluyksikkö=Tilapalveluiden johtaminen; Toimipiste=KESKUSKATU 14, 44100 Äänekoski",KESKI-SUOMEN HYVINVOINTIALUE,KESKI-SUOMEN HYVINVOINTIALUE,44100,KESKUSKATU 14,Keski-Suomi,Suomi,Huoltoinsinööri,+358142000156,+35845100156,laura.roiha,SYN-HYVAKS-000033,,,SMTP:laura.roiha@example.invalid,,,fi-FI,Aktiivinen,synthetic-development-data
Laukaa,Keski-Suomen hyvinvointialue,Palveluprosessien digitalisaatio,Mäkinen Henna,henna.makinen@example.invalid,SYN-HYVAKS-000157,Osa-aikainen,2020-06-20,Toimipiste,"Hyvinvointialue, Keski-Suomi",Konsernipalvelut,Tietohallinto,Palveluprosessien digitalisaatio,Palveluprosessien digitalisaatio,"TERVEYSTIE 5, 41340 Laukaa","Toimiala=Konsernipalvelut; Vastuualue=Tietohallinto; Palvelualue=Palveluprosessien digitalisaatio; Palveluyksikkö=Palveluprosessien digitalisaatio; Toimipiste=TERVEYSTIE 5, 41340 Laukaa",KESKI-SUOMEN HYVINVOINTIALUE,KESKI-SUOMEN HYVINVOINTIALUE,41340,TERVEYSTIE 5,Keski-Suomi,Suomi,Tietoasiantuntija,+358142000157,+35844100157,henna.makinen,SYN-HYVAKS-000027,,,SMTP:henna.makinen@example.invalid,,,fi-FI,Aktiivinen,synthetic-development-data
Laukaa,Keski-Suomen hyvinvointialue,Tietohallintopalvelut,Paananen Laura,laura.paananen@example.invalid,SYN-HYVAKS-000158,Vakituinen,2011-01-29,Toimipiste,"Hyvinvointialue, Keski-Suomi",Konsernipalvelut,Tietohallinto,Tietohallintopalvelut,Tietohallintopalvelut,"TERVEYSTIE 5, 41340 Laukaa","Toimiala=Konsernipalvelut; Vastuualue=Tietohallinto; Palvelualue=Tietohallintopalvelut; Palveluyksikkö=Tietohallintopalvelut; Toimipiste=TERVEYSTIE 5, 41340 Laukaa",KESKI-SUOMEN HYVINVOINTIALUE,KESKI-SUOMEN HYVINVOINTIALUE,41340,TERVEYSTIE 5,Keski-Suomi,Suomi,Käyttäjätukiasiantuntija,+358142000158,+35844100158,laura.paananen,SYN-HYVAKS-000018,,,SMTP:laura.paananen@example.invalid,,,fi-FI,Aktiivinen,synthetic-development-data
Jyväskylä,Keski-Suomen hyvinvointialue,Teknologiapalvelut,Vuorinen Mika,mika.vuorinen@example.invalid,SYN-HYVAKS-000159,Vakituinen,2013-04-27,Toimipiste,"Hyvinvointialue, Keski-Suomi",Konsernipalvelut,Tietohallinto,Teknologiapalvelut,Teknologiapalvelut,"HOITAJANTIE 1, 40620 Jyväskylä","Toimiala=Konsernipalvelut; Vastuualue=Tietohallinto; Palvelualue=Teknologiapalvelut; Palveluyksikkö=Teknologiapalvelut; Toimipiste=HOITAJANTIE 1, 40620 Jyväskylä",KESKI-SUOMEN HYVINVOINTIALUE,KESKI-SUOMEN HYVINVOINTIALUE,40620,HOITAJANTIE 1,Keski-Suomi,Suomi,Verkkoasiantuntija,+358142000159,+35845100159,mika.vuorinen,SYN-HYVAKS-000021,,,SMTP:mika.vuorinen@example.invalid,,,fi-FI,Aktiivinen,synthetic-development-data
Äänekoski,Keski-Suomen hyvinvointialue,Tietohallintopalvelut,Lahtinen Janne,janne.lahtinen@example.invalid,SYN-HYVAKS-000160,Vakituinen,2008-02-26,Toimipiste,"Hyvinvointialue, Keski-Suomi",Konsernipalvelut,Tietohallinto,Tietohallintopalvelut,Tietohallintopalvelut,"KESKUSKATU 14, 44100 Äänekoski","Toimiala=Konsernipalvelut; Vastuualue=Tietohallinto; Palvelualue=Tietohallintopalvelut; Palveluyksikkö=Tietohallintopalvelut; Toimipiste=KESKUSKATU 14, 44100 Äänekoski",KESKI-SUOMEN HYVINVOINTIALUE,KESKI-SUOMEN HYVINVOINTIALUE,44100,KESKUSKATU 14,Keski-Suomi,Suomi,Järjestelmäasiantuntija,+358142000160,+35840100160,janne.lahtinen,SYN-HYVAKS-000017,,,SMTP:janne.lahtinen@example.invalid,,,fi-FI,Aktiivinen,synthetic-development-data
Jyväskylä,Keski-Suomen hyvinvointialue,Viestintäpalvelut,Aaltonen Sari,sari.aaltonen@example.invalid,SYN-HYVAKS-000161,Vakituinen,2006-03-10,Toimipiste,"Hyvinvointialue, Keski-Suomi",Konsernipalvelut,Viestintäpalvelut,Viestintäpalvelut,Viestintäpalvelut,"HOITAJANTIE 1, 40620 Jyväskylä","Toimiala=Konsernipalvelut; Vastuualue=Viestintäpalvelut; Palvelualue=Viestintäpalvelut; Palveluyksikkö=Viestintäpalvelut; Toimipiste=HOITAJANTIE 1, 40620 Jyväskylä",KESKI-SUOMEN HYVINVOINTIALUE,KESKI-SUOMEN HYVINVOINTIALUE,40620,HOITAJANTIE 1,Keski-Suomi,Suomi,Sisällöntuottaja,+358142000161,+35850100161,sari.aaltonen,SYN-HYVAKS-000028,,,SMTP:sari.aaltonen@example.invalid,,,fi-FI,Aktiivinen,synthetic-development-data
Karstula,Keski-Suomen hyvinvointialue,Tilapalveluiden johtaminen,Hämäläinen Mika,mika.hamalainen@example.invalid,SYN-HYVAKS-000162,Osa-aikainen,2020-04-24,Toimipiste,"Hyvinvointialue, Keski-Suomi",Konsernipalvelut,Tilapalvelut,Tilapalveluiden johtaminen,Tilapalveluiden johtaminen,"HYVINVOINTITIE 6, 43500 Karstula","Toimiala=Konsernipalvelut; Vastuualue=Tilapalvelut; Palvelualue=Tilapalveluiden johtaminen; Palveluyksikkö=Tilapalveluiden johtaminen; Toimipiste=HYVINVOINTITIE 6, 43500 Karstula",KESKI-SUOMEN HYVINVOINTIALUE,KESKI-SUOMEN HYVINVOINTIALUE,43500,HYVINVOINTITIE 6,Keski-Suomi,Suomi,Huoltoinsinööri,+358142000162,+35850100162,mika.hamalainen,SYN-HYVAKS-000035,,,SMTP:mika.hamalainen@example.invalid,,,fi-FI,Aktiivinen,synthetic-development-data
Äänekoski,Keski-Suomen hyvinvointialue,Tietohallintopalvelut,Kinnunen Tiina,tiina.kinnunen@example.invalid,SYN-HYVAKS-000163,Vakituinen,2004-06-05,Toimipiste,"Hyvinvointialue, Keski-Suomi",Konsernipalvelut,Tietohallinto,Tietohallintopalvelut,Tietohallintopalvelut,"KESKUSKATU 14, 44100 Äänekoski","Toimiala=Konsernipalvelut; Vastuualue=Tietohallinto; Palvelualue=Tietohallintopalvelut; Palveluyksikkö=Tietohallintopalvelut; Toimipiste=KESKUSKATU 14, 44100 Äänekoski",KESKI-SUOMEN HYVINVOINTIALUE,KESKI-SUOMEN HYVINVOINTIALUE,44100,KESKUSKATU 14,Keski-Suomi,Suomi,Tietohallinnon asiantuntija,+358142000163,+35845100163,tiina.kinnunen,SYN-HYVAKS-000017,,,SMTP:tiina.kinnunen@example.invalid,,,fi-FI,Aktiivinen,synthetic-development-data
Laukaa,Keski-Suomen hyvinvointialue,Palveluprosessien digitalisaatio,Leppänen Markus,markus.leppanen@example.invalid,SYN-HYVAKS-000164,Vakituinen,2006-09-01,Toimipiste,"Hyvinvointialue, Keski-Suomi",Konsernipalvelut,Tietohallinto,Palveluprosessien digitalisaatio,Palveluprosessien digitalisaatio,"TERVEYSTIE 5, 41340 Laukaa","Toimiala=Konsernipalvelut; Vastuualue=Tietohallinto; Palvelualue=Palveluprosessien digitalisaatio; Palveluyksikkö=Palveluprosessien digitalisaatio; Toimipiste=TERVEYSTIE 5, 41340 Laukaa",KESKI-SUOMEN HYVINVOINTIALUE,KESKI-SUOMEN HYVINVOINTIALUE,41340,TERVEYSTIE 5,Keski-Suomi,Suomi,Digitalisaatioasiantuntija,+358142000164,+35850100164,markus.leppanen,SYN-HYVAKS-000027,,,SMTP:markus.leppanen@example.invalid,,,fi-FI,Aktiivinen,synthetic-development-data
Jyväskylä,Keski-Suomen hyvinvointialue,Teknologiapalvelut,Sillanpää Anni,anni.sillanpaa@example.invalid,SYN-HYVAKS-000165,Määräaikainen,1999-05-17,Toimipiste,"Hyvinvointialue, Keski-Suomi",Konsernipalvelut,Tietohallinto,Teknologiapalvelut,Teknologiapalvelut,"HYVINVOINTIKATU 12, 40100 Jyväskylä","Toimiala=Konsernipalvelut; Vastuualue=Tietohallinto; Palvelualue=Teknologiapalvelut; Palveluyksikkö=Teknologiapalvelut; Toimipiste=HYVINVOINTIKATU 12, 40100 Jyväskylä",KESKI-SUOMEN HYVINVOINTIALUE,KESKI-SUOMEN HYVINVOINTIALUE,40100,HYVINVOINTIKATU 12,Keski-Suomi,Suomi,Palveluarkkitehti,+358142000165,+35840100165,anni.sillanpaa,SYN-HYVAKS-000022,,,SMTP:anni.sillanpaa@example.invalid,,,fi-FI,Aktiivinen,synthetic-development-data
Jyväskylä,Keski-Suomen hyvinvointialue,Tietohallintopalvelut,Nurminen Anu,anu.nurminen@example.invalid,SYN-HYVAKS-000166,Osa-aikainen,2002-06-05,Toimipiste,"Hyvinvointialue, Keski-Suomi",Konsernipalvelut,Tietohallinto,Tietohallintopalvelut,Tietohallintopalvelut,"HOITAJANTIE 1, 40620 Jyväskylä","Toimiala=Konsernipalvelut; Vastuualue=Tietohallinto; Palvelualue=Tietohallintopalvelut; Palveluyksikkö=Tietohallintopalvelut; Toimipiste=HOITAJANTIE 1, 40620 Jyväskylä",KESKI-SUOMEN HYVINVOINTIALUE,KESKI-SUOMEN HYVINVOINTIALUE,40620,HOITAJANTIE 1,Keski-Suomi,Suomi,Laitetukiasiantuntija,+358142000166,+35844100166,anu.nurminen,SYN-HYVAKS-000015,,,SMTP:anu.nurminen@example.invalid,,,fi-FI,Aktiivinen,synthetic-development-data
Jyväskylä,Keski-Suomen hyvinvointialue,Palveluprosessien digitalisaatio,Hirvonen Ville,ville.hirvonen@example.invalid,SYN-HYVAKS-000167,Vakituinen,2019-06-23,Toimipiste,"Hyvinvointialue, Keski-Suomi",Konsernipalvelut,Tietohallinto,Palveluprosessien digitalisaatio,Palveluprosessien digitalisaatio,"HOITAJANTIE 1, 40620 Jyväskylä","Toimiala=Konsernipalvelut; Vastuualue=Tietohallinto; Palvelualue=Palveluprosessien digitalisaatio; Palveluyksikkö=Palveluprosessien digitalisaatio; Toimipiste=HOITAJANTIE 1, 40620 Jyväskylä",KESKI-SUOMEN HYVINVOINTIALUE,KESKI-SUOMEN HYVINVOINTIALUE,40620,HOITAJANTIE 1,Keski-Suomi,Suomi,Prosessikehittäjä,+358142000167,+35844100167,ville.hirvonen,SYN-HYVAKS-000025,,,SMTP:ville.hirvonen@example.invalid,,,fi-FI,Aktiivinen,synthetic-development-data
Jyväskylä,Keski-Suomen hyvinvointialue,Palveluprosessien digitalisaatio,Nurminen Emilia,emilia.nurminen@example.invalid,SYN-HYVAKS-000168,Vakituinen,2007-04-27,Toimipiste,"Hyvinvointialue, Keski-Suomi",Konsernipalvelut,Tietohallinto,Palveluprosessien digitalisaatio,Palveluprosessien digitalisaatio,"HOITAJANTIE 1, 40620 Jyväskylä","Toimiala=Konsernipalvelut; Vastuualue=Tietohallinto; Palvelualue=Palveluprosessien digitalisaatio; Palveluyksikkö=Palveluprosessien digitalisaatio; Toimipiste=HOITAJANTIE 1, 40620 Jyväskylä",KESKI-SUOMEN HYVINVOINTIALUE,KESKI-SUOMEN HYVINVOINTIALUE,40620,HOITAJANTIE 1,Keski-Suomi,Suomi,Digitalisaatioasiantuntija,+358142000168,+35845100168,emilia.nurminen,SYN-HYVAKS-000025,,,SMTP:emilia.nurminen@example.invalid,,,fi-FI,Aktiivinen,synthetic-development-data
Jyväskylä,Keski-Suomen hyvinvointialue,Tietohallintopalvelut,Toivonen Aino,aino.toivonen@example.invalid,SYN-HYVAKS-000169,Osa-aikainen,2021-06-12,Toimipiste,"Hyvinvointialue, Keski-Suomi",Konsernipalvelut,Tietohallinto,Tietohallintopalvelut,Tietohallintopalvelut,"HOITAJANTIE 1, 40620 Jyväskylä","Toimiala=Konsernipalvelut; Vastuualue=Tietohallinto; Palvelualue=Tietohallintopalvelut; Palveluyksikkö=Tietohallintopalvelut; Toimipiste=HOITAJANTIE 1, 40620 Jyväskylä",KESKI-SUOMEN HYVINVOINTIALUE,KESKI-SUOMEN HYVINVOINTIALUE,40620,HOITAJANTIE 1,Keski-Suomi,Suomi,Tietohallinnon asiantuntija,+358142000169,+35845100169,aino.toivonen,SYN-HYVAKS-000015,,,SMTP:aino.toivonen@example.invalid,,,fi-FI,Aktiivinen,synthetic-development-data
Äänekoski,Keski-Suomen hyvinvointialue,Tietohallintopalvelut,Hirvonen Nina,nina.hirvonen@example.invalid,SYN-HYVAKS-000170,Määräaikainen,2015-08-30,Toimipiste,"Hyvinvointialue, Keski-Suomi",Konsernipalvelut,Tietohallinto,Tietohallintopalvelut,Tietohallintopalvelut,"KESKUSKATU 14, 44100 Äänekoski","Toimiala=Konsernipalvelut; Vastuualue=Tietohallinto; Palvelualue=Tietohallintopalvelut; Palveluyksikkö=Tietohallintopalvelut; Toimipiste=KESKUSKATU 14, 44100 Äänekoski",KESKI-SUOMEN HYVINVOINTIALUE,KESKI-SUOMEN HYVINVOINTIALUE,44100,KESKUSKATU 14,Keski-Suomi,Suomi,Käyttäjätukiasiantuntija,+358142000170,+35845100170,nina.hirvonen,SYN-HYVAKS-000017,,,SMTP:nina.hirvonen@example.invalid,,,fi-FI,Aktiivinen,synthetic-development-data
Äänekoski,Keski-Suomen hyvinvointialue,Tilapalveluiden johtaminen,Lahtinen Markus,markus.lahtinen@example.invalid,SYN-HYVAKS-000171,Vakituinen,2007-11-19,Toimipiste,"Hyvinvointialue, Keski-Suomi",Konsernipalvelut,Tilapalvelut,Tilapalveluiden johtaminen,Tilapalveluiden johtaminen,"KESKUSKATU 14, 44100 Äänekoski","Toimiala=Konsernipalvelut; Vastuualue=Tilapalvelut; Palvelualue=Tilapalveluiden johtaminen; Palveluyksikkö=Tilapalveluiden johtaminen; Toimipiste=KESKUSKATU 14, 44100 Äänekoski",KESKI-SUOMEN HYVINVOINTIALUE,KESKI-SUOMEN HYVINVOINTIALUE,44100,KESKUSKATU 14,Keski-Suomi,Suomi,Kiinteistöasiantuntija,+358142000171,+35844100171,markus.lahtinen,SYN-HYVAKS-000033,,,SMTP:markus.lahtinen@example.invalid,,,fi-FI,Aktiivinen,synthetic-development-data
Laukaa,Keski-Suomen hyvinvointialue,Tietohallintopalvelut,Sipilä Eemeli,eemeli.sipila@example.invalid,SYN-HYVAKS-000172,Määräaikainen,2004-12-16,Toimipiste,"Hyvinvointialue, Keski-Suomi",Konsernipalvelut,Tietohallinto,Tietohallintopalvelut,Tietohallintopalvelut,"TERVEYSTIE 5, 41340 Laukaa","Toimiala=Konsernipalvelut; Vastuualue=Tietohallinto; Palvelualue=Tietohallintopalvelut; Palveluyksikkö=Tietohallintopalvelut; Toimipiste=TERVEYSTIE 5, 41340 Laukaa",KESKI-SUOMEN HYVINVOINTIALUE,KESKI-SUOMEN HYVINVOINTIALUE,41340,TERVEYSTIE 5,Keski-Suomi,Suomi,Järjestelmäasiantuntija,+358142000172,+35844100172,eemeli.sipila,SYN-HYVAKS-000018,,,SMTP:eemeli.sipila@example.invalid,,,fi-FI,Aktiivinen,synthetic-development-data
Jämsä,Keski-Suomen hyvinvointialue,Teknologiapalvelut,Mäkelä Johanna,johanna.makela@example.invalid,SYN-HYVAKS-000173,Vakituinen,2001-06-01,Toimipiste,"Hyvinvointialue, Keski-Suomi",Konsernipalvelut,Tietohallinto,Teknologiapalvelut,Teknologiapalvelut,"SAIRAALANTIE 8, 42100 Jämsä","Toimiala=Konsernipalvelut; Vastuualue=Tietohallinto; Palvelualue=Teknologiapalvelut; Palveluyksikkö=Teknologiapalvelut; Toimipiste=SAIRAALANTIE 8, 42100 Jämsä",KESKI-SUOMEN HYVINVOINTIALUE,KESKI-SUOMEN HYVINVOINTIALUE,42100,SAIRAALANTIE 8,Keski-Suomi,Suomi,Konesaliasiantuntija,+358142000173,+35840100173,johanna.makela,SYN-HYVAKS-000023,,,SMTP:johanna.makela@example.invalid,,,fi-FI,Aktiivinen,synthetic-development-data
Jyväskylä,Keski-Suomen hyvinvointialue,Tietohallinto yhteiset,Rinne Sanna,sanna.rinne@example.invalid,SYN-HYVAKS-000174,Määräaikainen,2012-06-30,Toimipiste,"Hyvinvointialue, Keski-Suomi",Konsernipalvelut,Tietohallinto,Tietohallinto yhteiset,Tietohallinto yhteiset,"HYVINVOINTIKATU 12, 40100 Jyväskylä","Toimiala=Konsernipalvelut; Vastuualue=Tietohallinto; Palvelualue=Tietohallinto yhteiset; Palveluyksikkö=Tietohallinto yhteiset; Toimipiste=HYVINVOINTIKATU 12, 40100 Jyväskylä",KESKI-SUOMEN HYVINVOINTIALUE,KESKI-SUOMEN HYVINVOINTIALUE,40100,HYVINVOINTIKATU 12,Keski-Suomi,Suomi,Johdon assistentti,+358142000174,+35845100174,sanna.rinne,SYN-HYVAKS-000014,,,SMTP:sanna.rinne@example.invalid,,,fi-FI,Aktiivinen,synthetic-development-data
Jyväskylä,Keski-Suomen hyvinvointialue,Projektit ja kehittäminen,Tuominen Pekka,pekka.tuominen@example.invalid,SYN-HYVAKS-000175,Vakituinen,2007-01-27,Toimipiste,"Hyvinvointialue, Keski-Suomi",Konsernipalvelut,Tietohallinto,Projektit ja kehittäminen,Projektit ja kehittäminen,"HYVINVOINTIKATU 12, 40100 Jyväskylä","Toimiala=Konsernipalvelut; Vastuualue=Tietohallinto; Palvelualue=Projektit ja kehittäminen; Palveluyksikkö=Projektit ja kehittäminen; Toimipiste=HYVINVOINTIKATU 12, 40100 Jyväskylä",KESKI-SUOMEN HYVINVOINTIALUE,KESKI-SUOMEN HYVINVOINTIALUE,40100,HYVINVOINTIKATU 12,Keski-Suomi,Suomi,Palvelumuotoilija,+358142000175,+35850100175,pekka.tuominen,SYN-HYVAKS-000020,,,SMTP:pekka.tuominen@example.invalid,,,fi-FI,Aktiivinen,synthetic-development-data
Jämsä,Keski-Suomen hyvinvointialue,Viestintäpalvelut,Salo Outi,outi.salo@example.invalid,SYN-HYVAKS-000176,Vakituinen,2006-11-29,Toimipiste,"Hyvinvointialue, Keski-Suomi",Konsernipalvelut,Viestintäpalvelut,Viestintäpalvelut,Viestintäpalvelut,"SAIRAALANTIE 8, 42100 Jämsä","Toimiala=Konsernipalvelut; Vastuualue=Viestintäpalvelut; Palvelualue=Viestintäpalvelut; Palveluyksikkö=Viestintäpalvelut; Toimipiste=SAIRAALANTIE 8, 42100 Jämsä",KESKI-SUOMEN HYVINVOINTIALUE,KESKI-SUOMEN HYVINVOINTIALUE,42100,SAIRAALANTIE 8,Keski-Suomi,Suomi,Viestintäasiantuntija,+358142000176,+35850100176,outi.salo,SYN-HYVAKS-000030,,,SMTP:outi.salo@example.invalid,,,fi-FI,Aktiivinen,synthetic-development-data
Äänekoski,Keski-Suomen hyvinvointialue,Teknologiapalvelut,Hirvonen Joonas,joonas.hirvonen@example.invalid,SYN-HYVAKS-000177,Vakituinen,2022-04-12,Toimipiste,"Hyvinvointialue, Keski-Suomi",Konsernipalvelut,Tietohallinto,Teknologiapalvelut,Teknologiapalvelut,"KESKUSKATU 14, 44100 Äänekoski","Toimiala=Konsernipalvelut; Vastuualue=Tietohallinto; Palvelualue=Teknologiapalvelut; Palveluyksikkö=Teknologiapalvelut; Toimipiste=KESKUSKATU 14, 44100 Äänekoski",KESKI-SUOMEN HYVINVOINTIALUE,KESKI-SUOMEN HYVINVOINTIALUE,44100,KESKUSKATU 14,Keski-Suomi,Suomi,Teknologia-asiantuntija,+358142000177,+35845100177,joonas.hirvonen,SYN-HYVAKS-000024,,,SMTP:joonas.hirvonen@example.invalid,,,fi-FI,Poistuva,synthetic-development-data
Jyväskylä,Keski-Suomen hyvinvointialue,Projektit ja kehittäminen,Lehtinen Sari,sari.lehtinen@example.invalid,SYN-HYVAKS-000178,Vakituinen,2014-11-21,Toimipiste,"Hyvinvointialue, Keski-Suomi",Konsernipalvelut,Tietohallinto,Projektit ja kehittäminen,Projektit ja kehittäminen,"HYVINVOINTIKATU 12, 40100 Jyväskylä","Toimiala=Konsernipalvelut; Vastuualue=Tietohallinto; Palvelualue=Projektit ja kehittäminen; Palveluyksikkö=Projektit ja kehittäminen; Toimipiste=HYVINVOINTIKATU 12, 40100 Jyväskylä",KESKI-SUOMEN HYVINVOINTIALUE,KESKI-SUOMEN HYVINVOINTIALUE,40100,HYVINVOINTIKATU 12,Keski-Suomi,Suomi,Projektisuunnittelija,+358142000178,+35845100178,sari.lehtinen,SYN-HYVAKS-000020,,,SMTP:sari.lehtinen@example.invalid,,,fi-FI,Aktiivinen,synthetic-development-data
Laukaa,Keski-Suomen hyvinvointialue,Tietohallintopalvelut,Karjalainen Vesa,vesa.karjalainen@example.invalid,SYN-HYVAKS-000179,Määräaikainen,1998-09-08,Toimipiste,"Hyvinvointialue, Keski-Suomi",Konsernipalvelut,Tietohallinto,Tietohallintopalvelut,Tietohallintopalvelut,"TERVEYSTIE 5, 41340 Laukaa","Toimiala=Konsernipalvelut; Vastuualue=Tietohallinto; Palvelualue=Tietohallintopalvelut; Palveluyksikkö=Tietohallintopalvelut; Toimipiste=TERVEYSTIE 5, 41340 Laukaa",KESKI-SUOMEN HYVINVOINTIALUE,KESKI-SUOMEN HYVINVOINTIALUE,41340,TERVEYSTIE 5,Keski-Suomi,Suomi,Laitetukiasiantuntija,+358142000179,+35840100179,vesa.karjalainen,SYN-HYVAKS-000018,,,SMTP:vesa.karjalainen@example.invalid,,,fi-FI,Aktiivinen,synthetic-development-data
Jyväskylä,Keski-Suomen hyvinvointialue,Projektit ja kehittäminen,Pitkänen Eeva,eeva.pitkanen@example.invalid,SYN-HYVAKS-000180,Vakituinen,2026-04-25,Toimipiste,"Hyvinvointialue, Keski-Suomi",Konsernipalvelut,Tietohallinto,Projektit ja kehittäminen,Projektit ja kehittäminen,"HYVINVOINTIKATU 12, 40100 Jyväskylä","Toimiala=Konsernipalvelut; Vastuualue=Tietohallinto; Palvelualue=Projektit ja kehittäminen; Palveluyksikkö=Projektit ja kehittäminen; Toimipiste=HYVINVOINTIKATU 12, 40100 Jyväskylä",KESKI-SUOMEN HYVINVOINTIALUE,KESKI-SUOMEN HYVINVOINTIALUE,40100,HYVINVOINTIKATU 12,Keski-Suomi,Suomi,Tuoteomistaja,+358142000180,+35845100180,eeva.pitkanen,SYN-HYVAKS-000020,,,SMTP:eeva.pitkanen@example.invalid,,,fi-FI,Aktiivinen,synthetic-development-data
Jyväskylä,Keski-Suomen hyvinvointialue,Tietohallinto yhteiset,Sipilä Ville,ville.sipila@example.invalid,SYN-HYVAKS-000181,Vakituinen,2017-07-27,Toimipiste,"Hyvinvointialue, Keski-Suomi",Konsernipalvelut,Tietohallinto,Tietohallinto yhteiset,Tietohallinto yhteiset,"HYVINVOINTIKATU 12, 40100 Jyväskylä","Toimiala=Konsernipalvelut; Vastuualue=Tietohallinto; Palvelualue=Tietohallinto yhteiset; Palveluyksikkö=Tietohallinto yhteiset; Toimipiste=HYVINVOINTIKATU 12, 40100 Jyväskylä",KESKI-SUOMEN HYVINVOINTIALUE,KESKI-SUOMEN HYVINVOINTIALUE,40100,HYVINVOINTIKATU 12,Keski-Suomi,Suomi,Tietohallinnon suunnittelija,+358142000181,+35850100181,ville.sipila,SYN-HYVAKS-000014,,,SMTP:ville.sipila@example.invalid,,,fi-FI,Aktiivinen,synthetic-development-data
Viitasaari,Keski-Suomen hyvinvointialue,Tilapalveluiden johtaminen,Rinne Leena,leena.rinne@example.invalid,SYN-HYVAKS-000182,Vakituinen,2000-01-27,Toimipiste,"Hyvinvointialue, Keski-Suomi",Konsernipalvelut,Tilapalvelut,Tilapalveluiden johtaminen,Tilapalveluiden johtaminen,"TERVEYSKESKUKSENTIE 2, 44500 Viitasaari","Toimiala=Konsernipalvelut; Vastuualue=Tilapalvelut; Palvelualue=Tilapalveluiden johtaminen; Palveluyksikkö=Tilapalveluiden johtaminen; Toimipiste=TERVEYSKESKUKSENTIE 2, 44500 Viitasaari",KESKI-SUOMEN HYVINVOINTIALUE,KESKI-SUOMEN HYVINVOINTIALUE,44500,TERVEYSKESKUKSENTIE 2,Keski-Suomi,Suomi,Kiinteistöasiantuntija,+358142000182,+35844100182,leena.rinne,SYN-HYVAKS-000036,,,SMTP:leena.rinne@example.invalid,,,fi-FI,Aktiivinen,synthetic-development-data
Äänekoski,Keski-Suomen hyvinvointialue,Tietohallintopalvelut,Ojala Pekka,pekka.ojala@example.invalid,SYN-HYVAKS-000183,Vakituinen,2019-10-20,Toimipiste,"Hyvinvointialue, Keski-Suomi",Konsernipalvelut,Tietohallinto,Tietohallintopalvelut,Tietohallintopalvelut,"KESKUSKATU 14, 44100 Äänekoski","Toimiala=Konsernipalvelut; Vastuualue=Tietohallinto; Palvelualue=Tietohallintopalvelut; Palveluyksikkö=Tietohallintopalvelut; Toimipiste=KESKUSKATU 14, 44100 Äänekoski",KESKI-SUOMEN HYVINVOINTIALUE,KESKI-SUOMEN HYVINVOINTIALUE,44100,KESKUSKATU 14,Keski-Suomi,Suomi,Käyttäjätukiasiantuntija,+358142000183,+35845100183,pekka.ojala,SYN-HYVAKS-000017,,,SMTP:pekka.ojala@example.invalid,,,fi-FI,Aktiivinen,synthetic-development-data
Jyväskylä,Keski-Suomen hyvinvointialue,Palveluprosessien digitalisaatio,Peltonen Kalle,kalle.peltonen@example.invalid,SYN-HYVAKS-000184,Vakituinen,2026-03-06,Toimipiste,"Hyvinvointialue, Keski-Suomi",Konsernipalvelut,Tietohallinto,Palveluprosessien digitalisaatio,Palveluprosessien digitalisaatio,"HYVINVOINTIKATU 12, 40100 Jyväskylä","Toimiala=Konsernipalvelut; Vastuualue=Tietohallinto; Palvelualue=Palveluprosessien digitalisaatio; Palveluyksikkö=Palveluprosessien digitalisaatio; Toimipiste=HYVINVOINTIKATU 12, 40100 Jyväskylä",KESKI-SUOMEN HYVINVOINTIALUE,KESKI-SUOMEN HYVINVOINTIALUE,40100,HYVINVOINTIKATU 12,Keski-Suomi,Suomi,Prosessikehittäjä,+358142000184,+35840100184,kalle.peltonen,SYN-HYVAKS-000026,,,SMTP:kalle.peltonen@example.invalid,,,fi-FI,Aktiivinen,synthetic-development-data
Äänekoski,Keski-Suomen hyvinvointialue,Teknologiapalvelut,Lahtinen Heikki,heikki.lahtinen@example.invalid,SYN-HYVAKS-000185,Vakituinen,2007-11-09,Toimipiste,"Hyvinvointialue, Keski-Suomi",Konsernipalvelut,Tietohallinto,Teknologiapalvelut,Teknologiapalvelut,"KESKUSKATU 14, 44100 Äänekoski","Toimiala=Konsernipalvelut; Vastuualue=Tietohallinto; Palvelualue=Teknologiapalvelut; Palveluyksikkö=Teknologiapalvelut; Toimipiste=KESKUSKATU 14, 44100 Äänekoski",KESKI-SUOMEN HYVINVOINTIALUE,KESKI-SUOMEN HYVINVOINTIALUE,44100,KESKUSKATU 14,Keski-Suomi,Suomi,Järjestelmäasiantuntija,+358142000185,+35850100185,heikki.lahtinen,SYN-HYVAKS-000024,,,SMTP:heikki.lahtinen@example.invalid,,,fi-FI,Aktiivinen,synthetic-development-data
Äänekoski,Keski-Suomen hyvinvointialue,Tietohallintopalvelut,Suomalainen Anni,anni.suomalainen@example.invalid,SYN-HYVAKS-000186,Vakituinen,2003-08-31,Toimipiste,"Hyvinvointialue, Keski-Suomi",Konsernipalvelut,Tietohallinto,Tietohallintopalvelut,Tietohallintopalvelut,"KESKUSKATU 14, 44100 Äänekoski","Toimiala=Konsernipalvelut; Vastuualue=Tietohallinto; Palvelualue=Tietohallintopalvelut; Palveluyksikkö=Tietohallintopalvelut; Toimipiste=KESKUSKATU 14, 44100 Äänekoski",KESKI-SUOMEN HYVINVOINTIALUE,KESKI-SUOMEN HYVINVOINTIALUE,44100,KESKUSKATU 14,Keski-Suomi,Suomi,Laitetukiasiantuntija,+358142000186,+35844100186,anni.suomalainen,SYN-HYVAKS-000017,,,SMTP:anni.suomalainen@example.invalid,,,fi-FI,Aktiivinen,synthetic-development-data
Jyväskylä,Keski-Suomen hyvinvointialue,Viestintäpalvelut,Sipilä Ville,ville.sipila2@example.invalid,SYN-HYVAKS-000187,Vakituinen,2008-05-01,Toimipiste,"Hyvinvointialue, Keski-Suomi",Konsernipalvelut,Viestintäpalvelut,Viestintäpalvelut,Viestintäpalvelut,"HYVINVOINTIKATU 12, 40100 Jyväskylä","Toimiala=Konsernipalvelut; Vastuualue=Viestintäpalvelut; Palvelualue=Viestintäpalvelut; Palveluyksikkö=Viestintäpalvelut; Toimipiste=HYVINVOINTIKATU 12, 40100 Jyväskylä",KESKI-SUOMEN HYVINVOINTIALUE,KESKI-SUOMEN HYVINVOINTIALUE,40100,HYVINVOINTIKATU 12,Keski-Suomi,Suomi,Sisällöntuottaja,+358142000187,+35840100187,ville.sipila2,SYN-HYVAKS-000029,,,SMTP:ville.sipila2@example.invalid,,,fi-FI,Aktiivinen,synthetic-development-data
Jämsä,Keski-Suomen hyvinvointialue,Tietohallintopalvelut,Nurminen Leena,leena.nurminen@example.invalid,SYN-HYVAKS-000188,Vakituinen,2008-09-26,Toimipiste,"Hyvinvointialue, Keski-Suomi",Konsernipalvelut,Tietohallinto,Tietohallintopalvelut,Tietohallintopalvelut,"SAIRAALANTIE 8, 42100 Jämsä","Toimiala=Konsernipalvelut; Vastuualue=Tietohallinto; Palvelualue=Tietohallintopalvelut; Palveluyksikkö=Tietohallintopalvelut; Toimipiste=SAIRAALANTIE 8, 42100 Jämsä",KESKI-SUOMEN HYVINVOINTIALUE,KESKI-SUOMEN HYVINVOINTIALUE,42100,SAIRAALANTIE 8,Keski-Suomi,Suomi,Järjestelmäasiantuntija,+358142000188,+35845100188,leena.nurminen,SYN-HYVAKS-000016,,,SMTP:leena.nurminen@example.invalid,,,fi-FI,Aktiivinen,synthetic-development-data
Laukaa,Keski-Suomen hyvinvointialue,Palveluprosessien digitalisaatio,Lindholm Tomi,tomi.lindholm@example.invalid,SYN-HYVAKS-000189,Vakituinen,2016-04-27,Toimipiste,"Hyvinvointialue, Keski-Suomi",Konsernipalvelut,Tietohallinto,Palveluprosessien digitalisaatio,Palveluprosessien digitalisaatio,"TERVEYSTIE 5, 41340 Laukaa","Toimiala=Konsernipalvelut; Vastuualue=Tietohallinto; Palvelualue=Palveluprosessien digitalisaatio; Palveluyksikkö=Palveluprosessien digitalisaatio; Toimipiste=TERVEYSTIE 5, 41340 Laukaa",KESKI-SUOMEN HYVINVOINTIALUE,KESKI-SUOMEN HYVINVOINTIALUE,41340,TERVEYSTIE 5,Keski-Suomi,Suomi,Integraatioasiantuntija,+358142000189,+35840100189,tomi.lindholm,SYN-HYVAKS-000027,,,SMTP:tomi.lindholm@example.invalid,,,fi-FI,Aktiivinen,synthetic-development-data
Jämsä,Keski-Suomen hyvinvointialue,Teknologiapalvelut,Törmänen Mika,mika.tormanen@example.invalid,SYN-HYVAKS-000190,Osa-aikainen,2026-07-24,Toimipiste,"Hyvinvointialue, Keski-Suomi",Konsernipalvelut,Tietohallinto,Teknologiapalvelut,Teknologiapalvelut,"SAIRAALANTIE 8, 42100 Jämsä","Toimiala=Konsernipalvelut; Vastuualue=Tietohallinto; Palvelualue=Teknologiapalvelut; Palveluyksikkö=Teknologiapalvelut; Toimipiste=SAIRAALANTIE 8, 42100 Jämsä",KESKI-SUOMEN HYVINVOINTIALUE,KESKI-SUOMEN HYVINVOINTIALUE,42100,SAIRAALANTIE 8,Keski-Suomi,Suomi,Konesaliasiantuntija,+358142000190,+35850100190,mika.tormanen,SYN-HYVAKS-000023,,,SMTP:mika.tormanen@example.invalid,,,fi-FI,Passiivinen,synthetic-development-data
Äänekoski,Keski-Suomen hyvinvointialue,Teknologiapalvelut,Ahonen Minna,minna.ahonen@example.invalid,SYN-HYVAKS-000191,Vakituinen,2011-08-25,Toimipiste,"Hyvinvointialue, Keski-Suomi",Konsernipalvelut,Tietohallinto,Teknologiapalvelut,Teknologiapalvelut,"KESKUSKATU 14, 44100 Äänekoski","Toimiala=Konsernipalvelut; Vastuualue=Tietohallinto; Palvelualue=Teknologiapalvelut; Palveluyksikkö=Teknologiapalvelut; Toimipiste=KESKUSKATU 14, 44100 Äänekoski",KESKI-SUOMEN HYVINVOINTIALUE,KESKI-SUOMEN HYVINVOINTIALUE,44100,KESKUSKATU 14,Keski-Suomi,Suomi,Konesaliasiantuntija,+358142000191,+35844100191,minna.ahonen,SYN-HYVAKS-000024,,,SMTP:minna.ahonen@example.invalid,,,fi-FI,Aktiivinen,synthetic-development-data
Jyväskylä,Keski-Suomen hyvinvointialue,Teknologiapalvelut,Heikkilä Aino,aino.heikkila@example.invalid,SYN-HYVAKS-000192,Vakituinen,2015-07-11,Toimipiste,"Hyvinvointialue, Keski-Suomi",Konsernipalvelut,Tietohallinto,Teknologiapalvelut,Teknologiapalvelut,"HYVINVOINTIKATU 12, 40100 Jyväskylä","Toimiala=Konsernipalvelut; Vastuualue=Tietohallinto; Palvelualue=Teknologiapalvelut; Palveluyksikkö=Teknologiapalvelut; Toimipiste=HYVINVOINTIKATU 12, 40100 Jyväskylä",KESKI-SUOMEN HYVINVOINTIALUE,KESKI-SUOMEN HYVINVOINTIALUE,40100,HYVINVOINTIKATU 12,Keski-Suomi,Suomi,Järjestelmäasiantuntija,+358142000192,+35840100192,aino.heikkila,SYN-HYVAKS-000022,,,SMTP:aino.heikkila@example.invalid,,,fi-FI,Aktiivinen,synthetic-development-data
Äänekoski,Keski-Suomen hyvinvointialue,Tilapalveluiden johtaminen,Ojala Tuomas,tuomas.ojala@example.invalid,SYN-HYVAKS-000193,Vakituinen,2007-06-25,Toimipiste,"Hyvinvointialue, Keski-Suomi",Konsernipalvelut,Tilapalvelut,Tilapalveluiden johtaminen,Tilapalveluiden johtaminen,"KESKUSKATU 14, 44100 Äänekoski","Toimiala=Konsernipalvelut; Vastuualue=Tilapalvelut; Palvelualue=Tilapalveluiden johtaminen; Palveluyksikkö=Tilapalveluiden johtaminen; Toimipiste=KESKUSKATU 14, 44100 Äänekoski",KESKI-SUOMEN HYVINVOINTIALUE,KESKI-SUOMEN HYVINVOINTIALUE,44100,KESKUSKATU 14,Keski-Suomi,Suomi,Huoltoinsinööri,+358142000193,+35844100193,tuomas.ojala,SYN-HYVAKS-000033,,,SMTP:tuomas.ojala@example.invalid,,,fi-FI,Aktiivinen,synthetic-development-data
Jyväskylä,Keski-Suomen hyvinvointialue,Tietohallintopalvelut,Toivonen Veera,veera.toivonen@example.invalid,SYN-HYVAKS-000194,Vakituinen,2001-05-18,Toimipiste,"Hyvinvointialue, Keski-Suomi",Konsernipalvelut,Tietohallinto,Tietohallintopalvelut,Tietohallintopalvelut,"HOITAJANTIE 1, 40620 Jyväskylä","Toimiala=Konsernipalvelut; Vastuualue=Tietohallinto; Palvelualue=Tietohallintopalvelut; Palveluyksikkö=Tietohallintopalvelut; Toimipiste=HOITAJANTIE 1, 40620 Jyväskylä",KESKI-SUOMEN HYVINVOINTIALUE,KESKI-SUOMEN HYVINVOINTIALUE,40620,HOITAJANTIE 1,Keski-Suomi,Suomi,Käyttäjätukiasiantuntija,+358142000194,+35844100194,veera.toivonen,SYN-HYVAKS-000015,,,SMTP:veera.toivonen@example.invalid,,,fi-FI,Aktiivinen,synthetic-development-data
Äänekoski,Keski-Suomen hyvinvointialue,Tilapalveluiden johtaminen,Nurminen Kimmo,kimmo.nurminen@example.invalid,SYN-HYVAKS-000195,Osa-aikainen,2022-06-06,Toimipiste,"Hyvinvointialue, Keski-Suomi",Konsernipalvelut,Tilapalvelut,Tilapalveluiden johtaminen,Tilapalveluiden johtaminen,"KESKUSKATU 14, 44100 Äänekoski","Toimiala=Konsernipalvelut; Vastuualue=Tilapalvelut; Palvelualue=Tilapalveluiden johtaminen; Palveluyksikkö=Tilapalveluiden johtaminen; Toimipiste=KESKUSKATU 14, 44100 Äänekoski",KESKI-SUOMEN HYVINVOINTIALUE,KESKI-SUOMEN HYVINVOINTIALUE,44100,KESKUSKATU 14,Keski-Suomi,Suomi,Kiinteistöasiantuntija,+358142000195,+35840100195,kimmo.nurminen,SYN-HYVAKS-000033,,,SMTP:kimmo.nurminen@example.invalid,,,fi-FI,Aktiivinen,synthetic-development-data
Jyväskylä,Keski-Suomen hyvinvointialue,Palveluprosessien digitalisaatio,Moilanen Kimmo,kimmo.moilanen@example.invalid,SYN-HYVAKS-000196,Sijainen,2024-10-10,Toimipiste,"Hyvinvointialue, Keski-Suomi",Konsernipalvelut,Tietohallinto,Palveluprosessien digitalisaatio,Palveluprosessien digitalisaatio,"HOITAJANTIE 1, 40620 Jyväskylä","Toimiala=Konsernipalvelut; Vastuualue=Tietohallinto; Palvelualue=Palveluprosessien digitalisaatio; Palveluyksikkö=Palveluprosessien digitalisaatio; Toimipiste=HOITAJANTIE 1, 40620 Jyväskylä",KESKI-SUOMEN HYVINVOINTIALUE,KESKI-SUOMEN HYVINVOINTIALUE,40620,HOITAJANTIE 1,Keski-Suomi,Suomi,Digitalisaatioasiantuntija,+358142000196,+35850100196,kimmo.moilanen,SYN-HYVAKS-000025,,,SMTP:kimmo.moilanen@example.invalid,,,fi-FI,Aktiivinen,synthetic-development-data
Äänekoski,Keski-Suomen hyvinvointialue,Tilapalveluiden johtaminen,Manninen Jere,jere.manninen@example.invalid,SYN-HYVAKS-000197,Vakituinen,2026-08-05,Toimipiste,"Hyvinvointialue, Keski-Suomi",Konsernipalvelut,Tilapalvelut,Tilapalveluiden johtaminen,Tilapalveluiden johtaminen,"KESKUSKATU 14, 44100 Äänekoski","Toimiala=Konsernipalvelut; Vastuualue=Tilapalvelut; Palvelualue=Tilapalveluiden johtaminen; Palveluyksikkö=Tilapalveluiden johtaminen; Toimipiste=KESKUSKATU 14, 44100 Äänekoski",KESKI-SUOMEN HYVINVOINTIALUE,KESKI-SUOMEN HYVINVOINTIALUE,44100,KESKUSKATU 14,Keski-Suomi,Suomi,Kiinteistöasiantuntija,+358142000197,+35845100197,jere.manninen,SYN-HYVAKS-000033,,,SMTP:jere.manninen@example.invalid,,,fi-FI,Aktiivinen,synthetic-development-data
Jyväskylä,Keski-Suomen hyvinvointialue,Viestintäpalvelut,Mäkelä Henna,henna.makela@example.invalid,SYN-HYVAKS-000198,Vakituinen,2007-01-12,Toimipiste,"Hyvinvointialue, Keski-Suomi",Konsernipalvelut,Viestintäpalvelut,Viestintäpalvelut,Viestintäpalvelut,"HYVINVOINTIKATU 12, 40100 Jyväskylä","Toimiala=Konsernipalvelut; Vastuualue=Viestintäpalvelut; Palvelualue=Viestintäpalvelut; Palveluyksikkö=Viestintäpalvelut; Toimipiste=HYVINVOINTIKATU 12, 40100 Jyväskylä",KESKI-SUOMEN HYVINVOINTIALUE,KESKI-SUOMEN HYVINVOINTIALUE,40100,HYVINVOINTIKATU 12,Keski-Suomi,Suomi,Verkkoviestinnän asiantuntija,+358142000198,+35850100198,henna.makela,SYN-HYVAKS-000029,,,SMTP:henna.makela@example.invalid,,,fi-FI,Passiivinen,synthetic-development-data
Jyväskylä,Keski-Suomen hyvinvointialue,Teknologiapalvelut,Toivonen Saara,saara.toivonen@example.invalid,SYN-HYVAKS-000199,Vakituinen,2018-05-27,Toimipiste,"Hyvinvointialue, Keski-Suomi",Konsernipalvelut,Tietohallinto,Teknologiapalvelut,Teknologiapalvelut,"HOITAJANTIE 1, 40620 Jyväskylä","Toimiala=Konsernipalvelut; Vastuualue=Tietohallinto; Palvelualue=Teknologiapalvelut; Palveluyksikkö=Teknologiapalvelut; Toimipiste=HOITAJANTIE 1, 40620 Jyväskylä",KESKI-SUOMEN HYVINVOINTIALUE,KESKI-SUOMEN HYVINVOINTIALUE,40620,HOITAJANTIE 1,Keski-Suomi,Suomi,Konesaliasiantuntija,+358142000199,+35845100199,saara.toivonen,SYN-HYVAKS-000021,,,SMTP:saara.toivonen@example.invalid,,,fi-FI,Aktiivinen,synthetic-development-data
Jyväskylä,Keski-Suomen hyvinvointialue,Teknologiapalvelut,Kinnunen Tuula,tuula.kinnunen@example.invalid,SYN-HYVAKS-000200,Vakituinen,2007-06-30,Toimipiste,"Hyvinvointialue, Keski-Suomi",Konsernipalvelut,Tietohallinto,Teknologiapalvelut,Teknologiapalvelut,"HOITAJANTIE 1, 40620 Jyväskylä","Toimiala=Konsernipalvelut; Vastuualue=Tietohallinto; Palvelualue=Teknologiapalvelut; Palveluyksikkö=Teknologiapalvelut; Toimipiste=HOITAJANTIE 1, 40620 Jyväskylä",KESKI-SUOMEN HYVINVOINTIALUE,KESKI-SUOMEN HYVINVOINTIALUE,40620,HOITAJANTIE 1,Keski-Suomi,Suomi,Teknologia-asiantuntija,+358142000200,+35844100200,tuula.kinnunen,SYN-HYVAKS-000021,,,SMTP:tuula.kinnunen@example.invalid,,,fi-FI,Aktiivinen,synthetic-development-data
Äänekoski,Keski-Suomen hyvinvointialue,Teknologiapalvelut,Kinnunen Johanna,johanna.kinnunen@example.invalid,SYN-HYVAKS-000201,Määräaikainen,2011-05-01,Toimipiste,"Hyvinvointialue, Keski-Suomi",Konsernipalvelut,Tietohallinto,Teknologiapalvelut,Teknologiapalvelut,"KESKUSKATU 14, 44100 Äänekoski","Toimiala=Konsernipalvelut; Vastuualue=Tietohallinto; Palvelualue=Teknologiapalvelut; Palveluyksikkö=Teknologiapalvelut; Toimipiste=KESKUSKATU 14, 44100 Äänekoski",KESKI-SUOMEN HYVINVOINTIALUE,KESKI-SUOMEN HYVINVOINTIALUE,44100,KESKUSKATU 14,Keski-Suomi,Suomi,Konesaliasiantuntija,+358142000201,+35845100201,johanna.kinnunen,SYN-HYVAKS-000024,,,SMTP:johanna.kinnunen@example.invalid,,,fi-FI,Aktiivinen,synthetic-development-data
Äänekoski,Keski-Suomen hyvinvointialue,Tietohallintopalvelut,Kallio Laura,laura.kallio@example.invalid,SYN-HYVAKS-000202,Vakituinen,2018-04-30,Toimipiste,"Hyvinvointialue, Keski-Suomi",Konsernipalvelut,Tietohallinto,Tietohallintopalvelut,Tietohallintopalvelut,"KESKUSKATU 14, 44100 Äänekoski","Toimiala=Konsernipalvelut; Vastuualue=Tietohallinto; Palvelualue=Tietohallintopalvelut; Palveluyksikkö=Tietohallintopalvelut; Toimipiste=KESKUSKATU 14, 44100 Äänekoski",KESKI-SUOMEN HYVINVOINTIALUE,KESKI-SUOMEN HYVINVOINTIALUE,44100,KESKUSKATU 14,Keski-Suomi,Suomi,Käyttäjätukiasiantuntija,+358142000202,+35845100202,laura.kallio,SYN-HYVAKS-000017,,,SMTP:laura.kallio@example.invalid,,,fi-FI,Aktiivinen,synthetic-development-data
Äänekoski,Keski-Suomen hyvinvointialue,Tietohallintopalvelut,Nieminen Ville,ville.nieminen2@example.invalid,SYN-HYVAKS-000203,Vakituinen,2016-07-31,Toimipiste,"Hyvinvointialue, Keski-Suomi",Konsernipalvelut,Tietohallinto,Tietohallintopalvelut,Tietohallintopalvelut,"KESKUSKATU 14, 44100 Äänekoski","Toimiala=Konsernipalvelut; Vastuualue=Tietohallinto; Palvelualue=Tietohallintopalvelut; Palveluyksikkö=Tietohallintopalvelut; Toimipiste=KESKUSKATU 14, 44100 Äänekoski",KESKI-SUOMEN HYVINVOINTIALUE,KESKI-SUOMEN HYVINVOINTIALUE,44100,KESKUSKATU 14,Keski-Suomi,Suomi,Tietohallinnon asiantuntija,+358142000203,+35840100203,ville.nieminen2,SYN-HYVAKS-000017,,,SMTP:ville.nieminen2@example.invalid,,,fi-FI,Aktiivinen,synthetic-development-data
Jämsä,Keski-Suomen hyvinvointialue,Teknologiapalvelut,Vuorinen Meri,meri.vuorinen@example.invalid,SYN-HYVAKS-000204,Vakituinen,1999-02-15,Toimipiste,"Hyvinvointialue, Keski-Suomi",Konsernipalvelut,Tietohallinto,Teknologiapalvelut,Teknologiapalvelut,"SAIRAALANTIE 8, 42100 Jämsä","Toimiala=Konsernipalvelut; Vastuualue=Tietohallinto; Palvelualue=Teknologiapalvelut; Palveluyksikkö=Teknologiapalvelut; Toimipiste=SAIRAALANTIE 8, 42100 Jämsä",KESKI-SUOMEN HYVINVOINTIALUE,KESKI-SUOMEN HYVINVOINTIALUE,42100,SAIRAALANTIE 8,Keski-Suomi,Suomi,Järjestelmäasiantuntija,+358142000204,+35840100204,meri.vuorinen,SYN-HYVAKS-000023,,,SMTP:meri.vuorinen@example.invalid,,,fi-FI,Aktiivinen,synthetic-development-data
Äänekoski,Keski-Suomen hyvinvointialue,Teknologiapalvelut,Rautio Tuomas,tuomas.rautio@example.invalid,SYN-HYVAKS-000205,Vakituinen,2012-01-05,Toimipiste,"Hyvinvointialue, Keski-Suomi",Konsernipalvelut,Tietohallinto,Teknologiapalvelut,Teknologiapalvelut,"KESKUSKATU 14, 44100 Äänekoski","Toimiala=Konsernipalvelut; Vastuualue=Tietohallinto; Palvelualue=Teknologiapalvelut; Palveluyksikkö=Teknologiapalvelut; Toimipiste=KESKUSKATU 14, 44100 Äänekoski",KESKI-SUOMEN HYVINVOINTIALUE,KESKI-SUOMEN HYVINVOINTIALUE,44100,KESKUSKATU 14,Keski-Suomi,Suomi,Palveluarkkitehti,+358142000205,+35845100205,tuomas.rautio,SYN-HYVAKS-000024,,,SMTP:tuomas.rautio@example.invalid,,,fi-FI,Aktiivinen,synthetic-development-data
Jämsä,Keski-Suomen hyvinvointialue,Viestintäpalvelut,Virtanen Meri,meri.virtanen@example.invalid,SYN-HYVAKS-000206,Osa-aikainen,2013-06-12,Toimipiste,"Hyvinvointialue, Keski-Suomi",Konsernipalvelut,Viestintäpalvelut,Viestintäpalvelut,Viestintäpalvelut,"SAIRAALANTIE 8, 42100 Jämsä","Toimiala=Konsernipalvelut; Vastuualue=Viestintäpalvelut; Palvelualue=Viestintäpalvelut; Palveluyksikkö=Viestintäpalvelut; Toimipiste=SAIRAALANTIE 8, 42100 Jämsä",KESKI-SUOMEN HYVINVOINTIALUE,KESKI-SUOMEN HYVINVOINTIALUE,42100,SAIRAALANTIE 8,Keski-Suomi,Suomi,Sisällöntuottaja,+358142000206,+35844100206,meri.virtanen,SYN-HYVAKS-000030,,,SMTP:meri.virtanen@example.invalid,,,fi-FI,Aktiivinen,synthetic-development-data
Jyväskylä,Keski-Suomen hyvinvointialue,Teknologiapalvelut,Takala Juha,juha.takala@example.invalid,SYN-HYVAKS-000207,Osa-aikainen,2003-01-18,Toimipiste,"Hyvinvointialue, Keski-Suomi",Konsernipalvelut,Tietohallinto,Teknologiapalvelut,Teknologiapalvelut,"HYVINVOINTIKATU 12, 40100 Jyväskylä","Toimiala=Konsernipalvelut; Vastuualue=Tietohallinto; Palvelualue=Teknologiapalvelut; Palveluyksikkö=Teknologiapalvelut; Toimipiste=HYVINVOINTIKATU 12, 40100 Jyväskylä",KESKI-SUOMEN HYVINVOINTIALUE,KESKI-SUOMEN HYVINVOINTIALUE,40100,HYVINVOINTIKATU 12,Keski-Suomi,Suomi,Tietoturva-asiantuntija,+358142000207,+35844100207,juha.takala,SYN-HYVAKS-000022,,,SMTP:juha.takala@example.invalid,,,fi-FI,Poistuva,synthetic-development-data
Äänekoski,Keski-Suomen hyvinvointialue,Teknologiapalvelut,Salminen Teemu,teemu.salminen@example.invalid,SYN-HYVAKS-000208,Vakituinen,2004-02-07,Toimipiste,"Hyvinvointialue, Keski-Suomi",Konsernipalvelut,Tietohallinto,Teknologiapalvelut,Teknologiapalvelut,"KESKUSKATU 14, 44100 Äänekoski","Toimiala=Konsernipalvelut; Vastuualue=Tietohallinto; Palvelualue=Teknologiapalvelut; Palveluyksikkö=Teknologiapalvelut; Toimipiste=KESKUSKATU 14, 44100 Äänekoski",KESKI-SUOMEN HYVINVOINTIALUE,KESKI-SUOMEN HYVINVOINTIALUE,44100,KESKUSKATU 14,Keski-Suomi,Suomi,Teknologia-asiantuntija,+358142000208,+35844100208,teemu.salminen,SYN-HYVAKS-000024,,,SMTP:teemu.salminen@example.invalid,,,fi-FI,Aktiivinen,synthetic-development-data
Karstula,Keski-Suomen hyvinvointialue,Tilapalveluiden johtaminen,Ahonen Eemeli,eemeli.ahonen@example.invalid,SYN-HYVAKS-000209,Vakituinen,2015-01-02,Toimipiste,"Hyvinvointialue, Keski-Suomi",Konsernipalvelut,Tilapalvelut,Tilapalveluiden johtaminen,Tilapalveluiden johtaminen,"HYVINVOINTITIE 6, 43500 Karstula","Toimiala=Konsernipalvelut; Vastuualue=Tilapalvelut; Palvelualue=Tilapalveluiden johtaminen; Palveluyksikkö=Tilapalveluiden johtaminen; Toimipiste=HYVINVOINTITIE 6, 43500 Karstula",KESKI-SUOMEN HYVINVOINTIALUE,KESKI-SUOMEN HYVINVOINTIALUE,43500,HYVINVOINTITIE 6,Keski-Suomi,Suomi,Huoltoinsinööri,+358142000209,+35850100209,eemeli.ahonen,SYN-HYVAKS-000035,,,SMTP:eemeli.ahonen@example.invalid,,,fi-FI,Aktiivinen,synthetic-development-data
Jyväskylä,Keski-Suomen hyvinvointialue,Projektit ja kehittäminen,Ahonen Leena,leena.ahonen@example.invalid,SYN-HYVAKS-000210,Vakituinen,2010-07-25,Toimipiste,"Hyvinvointialue, Keski-Suomi",Konsernipalvelut,Tietohallinto,Projektit ja kehittäminen,Projektit ja kehittäminen,"HYVINVOINTIKATU 12, 40100 Jyväskylä","Toimiala=Konsernipalvelut; Vastuualue=Tietohallinto; Palvelualue=Projektit ja kehittäminen; Palveluyksikkö=Projektit ja kehittäminen; Toimipiste=HYVINVOINTIKATU 12, 40100 Jyväskylä",KESKI-SUOMEN HYVINVOINTIALUE,KESKI-SUOMEN HYVINVOINTIALUE,40100,HYVINVOINTIKATU 12,Keski-Suomi,Suomi,Palvelumuotoilija,+358142000210,+35840100210,leena.ahonen,SYN-HYVAKS-000020,,,SMTP:leena.ahonen@example.invalid,,,fi-FI,Aktiivinen,synthetic-development-data
Jyväskylä,Keski-Suomen hyvinvointialue,Viestintäpalvelut,Salonen Sanna,sanna.salonen@example.invalid,SYN-HYVAKS-000211,Vakituinen,2012-11-18,Toimipiste,"Hyvinvointialue, Keski-Suomi",Konsernipalvelut,Viestintäpalvelut,Viestintäpalvelut,Viestintäpalvelut,"HOITAJANTIE 1, 40620 Jyväskylä","Toimiala=Konsernipalvelut; Vastuualue=Viestintäpalvelut; Palvelualue=Viestintäpalvelut; Palveluyksikkö=Viestintäpalvelut; Toimipiste=HOITAJANTIE 1, 40620 Jyväskylä",KESKI-SUOMEN HYVINVOINTIALUE,KESKI-SUOMEN HYVINVOINTIALUE,40620,HOITAJANTIE 1,Keski-Suomi,Suomi,Verkkoviestinnän asiantuntija,+358142000211,+35845100211,sanna.salonen,SYN-HYVAKS-000028,,,SMTP:sanna.salonen@example.invalid,,,fi-FI,Aktiivinen,synthetic-development-data
Jyväskylä,Keski-Suomen hyvinvointialue,Tietohallinto yhteiset,Salo Paula,paula.salo@example.invalid,SYN-HYVAKS-000212,Vakituinen,2022-04-29,Toimipiste,"Hyvinvointialue, Keski-Suomi",Konsernipalvelut,Tietohallinto,Tietohallinto yhteiset,Tietohallinto yhteiset,"HYVINVOINTIKATU 12, 40100 Jyväskylä","Toimiala=Konsernipalvelut; Vastuualue=Tietohallinto; Palvelualue=Tietohallinto yhteiset; Palveluyksikkö=Tietohallinto yhteiset; Toimipiste=HYVINVOINTIKATU 12, 40100 Jyväskylä",KESKI-SUOMEN HYVINVOINTIALUE,KESKI-SUOMEN HYVINVOINTIALUE,40100,HYVINVOINTIKATU 12,Keski-Suomi,Suomi,Hallinnon asiantuntija,+358142000212,+35850100212,paula.salo,SYN-HYVAKS-000014,,,SMTP:paula.salo@example.invalid,,,fi-FI,Aktiivinen,synthetic-development-data
Äänekoski,Keski-Suomen hyvinvointialue,Teknologiapalvelut,Ojala Tuula,tuula.ojala@example.invalid,SYN-HYVAKS-000213,Määräaikainen,2014-11-16,Toimipiste,"Hyvinvointialue, Keski-Suomi",Konsernipalvelut,Tietohallinto,Teknologiapalvelut,Teknologiapalvelut,"KESKUSKATU 14, 44100 Äänekoski","Toimiala=Konsernipalvelut; Vastuualue=Tietohallinto; Palvelualue=Teknologiapalvelut; Palveluyksikkö=Teknologiapalvelut; Toimipiste=KESKUSKATU 14, 44100 Äänekoski",KESKI-SUOMEN HYVINVOINTIALUE,KESKI-SUOMEN HYVINVOINTIALUE,44100,KESKUSKATU 14,Keski-Suomi,Suomi,Järjestelmäasiantuntija,+358142000213,+35844100213,tuula.ojala,SYN-HYVAKS-000024,,,SMTP:tuula.ojala@example.invalid,,,fi-FI,Aktiivinen,synthetic-development-data
Karstula,Keski-Suomen hyvinvointialue,Tilapalveluiden johtaminen,Ahonen Sanna,sanna.ahonen@example.invalid,SYN-HYVAKS-000214,Sijainen,2008-11-26,Toimipiste,"Hyvinvointialue, Keski-Suomi",Konsernipalvelut,Tilapalvelut,Tilapalveluiden johtaminen,Tilapalveluiden johtaminen,"HYVINVOINTITIE 6, 43500 Karstula","Toimiala=Konsernipalvelut; Vastuualue=Tilapalvelut; Palvelualue=Tilapalveluiden johtaminen; Palveluyksikkö=Tilapalveluiden johtaminen; Toimipiste=HYVINVOINTITIE 6, 43500 Karstula",KESKI-SUOMEN HYVINVOINTIALUE,KESKI-SUOMEN HYVINVOINTIALUE,43500,HYVINVOINTITIE 6,Keski-Suomi,Suomi,Huoltoinsinööri,+358142000214,+35840100214,sanna.ahonen,SYN-HYVAKS-000035,,,SMTP:sanna.ahonen@example.invalid,,,fi-FI,Aktiivinen,synthetic-development-data
Laukaa,Keski-Suomen hyvinvointialue,Tietohallintopalvelut,Väisänen Riikka,riikka.vaisanen@example.invalid,SYN-HYVAKS-000215,Vakituinen,2011-08-06,Toimipiste,"Hyvinvointialue, Keski-Suomi",Konsernipalvelut,Tietohallinto,Tietohallintopalvelut,Tietohallintopalvelut,"TERVEYSTIE 5, 41340 Laukaa","Toimiala=Konsernipalvelut; Vastuualue=Tietohallinto; Palvelualue=Tietohallintopalvelut; Palveluyksikkö=Tietohallintopalvelut; Toimipiste=TERVEYSTIE 5, 41340 Laukaa",KESKI-SUOMEN HYVINVOINTIALUE,KESKI-SUOMEN HYVINVOINTIALUE,41340,TERVEYSTIE 5,Keski-Suomi,Suomi,Tietohallinnon asiantuntija,+358142000215,+35844100215,riikka.vaisanen,SYN-HYVAKS-000018,,,SMTP:riikka.vaisanen@example.invalid,,,fi-FI,Aktiivinen,synthetic-development-data
Jyväskylä,Keski-Suomen hyvinvointialue,Projektit ja kehittäminen,Pitkänen Juha,juha.pitkanen@example.invalid,SYN-HYVAKS-000216,Vakituinen,2018-11-08,Toimipiste,"Hyvinvointialue, Keski-Suomi",Konsernipalvelut,Tietohallinto,Projektit ja kehittäminen,Projektit ja kehittäminen,"HYVINVOINTIKATU 12, 40100 Jyväskylä","Toimiala=Konsernipalvelut; Vastuualue=Tietohallinto; Palvelualue=Projektit ja kehittäminen; Palveluyksikkö=Projektit ja kehittäminen; Toimipiste=HYVINVOINTIKATU 12, 40100 Jyväskylä",KESKI-SUOMEN HYVINVOINTIALUE,KESKI-SUOMEN HYVINVOINTIALUE,40100,HYVINVOINTIKATU 12,Keski-Suomi,Suomi,Tuoteomistaja,+358142000216,+35844100216,juha.pitkanen,SYN-HYVAKS-000020,,,SMTP:juha.pitkanen@example.invalid,,,fi-FI,Aktiivinen,synthetic-development-data
Jyväskylä,Keski-Suomen hyvinvointialue,Tilapalveluiden johtaminen,Sipilä Sari,sari.sipila@example.invalid,SYN-HYVAKS-000217,Vakituinen,2009-07-18,Toimipiste,"Hyvinvointialue, Keski-Suomi",Konsernipalvelut,Tilapalvelut,Tilapalveluiden johtaminen,Tilapalveluiden johtaminen,"HYVINVOINTIKATU 12, 40100 Jyväskylä","Toimiala=Konsernipalvelut; Vastuualue=Tilapalvelut; Palvelualue=Tilapalveluiden johtaminen; Palveluyksikkö=Tilapalveluiden johtaminen; Toimipiste=HYVINVOINTIKATU 12, 40100 Jyväskylä",KESKI-SUOMEN HYVINVOINTIALUE,KESKI-SUOMEN HYVINVOINTIALUE,40100,HYVINVOINTIKATU 12,Keski-Suomi,Suomi,Kiinteistöasiantuntija,+358142000217,+35840100217,sari.sipila,SYN-HYVAKS-000031,,,SMTP:sari.sipila@example.invalid,,,fi-FI,Aktiivinen,synthetic-development-data
Jämsä,Keski-Suomen hyvinvointialue,Tilapalveluiden johtaminen,Repo Paula,paula.repo@example.invalid,SYN-HYVAKS-000218,Vakituinen,1999-03-05,Toimipiste,"Hyvinvointialue, Keski-Suomi",Konsernipalvelut,Tilapalvelut,Tilapalveluiden johtaminen,Tilapalveluiden johtaminen,"SAIRAALANTIE 8, 42100 Jämsä","Toimiala=Konsernipalvelut; Vastuualue=Tilapalvelut; Palvelualue=Tilapalveluiden johtaminen; Palveluyksikkö=Tilapalveluiden johtaminen; Toimipiste=SAIRAALANTIE 8, 42100 Jämsä",KESKI-SUOMEN HYVINVOINTIALUE,KESKI-SUOMEN HYVINVOINTIALUE,42100,SAIRAALANTIE 8,Keski-Suomi,Suomi,Kiinteistöasiantuntija,+358142000218,+35850100218,paula.repo,SYN-HYVAKS-000032,,,SMTP:paula.repo@example.invalid,,,fi-FI,Aktiivinen,synthetic-development-data
Jämsä,Keski-Suomen hyvinvointialue,Tietohallintopalvelut,Mäkinen Tomi,tomi.makinen@example.invalid,SYN-HYVAKS-000219,Vakituinen,2005-12-12,Toimipiste,"Hyvinvointialue, Keski-Suomi",Konsernipalvelut,Tietohallinto,Tietohallintopalvelut,Tietohallintopalvelut,"SAIRAALANTIE 8, 42100 Jämsä","Toimiala=Konsernipalvelut; Vastuualue=Tietohallinto; Palvelualue=Tietohallintopalvelut; Palveluyksikkö=Tietohallintopalvelut; Toimipiste=SAIRAALANTIE 8, 42100 Jämsä",KESKI-SUOMEN HYVINVOINTIALUE,KESKI-SUOMEN HYVINVOINTIALUE,42100,SAIRAALANTIE 8,Keski-Suomi,Suomi,Käyttäjätukiasiantuntija,+358142000219,+35840100219,tomi.makinen,SYN-HYVAKS-000016,,,SMTP:tomi.makinen@example.invalid,,,fi-FI,Aktiivinen,synthetic-development-data
Jämsä,Keski-Suomen hyvinvointialue,Teknologiapalvelut,Räsänen Meri,meri.rasanen@example.invalid,SYN-HYVAKS-000220,Vakituinen,2004-06-29,Toimipiste,"Hyvinvointialue, Keski-Suomi",Konsernipalvelut,Tietohallinto,Teknologiapalvelut,Teknologiapalvelut,"SAIRAALANTIE 8, 42100 Jämsä","Toimiala=Konsernipalvelut; Vastuualue=Tietohallinto; Palvelualue=Teknologiapalvelut; Palveluyksikkö=Teknologiapalvelut; Toimipiste=SAIRAALANTIE 8, 42100 Jämsä",KESKI-SUOMEN HYVINVOINTIALUE,KESKI-SUOMEN HYVINVOINTIALUE,42100,SAIRAALANTIE 8,Keski-Suomi,Suomi,Palveluarkkitehti,+358142000220,+35844100220,meri.rasanen,SYN-HYVAKS-000023,,,SMTP:meri.rasanen@example.invalid,,,fi-FI,Aktiivinen,synthetic-development-data
Äänekoski,Keski-Suomen hyvinvointialue,Teknologiapalvelut,Nurminen Liisa,liisa.nurminen@example.invalid,SYN-HYVAKS-000221,Määräaikainen,2022-08-02,Toimipiste,"Hyvinvointialue, Keski-Suomi",Konsernipalvelut,Tietohallinto,Teknologiapalvelut,Teknologiapalvelut,"KESKUSKATU 14, 44100 Äänekoski","Toimiala=Konsernipalvelut; Vastuualue=Tietohallinto; Palvelualue=Teknologiapalvelut; Palveluyksikkö=Teknologiapalvelut; Toimipiste=KESKUSKATU 14, 44100 Äänekoski",KESKI-SUOMEN HYVINVOINTIALUE,KESKI-SUOMEN HYVINVOINTIALUE,44100,KESKUSKATU 14,Keski-Suomi,Suomi,Järjestelmäasiantuntija,+358142000221,+35844100221,liisa.nurminen,SYN-HYVAKS-000024,,,SMTP:liisa.nurminen@example.invalid,,,fi-FI,Aktiivinen,synthetic-development-data
Äänekoski,Keski-Suomen hyvinvointialue,Tietohallintopalvelut,Mattila Riku,riku.mattila@example.invalid,SYN-HYVAKS-000222,Vakituinen,2017-03-21,Toimipiste,"Hyvinvointialue, Keski-Suomi",Konsernipalvelut,Tietohallinto,Tietohallintopalvelut,Tietohallintopalvelut,"KESKUSKATU 14, 44100 Äänekoski","Toimiala=Konsernipalvelut; Vastuualue=Tietohallinto; Palvelualue=Tietohallintopalvelut; Palveluyksikkö=Tietohallintopalvelut; Toimipiste=KESKUSKATU 14, 44100 Äänekoski",KESKI-SUOMEN HYVINVOINTIALUE,KESKI-SUOMEN HYVINVOINTIALUE,44100,KESKUSKATU 14,Keski-Suomi,Suomi,Tietohallinnon asiantuntija,+358142000222,+35844100222,riku.mattila,SYN-HYVAKS-000017,,,SMTP:riku.mattila@example.invalid,,,fi-FI,Aktiivinen,synthetic-development-data
Jyväskylä,Keski-Suomen hyvinvointialue,Tietohallintopalvelut,Nieminen Eeva,eeva.nieminen@example.invalid,SYN-HYVAKS-000223,Vakituinen,2023-06-28,Toimipiste,"Hyvinvointialue, Keski-Suomi",Konsernipalvelut,Tietohallinto,Tietohallintopalvelut,Tietohallintopalvelut,"HOITAJANTIE 1, 40620 Jyväskylä","Toimiala=Konsernipalvelut; Vastuualue=Tietohallinto; Palvelualue=Tietohallintopalvelut; Palveluyksikkö=Tietohallintopalvelut; Toimipiste=HOITAJANTIE 1, 40620 Jyväskylä",KESKI-SUOMEN HYVINVOINTIALUE,KESKI-SUOMEN HYVINVOINTIALUE,40620,HOITAJANTIE 1,Keski-Suomi,Suomi,Järjestelmäasiantuntija,+358142000223,+35840100223,eeva.nieminen,SYN-HYVAKS-000015,,,SMTP:eeva.nieminen@example.invalid,,,fi-FI,Aktiivinen,synthetic-development-data
Äänekoski,Keski-Suomen hyvinvointialue,Tietohallintopalvelut,Suomalainen Sampo,sampo.suomalainen@example.invalid,SYN-HYVAKS-000224,Vakituinen,2012-06-14,Toimipiste,"Hyvinvointialue, Keski-Suomi",Konsernipalvelut,Tietohallinto,Tietohallintopalvelut,Tietohallintopalvelut,"KESKUSKATU 14, 44100 Äänekoski","Toimiala=Konsernipalvelut; Vastuualue=Tietohallinto; Palvelualue=Tietohallintopalvelut; Palveluyksikkö=Tietohallintopalvelut; Toimipiste=KESKUSKATU 14, 44100 Äänekoski",KESKI-SUOMEN HYVINVOINTIALUE,KESKI-SUOMEN HYVINVOINTIALUE,44100,KESKUSKATU 14,Keski-Suomi,Suomi,Tietohallinnon asiantuntija,+358142000224,+35850100224,sampo.suomalainen,SYN-HYVAKS-000017,,,SMTP:sampo.suomalainen@example.invalid,,,fi-FI,Aktiivinen,synthetic-development-data
Jyväskylä,Keski-Suomen hyvinvointialue,Projektit ja kehittäminen,Nieminen Jaana,jaana.nieminen@example.invalid,SYN-HYVAKS-000225,Määräaikainen,2015-04-07,Toimipiste,"Hyvinvointialue, Keski-Suomi",Konsernipalvelut,Tietohallinto,Projektit ja kehittäminen,Projektit ja kehittäminen,"HYVINVOINTIKATU 12, 40100 Jyväskylä","Toimiala=Konsernipalvelut; Vastuualue=Tietohallinto; Palvelualue=Projektit ja kehittäminen; Palveluyksikkö=Projektit ja kehittäminen; Toimipiste=HYVINVOINTIKATU 12, 40100 Jyväskylä",KESKI-SUOMEN HYVINVOINTIALUE,KESKI-SUOMEN HYVINVOINTIALUE,40100,HYVINVOINTIKATU 12,Keski-Suomi,Suomi,Tuoteomistaja,+358142000225,+35840100225,jaana.nieminen,SYN-HYVAKS-000020,,,SMTP:jaana.nieminen@example.invalid,,,fi-FI,Aktiivinen,synthetic-development-data
Laukaa,Keski-Suomen hyvinvointialue,Tietohallintopalvelut,Koskinen Satu,satu.koskinen@example.invalid,SYN-HYVAKS-000226,Määräaikainen,1999-05-25,Toimipiste,"Hyvinvointialue, Keski-Suomi",Konsernipalvelut,Tietohallinto,Tietohallintopalvelut,Tietohallintopalvelut,"TERVEYSTIE 5, 41340 Laukaa","Toimiala=Konsernipalvelut; Vastuualue=Tietohallinto; Palvelualue=Tietohallintopalvelut; Palveluyksikkö=Tietohallintopalvelut; Toimipiste=TERVEYSTIE 5, 41340 Laukaa",KESKI-SUOMEN HYVINVOINTIALUE,KESKI-SUOMEN HYVINVOINTIALUE,41340,TERVEYSTIE 5,Keski-Suomi,Suomi,Laitetukiasiantuntija,+358142000226,+35845100226,satu.koskinen,SYN-HYVAKS-000018,,,SMTP:satu.koskinen@example.invalid,,,fi-FI,Aktiivinen,synthetic-development-data
Laukaa,Keski-Suomen hyvinvointialue,Tietohallintopalvelut,Leppänen Timo,timo.leppanen@example.invalid,SYN-HYVAKS-000227,Vakituinen,2009-06-04,Toimipiste,"Hyvinvointialue, Keski-Suomi",Konsernipalvelut,Tietohallinto,Tietohallintopalvelut,Tietohallintopalvelut,"TERVEYSTIE 5, 41340 Laukaa","Toimiala=Konsernipalvelut; Vastuualue=Tietohallinto; Palvelualue=Tietohallintopalvelut; Palveluyksikkö=Tietohallintopalvelut; Toimipiste=TERVEYSTIE 5, 41340 Laukaa",KESKI-SUOMEN HYVINVOINTIALUE,KESKI-SUOMEN HYVINVOINTIALUE,41340,TERVEYSTIE 5,Keski-Suomi,Suomi,Käyttäjätukiasiantuntija,+358142000227,+35850100227,timo.leppanen,SYN-HYVAKS-000018,,,SMTP:timo.leppanen@example.invalid,,,fi-FI,Aktiivinen,synthetic-development-data
Jyväskylä,Keski-Suomen hyvinvointialue,Teknologiapalvelut,Leppänen Mikael,mikael.leppanen@example.invalid,SYN-HYVAKS-000228,Vakituinen,2003-04-21,Toimipiste,"Hyvinvointialue, Keski-Suomi",Konsernipalvelut,Tietohallinto,Teknologiapalvelut,Teknologiapalvelut,"HOITAJANTIE 1, 40620 Jyväskylä","Toimiala=Konsernipalvelut; Vastuualue=Tietohallinto; Palvelualue=Teknologiapalvelut; Palveluyksikkö=Teknologiapalvelut; Toimipiste=HOITAJANTIE 1, 40620 Jyväskylä",KESKI-SUOMEN HYVINVOINTIALUE,KESKI-SUOMEN HYVINVOINTIALUE,40620,HOITAJANTIE 1,Keski-Suomi,Suomi,Konesaliasiantuntija,+358142000228,+35844100228,mikael.leppanen,SYN-HYVAKS-000021,,,SMTP:mikael.leppanen@example.invalid,,,fi-FI,Aktiivinen,synthetic-development-data
Laukaa,Keski-Suomen hyvinvointialue,Tietohallintopalvelut,Mattila Mika,mika.mattila@example.invalid,SYN-HYVAKS-000229,Vakituinen,2008-05-31,Toimipiste,"Hyvinvointialue, Keski-Suomi",Konsernipalvelut,Tietohallinto,Tietohallintopalvelut,Tietohallintopalvelut,"TERVEYSTIE 5, 41340 Laukaa","Toimiala=Konsernipalvelut; Vastuualue=Tietohallinto; Palvelualue=Tietohallintopalvelut; Palveluyksikkö=Tietohallintopalvelut; Toimipiste=TERVEYSTIE 5, 41340 Laukaa",KESKI-SUOMEN HYVINVOINTIALUE,KESKI-SUOMEN HYVINVOINTIALUE,41340,TERVEYSTIE 5,Keski-Suomi,Suomi,Tietohallinnon asiantuntija,+358142000229,+35850100229,mika.mattila,SYN-HYVAKS-000018,,,SMTP:mika.mattila@example.invalid,,,fi-FI,Aktiivinen,synthetic-development-data
Jämsä,Keski-Suomen hyvinvointialue,Teknologiapalvelut,Karjalainen Vesa,vesa.karjalainen2@example.invalid,SYN-HYVAKS-000230,Määräaikainen,2026-02-14,Toimipiste,"Hyvinvointialue, Keski-Suomi",Konsernipalvelut,Tietohallinto,Teknologiapalvelut,Teknologiapalvelut,"SAIRAALANTIE 8, 42100 Jämsä","Toimiala=Konsernipalvelut; Vastuualue=Tietohallinto; Palvelualue=Teknologiapalvelut; Palveluyksikkö=Teknologiapalvelut; Toimipiste=SAIRAALANTIE 8, 42100 Jämsä",KESKI-SUOMEN HYVINVOINTIALUE,KESKI-SUOMEN HYVINVOINTIALUE,42100,SAIRAALANTIE 8,Keski-Suomi,Suomi,Tietoturva-asiantuntija,+358142000230,+35844100230,vesa.karjalainen2,SYN-HYVAKS-000023,,,SMTP:vesa.karjalainen2@example.invalid,,,fi-FI,Aktiivinen,synthetic-development-data
Jyväskylä,Keski-Suomen hyvinvointialue,Projektit ja kehittäminen,Räsänen Paula,paula.rasanen2@example.invalid,SYN-HYVAKS-000231,Määräaikainen,2003-10-30,Toimipiste,"Hyvinvointialue, Keski-Suomi",Konsernipalvelut,Tietohallinto,Projektit ja kehittäminen,Projektit ja kehittäminen,"HOITAJANTIE 1, 40620 Jyväskylä","Toimiala=Konsernipalvelut; Vastuualue=Tietohallinto; Palvelualue=Projektit ja kehittäminen; Palveluyksikkö=Projektit ja kehittäminen; Toimipiste=HOITAJANTIE 1, 40620 Jyväskylä",KESKI-SUOMEN HYVINVOINTIALUE,KESKI-SUOMEN HYVINVOINTIALUE,40620,HOITAJANTIE 1,Keski-Suomi,Suomi,Projektisuunnittelija,+358142000231,+35845100231,paula.rasanen2,SYN-HYVAKS-000019,,,SMTP:paula.rasanen2@example.invalid,,,fi-FI,Aktiivinen,synthetic-development-data
Jämsä,Keski-Suomen hyvinvointialue,Tilapalveluiden johtaminen,Leppänen Tuula,tuula.leppanen@example.invalid,SYN-HYVAKS-000232,Vakituinen,2008-09-13,Toimipiste,"Hyvinvointialue, Keski-Suomi",Konsernipalvelut,Tilapalvelut,Tilapalveluiden johtaminen,Tilapalveluiden johtaminen,"SAIRAALANTIE 8, 42100 Jämsä","Toimiala=Konsernipalvelut; Vastuualue=Tilapalvelut; Palvelualue=Tilapalveluiden johtaminen; Palveluyksikkö=Tilapalveluiden johtaminen; Toimipiste=SAIRAALANTIE 8, 42100 Jämsä",KESKI-SUOMEN HYVINVOINTIALUE,KESKI-SUOMEN HYVINVOINTIALUE,42100,SAIRAALANTIE 8,Keski-Suomi,Suomi,Huoltoinsinööri,+358142000232,+35840100232,tuula.leppanen,SYN-HYVAKS-000032,,,SMTP:tuula.leppanen@example.invalid,,,fi-FI,Aktiivinen,synthetic-development-data
Jyväskylä,Keski-Suomen hyvinvointialue,Viestintäpalvelut,Koskinen Tiina,tiina.koskinen@example.invalid,SYN-HYVAKS-000233,Vakituinen,2009-12-06,Toimipiste,"Hyvinvointialue, Keski-Suomi",Konsernipalvelut,Viestintäpalvelut,Viestintäpalvelut,Viestintäpalvelut,"HYVINVOINTIKATU 12, 40100 Jyväskylä","Toimiala=Konsernipalvelut; Vastuualue=Viestintäpalvelut; Palvelualue=Viestintäpalvelut; Palveluyksikkö=Viestintäpalvelut; Toimipiste=HYVINVOINTIKATU 12, 40100 Jyväskylä",KESKI-SUOMEN HYVINVOINTIALUE,KESKI-SUOMEN HYVINVOINTIALUE,40100,HYVINVOINTIKATU 12,Keski-Suomi,Suomi,Sisällöntuottaja,+358142000233,+35845100233,tiina.koskinen,SYN-HYVAKS-000029,,,SMTP:tiina.koskinen@example.invalid,,,sv-FI,Aktiivinen,synthetic-development-data
Äänekoski,Keski-Suomen hyvinvointialue,Teknologiapalvelut,Mäkinen Meri,meri.makinen@example.invalid,SYN-HYVAKS-000234,Vakituinen,2010-06-19,Toimipiste,"Hyvinvointialue, Keski-Suomi",Konsernipalvelut,Tietohallinto,Teknologiapalvelut,Teknologiapalvelut,"KESKUSKATU 14, 44100 Äänekoski","Toimiala=Konsernipalvelut; Vastuualue=Tietohallinto; Palvelualue=Teknologiapalvelut; Palveluyksikkö=Teknologiapalvelut; Toimipiste=KESKUSKATU 14, 44100 Äänekoski",KESKI-SUOMEN HYVINVOINTIALUE,KESKI-SUOMEN HYVINVOINTIALUE,44100,KESKUSKATU 14,Keski-Suomi,Suomi,Verkkoasiantuntija,+358142000234,+35850100234,meri.makinen,SYN-HYVAKS-000024,,,SMTP:meri.makinen@example.invalid,,,fi-FI,Aktiivinen,synthetic-development-data
Laukaa,Keski-Suomen hyvinvointialue,Palveluprosessien digitalisaatio,Hakala Heikki,heikki.hakala@example.invalid,SYN-HYVAKS-000235,Määräaikainen,2010-05-18,Toimipiste,"Hyvinvointialue, Keski-Suomi",Konsernipalvelut,Tietohallinto,Palveluprosessien digitalisaatio,Palveluprosessien digitalisaatio,"TERVEYSTIE 5, 41340 Laukaa","Toimiala=Konsernipalvelut; Vastuualue=Tietohallinto; Palvelualue=Palveluprosessien digitalisaatio; Palveluyksikkö=Palveluprosessien digitalisaatio; Toimipiste=TERVEYSTIE 5, 41340 Laukaa",KESKI-SUOMEN HYVINVOINTIALUE,KESKI-SUOMEN HYVINVOINTIALUE,41340,TERVEYSTIE 5,Keski-Suomi,Suomi,Prosessikehittäjä,+358142000235,+35850100235,heikki.hakala,SYN-HYVAKS-000027,,,SMTP:heikki.hakala@example.invalid,,,en-US,Aktiivinen,synthetic-development-data
Jämsä,Keski-Suomen hyvinvointialue,Teknologiapalvelut,Pitkänen Antti,antti.pitkanen@example.invalid,SYN-HYVAKS-000236,Vakituinen,2001-12-20,Toimipiste,"Hyvinvointialue, Keski-Suomi",Konsernipalvelut,Tietohallinto,Teknologiapalvelut,Teknologiapalvelut,"SAIRAALANTIE 8, 42100 Jämsä","Toimiala=Konsernipalvelut; Vastuualue=Tietohallinto; Palvelualue=Teknologiapalvelut; Palveluyksikkö=Teknologiapalvelut; Toimipiste=SAIRAALANTIE 8, 42100 Jämsä",KESKI-SUOMEN HYVINVOINTIALUE,KESKI-SUOMEN HYVINVOINTIALUE,42100,SAIRAALANTIE 8,Keski-Suomi,Suomi,Teknologia-asiantuntija,+358142000236,+35845100236,antti.pitkanen,SYN-HYVAKS-000023,,,SMTP:antti.pitkanen@example.invalid,,,sv-FI,Aktiivinen,synthetic-development-data
Jyväskylä,Keski-Suomen hyvinvointialue,Tietohallintopalvelut,Ahonen Teemu,teemu.ahonen@example.invalid,SYN-HYVAKS-000237,Määräaikainen,2019-05-13,Toimipiste,"Hyvinvointialue, Keski-Suomi",Konsernipalvelut,Tietohallinto,Tietohallintopalvelut,Tietohallintopalvelut,"HOITAJANTIE 1, 40620 Jyväskylä","Toimiala=Konsernipalvelut; Vastuualue=Tietohallinto; Palvelualue=Tietohallintopalvelut; Palveluyksikkö=Tietohallintopalvelut; Toimipiste=HOITAJANTIE 1, 40620 Jyväskylä",KESKI-SUOMEN HYVINVOINTIALUE,KESKI-SUOMEN HYVINVOINTIALUE,40620,HOITAJANTIE 1,Keski-Suomi,Suomi,Tietohallinnon asiantuntija,+358142000237,+35840100237,teemu.ahonen,SYN-HYVAKS-000015,,,SMTP:teemu.ahonen@example.invalid,,,fi-FI,Aktiivinen,synthetic-development-data
Jämsä,Keski-Suomen hyvinvointialue,Teknologiapalvelut,Kinnunen Jukka,jukka.kinnunen@example.invalid,SYN-HYVAKS-000238,Vakituinen,2024-08-31,Toimipiste,"Hyvinvointialue, Keski-Suomi",Konsernipalvelut,Tietohallinto,Teknologiapalvelut,Teknologiapalvelut,"SAIRAALANTIE 8, 42100 Jämsä","Toimiala=Konsernipalvelut; Vastuualue=Tietohallinto; Palvelualue=Teknologiapalvelut; Palveluyksikkö=Teknologiapalvelut; Toimipiste=SAIRAALANTIE 8, 42100 Jämsä",KESKI-SUOMEN HYVINVOINTIALUE,KESKI-SUOMEN HYVINVOINTIALUE,42100,SAIRAALANTIE 8,Keski-Suomi,Suomi,Konesaliasiantuntija,+358142000238,+35850100238,jukka.kinnunen,SYN-HYVAKS-000023,,,SMTP:jukka.kinnunen@example.invalid,,,fi-FI,Aktiivinen,synthetic-development-data
Jämsä,Keski-Suomen hyvinvointialue,Teknologiapalvelut,Uusitalo Viivi,viivi.uusitalo@example.invalid,SYN-HYVAKS-000239,Vakituinen,2015-05-25,Toimipiste,"Hyvinvointialue, Keski-Suomi",Konsernipalvelut,Tietohallinto,Teknologiapalvelut,Teknologiapalvelut,"SAIRAALANTIE 8, 42100 Jämsä","Toimiala=Konsernipalvelut; Vastuualue=Tietohallinto; Palvelualue=Teknologiapalvelut; Palveluyksikkö=Teknologiapalvelut; Toimipiste=SAIRAALANTIE 8, 42100 Jämsä",KESKI-SUOMEN HYVINVOINTIALUE,KESKI-SUOMEN HYVINVOINTIALUE,42100,SAIRAALANTIE 8,Keski-Suomi,Suomi,Teknologia-asiantuntija,+358142000239,+35850100239,viivi.uusitalo,SYN-HYVAKS-000023,,,SMTP:viivi.uusitalo@example.invalid,,,fi-FI,Aktiivinen,synthetic-development-data
Laukaa,Keski-Suomen hyvinvointialue,Palveluprosessien digitalisaatio,Nykänen Joonas,joonas.nykanen@example.invalid,SYN-HYVAKS-000240,Sijainen,2011-12-08,Toimipiste,"Hyvinvointialue, Keski-Suomi",Konsernipalvelut,Tietohallinto,Palveluprosessien digitalisaatio,Palveluprosessien digitalisaatio,"TERVEYSTIE 5, 41340 Laukaa","Toimiala=Konsernipalvelut; Vastuualue=Tietohallinto; Palvelualue=Palveluprosessien digitalisaatio; Palveluyksikkö=Palveluprosessien digitalisaatio; Toimipiste=TERVEYSTIE 5, 41340 Laukaa",KESKI-SUOMEN HYVINVOINTIALUE,KESKI-SUOMEN HYVINVOINTIALUE,41340,TERVEYSTIE 5,Keski-Suomi,Suomi,Integraatioasiantuntija,+358142000240,+35850100240,joonas.nykanen,SYN-HYVAKS-000027,,,SMTP:joonas.nykanen@example.invalid,,,fi-FI,Aktiivinen,synthetic-development-data
Jämsä,Keski-Suomen hyvinvointialue,Viestintäpalvelut,Ojala Nina,nina.ojala@example.invalid,SYN-HYVAKS-000241,Sijainen,2018-06-02,Toimipiste,"Hyvinvointialue, Keski-Suomi",Konsernipalvelut,Viestintäpalvelut,Viestintäpalvelut,Viestintäpalvelut,"SAIRAALANTIE 8, 42100 Jämsä","Toimiala=Konsernipalvelut; Vastuualue=Viestintäpalvelut; Palvelualue=Viestintäpalvelut; Palveluyksikkö=Viestintäpalvelut; Toimipiste=SAIRAALANTIE 8, 42100 Jämsä",KESKI-SUOMEN HYVINVOINTIALUE,KESKI-SUOMEN HYVINVOINTIALUE,42100,SAIRAALANTIE 8,Keski-Suomi,Suomi,Sisällöntuottaja,+358142000241,+35850100241,nina.ojala,SYN-HYVAKS-000030,,,SMTP:nina.ojala@example.invalid,,,fi-FI,Aktiivinen,synthetic-development-data
Jyväskylä,Keski-Suomen hyvinvointialue,Teknologiapalvelut,Repo Timo,timo.repo@example.invalid,SYN-HYVAKS-000242,Vakituinen,2004-03-14,Toimipiste,"Hyvinvointialue, Keski-Suomi",Konsernipalvelut,Tietohallinto,Teknologiapalvelut,Teknologiapalvelut,"HOITAJANTIE 1, 40620 Jyväskylä","Toimiala=Konsernipalvelut; Vastuualue=Tietohallinto; Palvelualue=Teknologiapalvelut; Palveluyksikkö=Teknologiapalvelut; Toimipiste=HOITAJANTIE 1, 40620 Jyväskylä",KESKI-SUOMEN HYVINVOINTIALUE,KESKI-SUOMEN HYVINVOINTIALUE,40620,HOITAJANTIE 1,Keski-Suomi,Suomi,Verkkoasiantuntija,+358142000242,+35840100242,timo.repo,SYN-HYVAKS-000021,,,SMTP:timo.repo@example.invalid,,,fi-FI,Aktiivinen,synthetic-development-data
Jyväskylä,Keski-Suomen hyvinvointialue,Viestintäpalvelut,Manninen Aino,aino.manninen@example.invalid,SYN-HYVAKS-000243,Vakituinen,2018-10-18,Toimipiste,"Hyvinvointialue, Keski-Suomi",Konsernipalvelut,Viestintäpalvelut,Viestintäpalvelut,Viestintäpalvelut,"HOITAJANTIE 1, 40620 Jyväskylä","Toimiala=Konsernipalvelut; Vastuualue=Viestintäpalvelut; Palvelualue=Viestintäpalvelut; Palveluyksikkö=Viestintäpalvelut; Toimipiste=HOITAJANTIE 1, 40620 Jyväskylä",KESKI-SUOMEN HYVINVOINTIALUE,KESKI-SUOMEN HYVINVOINTIALUE,40620,HOITAJANTIE 1,Keski-Suomi,Suomi,Verkkoviestinnän asiantuntija,+358142000243,+35840100243,aino.manninen,SYN-HYVAKS-000028,,,SMTP:aino.manninen@example.invalid,,,en-US,Aktiivinen,synthetic-development-data
Äänekoski,Keski-Suomen hyvinvointialue,Teknologiapalvelut,Niemi Outi,outi.niemi@example.invalid,SYN-HYVAKS-000244,Vakituinen,1998-06-12,Toimipiste,"Hyvinvointialue, Keski-Suomi",Konsernipalvelut,Tietohallinto,Teknologiapalvelut,Teknologiapalvelut,"KESKUSKATU 14, 44100 Äänekoski","Toimiala=Konsernipalvelut; Vastuualue=Tietohallinto; Palvelualue=Teknologiapalvelut; Palveluyksikkö=Teknologiapalvelut; Toimipiste=KESKUSKATU 14, 44100 Äänekoski",KESKI-SUOMEN HYVINVOINTIALUE,KESKI-SUOMEN HYVINVOINTIALUE,44100,KESKUSKATU 14,Keski-Suomi,Suomi,Teknologia-asiantuntija,+358142000244,+35850100244,outi.niemi,SYN-HYVAKS-000024,,,SMTP:outi.niemi@example.invalid,,,fi-FI,Aktiivinen,synthetic-development-data
Laukaa,Keski-Suomen hyvinvointialue,Tietohallintopalvelut,Takala Vesa,vesa.takala@example.invalid,SYN-HYVAKS-000245,Vakituinen,2025-02-23,Toimipiste,"Hyvinvointialue, Keski-Suomi",Konsernipalvelut,Tietohallinto,Tietohallintopalvelut,Tietohallintopalvelut,"TERVEYSTIE 5, 41340 Laukaa","Toimiala=Konsernipalvelut; Vastuualue=Tietohallinto; Palvelualue=Tietohallintopalvelut; Palveluyksikkö=Tietohallintopalvelut; Toimipiste=TERVEYSTIE 5, 41340 Laukaa",KESKI-SUOMEN HYVINVOINTIALUE,KESKI-SUOMEN HYVINVOINTIALUE,41340,TERVEYSTIE 5,Keski-Suomi,Suomi,Tietohallinnon asiantuntija,+358142000245,+35845100245,vesa.takala,SYN-HYVAKS-000018,,,SMTP:vesa.takala@example.invalid,,,fi-FI,Aktiivinen,synthetic-development-data
Laukaa,Keski-Suomen hyvinvointialue,Palveluprosessien digitalisaatio,Koskela Kimmo,kimmo.koskela@example.invalid,SYN-HYVAKS-000246,Vakituinen,2024-12-21,Toimipiste,"Hyvinvointialue, Keski-Suomi",Konsernipalvelut,Tietohallinto,Palveluprosessien digitalisaatio,Palveluprosessien digitalisaatio,"TERVEYSTIE 5, 41340 Laukaa","Toimiala=Konsernipalvelut; Vastuualue=Tietohallinto; Palvelualue=Palveluprosessien digitalisaatio; Palveluyksikkö=Palveluprosessien digitalisaatio; Toimipiste=TERVEYSTIE 5, 41340 Laukaa",KESKI-SUOMEN HYVINVOINTIALUE,KESKI-SUOMEN HYVINVOINTIALUE,41340,TERVEYSTIE 5,Keski-Suomi,Suomi,Integraatioasiantuntija,+358142000246,+35845100246,kimmo.koskela,SYN-HYVAKS-000027,,,SMTP:kimmo.koskela@example.invalid,,,fi-FI,Aktiivinen,synthetic-development-data
Jyväskylä,Keski-Suomen hyvinvointialue,Teknologiapalvelut,Roiha Joonas,joonas.roiha@example.invalid,SYN-HYVAKS-000247,Vakituinen,1998-08-09,Toimipiste,"Hyvinvointialue, Keski-Suomi",Konsernipalvelut,Tietohallinto,Teknologiapalvelut,Teknologiapalvelut,"HOITAJANTIE 1, 40620 Jyväskylä","Toimiala=Konsernipalvelut; Vastuualue=Tietohallinto; Palvelualue=Teknologiapalvelut; Palveluyksikkö=Teknologiapalvelut; Toimipiste=HOITAJANTIE 1, 40620 Jyväskylä",KESKI-SUOMEN HYVINVOINTIALUE,KESKI-SUOMEN HYVINVOINTIALUE,40620,HOITAJANTIE 1,Keski-Suomi,Suomi,Tietoturva-asiantuntija,+358142000247,+35845100247,joonas.roiha,SYN-HYVAKS-000021,,,SMTP:joonas.roiha@example.invalid,,,en-US,Aktiivinen,synthetic-development-data
Jyväskylä,Keski-Suomen hyvinvointialue,Palveluprosessien digitalisaatio,Pitkänen Juha,juha.pitkanen2@example.invalid,SYN-HYVAKS-000248,Sijainen,2023-06-20,Toimipiste,"Hyvinvointialue, Keski-Suomi",Konsernipalvelut,Tietohallinto,Palveluprosessien digitalisaatio,Palveluprosessien digitalisaatio,"HYVINVOINTIKATU 12, 40100 Jyväskylä","Toimiala=Konsernipalvelut; Vastuualue=Tietohallinto; Palvelualue=Palveluprosessien digitalisaatio; Palveluyksikkö=Palveluprosessien digitalisaatio; Toimipiste=HYVINVOINTIKATU 12, 40100 Jyväskylä",KESKI-SUOMEN HYVINVOINTIALUE,KESKI-SUOMEN HYVINVOINTIALUE,40100,HYVINVOINTIKATU 12,Keski-Suomi,Suomi,Integraatioasiantuntija,+358142000248,+35845100248,juha.pitkanen2,SYN-HYVAKS-000026,,,SMTP:juha.pitkanen2@example.invalid,,,fi-FI,Aktiivinen,synthetic-development-data
Jyväskylä,Keski-Suomen hyvinvointialue,Palveluprosessien digitalisaatio,Mäkinen Vesa,vesa.makinen@example.invalid,SYN-HYVAKS-000249,Osa-aikainen,1999-03-15,Toimipiste,"Hyvinvointialue, Keski-Suomi",Konsernipalvelut,Tietohallinto,Palveluprosessien digitalisaatio,Palveluprosessien digitalisaatio,"HOITAJANTIE 1, 40620 Jyväskylä","Toimiala=Konsernipalvelut; Vastuualue=Tietohallinto; Palvelualue=Palveluprosessien digitalisaatio; Palveluyksikkö=Palveluprosessien digitalisaatio; Toimipiste=HOITAJANTIE 1, 40620 Jyväskylä",KESKI-SUOMEN HYVINVOINTIALUE,KESKI-SUOMEN HYVINVOINTIALUE,40620,HOITAJANTIE 1,Keski-Suomi,Suomi,Tietoasiantuntija,+358142000249,+35840100249,vesa.makinen,SYN-HYVAKS-000025,,,SMTP:vesa.makinen@example.invalid,,,fi-FI,Aktiivinen,synthetic-development-data
Jyväskylä,Keski-Suomen hyvinvointialue,Teknologiapalvelut,Salo Eeva,eeva.salo@example.invalid,SYN-HYVAKS-000250,Vakituinen,2024-02-05,Toimipiste,"Hyvinvointialue, Keski-Suomi",Konsernipalvelut,Tietohallinto,Teknologiapalvelut,Teknologiapalvelut,"HYVINVOINTIKATU 12, 40100 Jyväskylä","Toimiala=Konsernipalvelut; Vastuualue=Tietohallinto; Palvelualue=Teknologiapalvelut; Palveluyksikkö=Teknologiapalvelut; Toimipiste=HYVINVOINTIKATU 12, 40100 Jyväskylä",KESKI-SUOMEN HYVINVOINTIALUE,KESKI-SUOMEN HYVINVOINTIALUE,40100,HYVINVOINTIKATU 12,Keski-Suomi,Suomi,Verkkoasiantuntija,+358142000250,+35840100250,eeva.salo,SYN-HYVAKS-000022,,,SMTP:eeva.salo@example.invalid,,,fi-FI,Aktiivinen,synthetic-development-data
Jyväskylä,Keski-Suomen hyvinvointialue,Teknologiapalvelut,Uusitalo Riikka,riikka.uusitalo@example.invalid,SYN-HYVAKS-000251,Vakituinen,2017-03-21,Toimipiste,"Hyvinvointialue, Keski-Suomi",Konsernipalvelut,Tietohallinto,Teknologiapalvelut,Teknologiapalvelut,"HOITAJANTIE 1, 40620 Jyväskylä","Toimiala=Konsernipalvelut; Vastuualue=Tietohallinto; Palvelualue=Teknologiapalvelut; Palveluyksikkö=Teknologiapalvelut; Toimipiste=HOITAJANTIE 1, 40620 Jyväskylä",KESKI-SUOMEN HYVINVOINTIALUE,KESKI-SUOMEN HYVINVOINTIALUE,40620,HOITAJANTIE 1,Keski-Suomi,Suomi,Palveluarkkitehti,+358142000251,+35850100251,riikka.uusitalo,SYN-HYVAKS-000021,,,SMTP:riikka.uusitalo@example.invalid,,,en-US,Aktiivinen,synthetic-development-data
Jyväskylä,Keski-Suomen hyvinvointialue,Projektit ja kehittäminen,Mäkinen Eeva,eeva.makinen@example.invalid,SYN-HYVAKS-000252,Määräaikainen,2009-03-03,Toimipiste,"Hyvinvointialue, Keski-Suomi",Konsernipalvelut,Tietohallinto,Projektit ja kehittäminen,Projektit ja kehittäminen,"HYVINVOINTIKATU 12, 40100 Jyväskylä","Toimiala=Konsernipalvelut; Vastuualue=Tietohallinto; Palvelualue=Projektit ja kehittäminen; Palveluyksikkö=Projektit ja kehittäminen; Toimipiste=HYVINVOINTIKATU 12, 40100 Jyväskylä",KESKI-SUOMEN HYVINVOINTIALUE,KESKI-SUOMEN HYVINVOINTIALUE,40100,HYVINVOINTIKATU 12,Keski-Suomi,Suomi,Projektisuunnittelija,+358142000252,+35844100252,eeva.makinen,SYN-HYVAKS-000020,,,SMTP:eeva.makinen@example.invalid,,,fi-FI,Aktiivinen,synthetic-development-data
Jyväskylä,Keski-Suomen hyvinvointialue,Teknologiapalvelut,Repo Sanna,sanna.repo2@example.invalid,SYN-HYVAKS-000253,Vakituinen,2021-10-16,Toimipiste,"Hyvinvointialue, Keski-Suomi",Konsernipalvelut,Tietohallinto,Teknologiapalvelut,Teknologiapalvelut,"HOITAJANTIE 1, 40620 Jyväskylä","Toimiala=Konsernipalvelut; Vastuualue=Tietohallinto; Palvelualue=Teknologiapalvelut; Palveluyksikkö=Teknologiapalvelut; Toimipiste=HOITAJANTIE 1, 40620 Jyväskylä",KESKI-SUOMEN HYVINVOINTIALUE,KESKI-SUOMEN HYVINVOINTIALUE,40620,HOITAJANTIE 1,Keski-Suomi,Suomi,Konesaliasiantuntija,+358142000253,+35840100253,sanna.repo2,SYN-HYVAKS-000021,,,SMTP:sanna.repo2@example.invalid,,,en-US,Aktiivinen,synthetic-development-data
Karstula,Keski-Suomen hyvinvointialue,Tilapalveluiden johtaminen,Väisänen Elina,elina.vaisanen@example.invalid,SYN-HYVAKS-000254,Määräaikainen,2020-12-24,Toimipiste,"Hyvinvointialue, Keski-Suomi",Konsernipalvelut,Tilapalvelut,Tilapalveluiden johtaminen,Tilapalveluiden johtaminen,"HYVINVOINTITIE 6, 43500 Karstula","Toimiala=Konsernipalvelut; Vastuualue=Tilapalvelut; Palvelualue=Tilapalveluiden johtaminen; Palveluyksikkö=Tilapalveluiden johtaminen; Toimipiste=HYVINVOINTITIE 6, 43500 Karstula",KESKI-SUOMEN HYVINVOINTIALUE,KESKI-SUOMEN HYVINVOINTIALUE,43500,HYVINVOINTITIE 6,Keski-Suomi,Suomi,Kiinteistöasiantuntija,+358142000254,+35850100254,elina.vaisanen,SYN-HYVAKS-000035,,,SMTP:elina.vaisanen@example.invalid,,,fi-FI,Aktiivinen,synthetic-development-data
Keuruu,Keski-Suomen hyvinvointialue,Tilapalveluiden johtaminen,Sipilä Satu,satu.sipila@example.invalid,SYN-HYVAKS-000255,Vakituinen,2019-06-27,Toimipiste,"Hyvinvointialue, Keski-Suomi",Konsernipalvelut,Tilapalvelut,Tilapalveluiden johtaminen,Tilapalveluiden johtaminen,"PALVELUTIE 3, 42700 Keuruu","Toimiala=Konsernipalvelut; Vastuualue=Tilapalvelut; Palvelualue=Tilapalveluiden johtaminen; Palveluyksikkö=Tilapalveluiden johtaminen; Toimipiste=PALVELUTIE 3, 42700 Keuruu",KESKI-SUOMEN HYVINVOINTIALUE,KESKI-SUOMEN HYVINVOINTIALUE,42700,PALVELUTIE 3,Keski-Suomi,Suomi,Huoltoinsinööri,+358142000255,+35840100255,satu.sipila,SYN-HYVAKS-000034,,,SMTP:satu.sipila@example.invalid,,,fi-FI,Aktiivinen,synthetic-development-data
Viitasaari,Keski-Suomen hyvinvointialue,Tilapalveluiden johtaminen,Rinne Heikki,heikki.rinne@example.invalid,SYN-HYVAKS-000256,Vakituinen,2017-05-10,Toimipiste,"Hyvinvointialue, Keski-Suomi",Konsernipalvelut,Tilapalvelut,Tilapalveluiden johtaminen,Tilapalveluiden johtaminen,"TERVEYSKESKUKSENTIE 2, 44500 Viitasaari","Toimiala=Konsernipalvelut; Vastuualue=Tilapalvelut; Palvelualue=Tilapalveluiden johtaminen; Palveluyksikkö=Tilapalveluiden johtaminen; Toimipiste=TERVEYSKESKUKSENTIE 2, 44500 Viitasaari",KESKI-SUOMEN HYVINVOINTIALUE,KESKI-SUOMEN HYVINVOINTIALUE,44500,TERVEYSKESKUKSENTIE 2,Keski-Suomi,Suomi,Kiinteistöasiantuntija,+358142000256,+35845100256,heikki.rinne,SYN-HYVAKS-000036,,,SMTP:heikki.rinne@example.invalid,,,fi-FI,Aktiivinen,synthetic-development-data
Äänekoski,Keski-Suomen hyvinvointialue,Tilapalveluiden johtaminen,Ylitalo Olli,olli.ylitalo@example.invalid,SYN-HYVAKS-000257,Vakituinen,2011-10-09,Toimipiste,"Hyvinvointialue, Keski-Suomi",Konsernipalvelut,Tilapalvelut,Tilapalveluiden johtaminen,Tilapalveluiden johtaminen,"KESKUSKATU 14, 44100 Äänekoski","Toimiala=Konsernipalvelut; Vastuualue=Tilapalvelut; Palvelualue=Tilapalveluiden johtaminen; Palveluyksikkö=Tilapalveluiden johtaminen; Toimipiste=KESKUSKATU 14, 44100 Äänekoski",KESKI-SUOMEN HYVINVOINTIALUE,KESKI-SUOMEN HYVINVOINTIALUE,44100,KESKUSKATU 14,Keski-Suomi,Suomi,Kiinteistöasiantuntija,+358142000257,+35845100257,olli.ylitalo,SYN-HYVAKS-000033,,,SMTP:olli.ylitalo@example.invalid,,,fi-FI,Aktiivinen,synthetic-development-data
Laukaa,Keski-Suomen hyvinvointialue,Palveluprosessien digitalisaatio,Kinnunen Liisa,liisa.kinnunen@example.invalid,SYN-HYVAKS-000258,Vakituinen,2017-05-15,Toimipiste,"Hyvinvointialue, Keski-Suomi",Konsernipalvelut,Tietohallinto,Palveluprosessien digitalisaatio,Palveluprosessien digitalisaatio,"TERVEYSTIE 5, 41340 Laukaa","Toimiala=Konsernipalvelut; Vastuualue=Tietohallinto; Palvelualue=Palveluprosessien digitalisaatio; Palveluyksikkö=Palveluprosessien digitalisaatio; Toimipiste=TERVEYSTIE 5, 41340 Laukaa",KESKI-SUOMEN HYVINVOINTIALUE,KESKI-SUOMEN HYVINVOINTIALUE,41340,TERVEYSTIE 5,Keski-Suomi,Suomi,Integraatioasiantuntija,+358142000258,+35845100258,liisa.kinnunen,SYN-HYVAKS-000027,,,SMTP:liisa.kinnunen@example.invalid,,,fi-FI,Aktiivinen,synthetic-development-data
Jämsä,Keski-Suomen hyvinvointialue,Tietohallintopalvelut,Mattila Jaana,jaana.mattila2@example.invalid,SYN-HYVAKS-000259,Vakituinen,2003-11-16,Toimipiste,"Hyvinvointialue, Keski-Suomi",Konsernipalvelut,Tietohallinto,Tietohallintopalvelut,Tietohallintopalvelut,"SAIRAALANTIE 8, 42100 Jämsä","Toimiala=Konsernipalvelut; Vastuualue=Tietohallinto; Palvelualue=Tietohallintopalvelut; Palveluyksikkö=Tietohallintopalvelut; Toimipiste=SAIRAALANTIE 8, 42100 Jämsä",KESKI-SUOMEN HYVINVOINTIALUE,KESKI-SUOMEN HYVINVOINTIALUE,42100,SAIRAALANTIE 8,Keski-Suomi,Suomi,Laitetukiasiantuntija,+358142000259,+35850100259,jaana.mattila2,SYN-HYVAKS-000016,,,SMTP:jaana.mattila2@example.invalid,,,fi-FI,Aktiivinen,synthetic-development-data
Jyväskylä,Keski-Suomen hyvinvointialue,Viestintäpalvelut,Salonen Eemeli,eemeli.salonen@example.invalid,SYN-HYVAKS-000260,Vakituinen,2002-04-08,Toimipiste,"Hyvinvointialue, Keski-Suomi",Konsernipalvelut,Viestintäpalvelut,Viestintäpalvelut,Viestintäpalvelut,"HOITAJANTIE 1, 40620 Jyväskylä","Toimiala=Konsernipalvelut; Vastuualue=Viestintäpalvelut; Palvelualue=Viestintäpalvelut; Palveluyksikkö=Viestintäpalvelut; Toimipiste=HOITAJANTIE 1, 40620 Jyväskylä",KESKI-SUOMEN HYVINVOINTIALUE,KESKI-SUOMEN HYVINVOINTIALUE,40620,HOITAJANTIE 1,Keski-Suomi,Suomi,Verkkoviestinnän asiantuntija,+358142000260,+35844100260,eemeli.salonen,SYN-HYVAKS-000028,,,SMTP:eemeli.salonen@example.invalid,,,fi-FI,Aktiivinen,synthetic-development-data
Jämsä,Keski-Suomen hyvinvointialue,Teknologiapalvelut,Sillanpää Meri,meri.sillanpaa@example.invalid,SYN-HYVAKS-000261,Vakituinen,2024-04-10,Toimipiste,"Hyvinvointialue, Keski-Suomi",Konsernipalvelut,Tietohallinto,Teknologiapalvelut,Teknologiapalvelut,"SAIRAALANTIE 8, 42100 Jämsä","Toimiala=Konsernipalvelut; Vastuualue=Tietohallinto; Palvelualue=Teknologiapalvelut; Palveluyksikkö=Teknologiapalvelut; Toimipiste=SAIRAALANTIE 8, 42100 Jämsä",KESKI-SUOMEN HYVINVOINTIALUE,KESKI-SUOMEN HYVINVOINTIALUE,42100,SAIRAALANTIE 8,Keski-Suomi,Suomi,Verkkoasiantuntija,+358142000261,+35850100261,meri.sillanpaa,SYN-HYVAKS-000023,,,SMTP:meri.sillanpaa@example.invalid,,,fi-FI,Aktiivinen,synthetic-development-data
Jämsä,Keski-Suomen hyvinvointialue,Teknologiapalvelut,Tuominen Juha,juha.tuominen@example.invalid,SYN-HYVAKS-000262,Vakituinen,2010-01-29,Toimipiste,"Hyvinvointialue, Keski-Suomi",Konsernipalvelut,Tietohallinto,Teknologiapalvelut,Teknologiapalvelut,"SAIRAALANTIE 8, 42100 Jämsä","Toimiala=Konsernipalvelut; Vastuualue=Tietohallinto; Palvelualue=Teknologiapalvelut; Palveluyksikkö=Teknologiapalvelut; Toimipiste=SAIRAALANTIE 8, 42100 Jämsä",KESKI-SUOMEN HYVINVOINTIALUE,KESKI-SUOMEN HYVINVOINTIALUE,42100,SAIRAALANTIE 8,Keski-Suomi,Suomi,Teknologia-asiantuntija,+358142000262,+35845100262,juha.tuominen,SYN-HYVAKS-000023,,,SMTP:juha.tuominen@example.invalid,,,fi-FI,Aktiivinen,synthetic-development-data
Jyväskylä,Keski-Suomen hyvinvointialue,Tietohallintopalvelut,Rinne Vesa,vesa.rinne@example.invalid,SYN-HYVAKS-000263,Määräaikainen,2001-03-02,Toimipiste,"Hyvinvointialue, Keski-Suomi",Konsernipalvelut,Tietohallinto,Tietohallintopalvelut,Tietohallintopalvelut,"HOITAJANTIE 1, 40620 Jyväskylä","Toimiala=Konsernipalvelut; Vastuualue=Tietohallinto; Palvelualue=Tietohallintopalvelut; Palveluyksikkö=Tietohallintopalvelut; Toimipiste=HOITAJANTIE 1, 40620 Jyväskylä",KESKI-SUOMEN HYVINVOINTIALUE,KESKI-SUOMEN HYVINVOINTIALUE,40620,HOITAJANTIE 1,Keski-Suomi,Suomi,Käyttäjätukiasiantuntija,+358142000263,+35850100263,vesa.rinne,SYN-HYVAKS-000015,,,SMTP:vesa.rinne@example.invalid,,,sv-FI,Aktiivinen,synthetic-development-data
Jämsä,Keski-Suomen hyvinvointialue,Teknologiapalvelut,Kinnunen Laura,laura.kinnunen@example.invalid,SYN-HYVAKS-000264,Vakituinen,2022-02-14,Toimipiste,"Hyvinvointialue, Keski-Suomi",Konsernipalvelut,Tietohallinto,Teknologiapalvelut,Teknologiapalvelut,"SAIRAALANTIE 8, 42100 Jämsä","Toimiala=Konsernipalvelut; Vastuualue=Tietohallinto; Palvelualue=Teknologiapalvelut; Palveluyksikkö=Teknologiapalvelut; Toimipiste=SAIRAALANTIE 8, 42100 Jämsä",KESKI-SUOMEN HYVINVOINTIALUE,KESKI-SUOMEN HYVINVOINTIALUE,42100,SAIRAALANTIE 8,Keski-Suomi,Suomi,Järjestelmäasiantuntija,+358142000264,+35845100264,laura.kinnunen,SYN-HYVAKS-000023,,,SMTP:laura.kinnunen@example.invalid,,,fi-FI,Aktiivinen,synthetic-development-data
Äänekoski,Keski-Suomen hyvinvointialue,Teknologiapalvelut,Takala Markus,markus.takala@example.invalid,SYN-HYVAKS-000265,Vakituinen,2010-08-14,Toimipiste,"Hyvinvointialue, Keski-Suomi",Konsernipalvelut,Tietohallinto,Teknologiapalvelut,Teknologiapalvelut,"KESKUSKATU 14, 44100 Äänekoski","Toimiala=Konsernipalvelut; Vastuualue=Tietohallinto; Palvelualue=Teknologiapalvelut; Palveluyksikkö=Teknologiapalvelut; Toimipiste=KESKUSKATU 14, 44100 Äänekoski",KESKI-SUOMEN HYVINVOINTIALUE,KESKI-SUOMEN HYVINVOINTIALUE,44100,KESKUSKATU 14,Keski-Suomi,Suomi,Järjestelmäasiantuntija,+358142000265,+35850100265,markus.takala,SYN-HYVAKS-000024,,,SMTP:markus.takala@example.invalid,,,en-US,Aktiivinen,synthetic-development-data
Jyväskylä,Keski-Suomen hyvinvointialue,Teknologiapalvelut,Seppälä Markus,markus.seppala@example.invalid,SYN-HYVAKS-000266,Vakituinen,2018-07-29,Toimipiste,"Hyvinvointialue, Keski-Suomi",Konsernipalvelut,Tietohallinto,Teknologiapalvelut,Teknologiapalvelut,"HYVINVOINTIKATU 12, 40100 Jyväskylä","Toimiala=Konsernipalvelut; Vastuualue=Tietohallinto; Palvelualue=Teknologiapalvelut; Palveluyksikkö=Teknologiapalvelut; Toimipiste=HYVINVOINTIKATU 12, 40100 Jyväskylä",KESKI-SUOMEN HYVINVOINTIALUE,KESKI-SUOMEN HYVINVOINTIALUE,40100,HYVINVOINTIKATU 12,Keski-Suomi,Suomi,Konesaliasiantuntija,+358142000266,+35850100266,markus.seppala,SYN-HYVAKS-000022,,,SMTP:markus.seppala@example.invalid,,,fi-FI,Aktiivinen,synthetic-development-data
Jämsä,Keski-Suomen hyvinvointialue,Teknologiapalvelut,Koskinen Sakari,sakari.koskinen@example.invalid,SYN-HYVAKS-000267,Vakituinen,1998-10-10,Toimipiste,"Hyvinvointialue, Keski-Suomi",Konsernipalvelut,Tietohallinto,Teknologiapalvelut,Teknologiapalvelut,"SAIRAALANTIE 8, 42100 Jämsä","Toimiala=Konsernipalvelut; Vastuualue=Tietohallinto; Palvelualue=Teknologiapalvelut; Palveluyksikkö=Teknologiapalvelut; Toimipiste=SAIRAALANTIE 8, 42100 Jämsä",KESKI-SUOMEN HYVINVOINTIALUE,KESKI-SUOMEN HYVINVOINTIALUE,42100,SAIRAALANTIE 8,Keski-Suomi,Suomi,Teknologia-asiantuntija,+358142000267,+35844100267,sakari.koskinen,SYN-HYVAKS-000023,,,SMTP:sakari.koskinen@example.invalid,,,fi-FI,Aktiivinen,synthetic-development-data
Laukaa,Keski-Suomen hyvinvointialue,Tietohallintopalvelut,Väisänen Sami,sami.vaisanen@example.invalid,SYN-HYVAKS-000268,Vakituinen,2009-02-09,Toimipiste,"Hyvinvointialue, Keski-Suomi",Konsernipalvelut,Tietohallinto,Tietohallintopalvelut,Tietohallintopalvelut,"TERVEYSTIE 5, 41340 Laukaa","Toimiala=Konsernipalvelut; Vastuualue=Tietohallinto; Palvelualue=Tietohallintopalvelut; Palveluyksikkö=Tietohallintopalvelut; Toimipiste=TERVEYSTIE 5, 41340 Laukaa",KESKI-SUOMEN HYVINVOINTIALUE,KESKI-SUOMEN HYVINVOINTIALUE,41340,TERVEYSTIE 5,Keski-Suomi,Suomi,Käyttäjätukiasiantuntija,+358142000268,+35844100268,sami.vaisanen,SYN-HYVAKS-000018,,,SMTP:sami.vaisanen@example.invalid,,,fi-FI,Aktiivinen,synthetic-development-data
Jämsä,Keski-Suomen hyvinvointialue,Tietohallintopalvelut,Toivonen Kaisa,kaisa.toivonen@example.invalid,SYN-HYVAKS-000269,Vakituinen,2016-08-11,Toimipiste,"Hyvinvointialue, Keski-Suomi",Konsernipalvelut,Tietohallinto,Tietohallintopalvelut,Tietohallintopalvelut,"SAIRAALANTIE 8, 42100 Jämsä","Toimiala=Konsernipalvelut; Vastuualue=Tietohallinto; Palvelualue=Tietohallintopalvelut; Palveluyksikkö=Tietohallintopalvelut; Toimipiste=SAIRAALANTIE 8, 42100 Jämsä",KESKI-SUOMEN HYVINVOINTIALUE,KESKI-SUOMEN HYVINVOINTIALUE,42100,SAIRAALANTIE 8,Keski-Suomi,Suomi,Laitetukiasiantuntija,+358142000269,+35844100269,kaisa.toivonen,SYN-HYVAKS-000016,,,SMTP:kaisa.toivonen@example.invalid,,,fi-FI,Aktiivinen,synthetic-development-data
Karstula,Keski-Suomen hyvinvointialue,Tilapalveluiden johtaminen,Rautio Eemeli,eemeli.rautio@example.invalid,SYN-HYVAKS-000270,Vakituinen,2009-12-15,Toimipiste,"Hyvinvointialue, Keski-Suomi",Konsernipalvelut,Tilapalvelut,Tilapalveluiden johtaminen,Tilapalveluiden johtaminen,"HYVINVOINTITIE 6, 43500 Karstula","Toimiala=Konsernipalvelut; Vastuualue=Tilapalvelut; Palvelualue=Tilapalveluiden johtaminen; Palveluyksikkö=Tilapalveluiden johtaminen; Toimipiste=HYVINVOINTITIE 6, 43500 Karstula",KESKI-SUOMEN HYVINVOINTIALUE,KESKI-SUOMEN HYVINVOINTIALUE,43500,HYVINVOINTITIE 6,Keski-Suomi,Suomi,Huoltoinsinööri,+358142000270,+35850100270,eemeli.rautio,SYN-HYVAKS-000035,,,SMTP:eemeli.rautio@example.invalid,,,fi-FI,Aktiivinen,synthetic-development-data
Jyväskylä,Keski-Suomen hyvinvointialue,Palveluprosessien digitalisaatio,Karjalainen Sami,sami.karjalainen@example.invalid,SYN-HYVAKS-000271,Vakituinen,2021-04-14,Toimipiste,"Hyvinvointialue, Keski-Suomi",Konsernipalvelut,Tietohallinto,Palveluprosessien digitalisaatio,Palveluprosessien digitalisaatio,"HYVINVOINTIKATU 12, 40100 Jyväskylä","Toimiala=Konsernipalvelut; Vastuualue=Tietohallinto; Palvelualue=Palveluprosessien digitalisaatio; Palveluyksikkö=Palveluprosessien digitalisaatio; Toimipiste=HYVINVOINTIKATU 12, 40100 Jyväskylä",KESKI-SUOMEN HYVINVOINTIALUE,KESKI-SUOMEN HYVINVOINTIALUE,40100,HYVINVOINTIKATU 12,Keski-Suomi,Suomi,Digitalisaatioasiantuntija,+358142000271,+35844100271,sami.karjalainen,SYN-HYVAKS-000026,,,SMTP:sami.karjalainen@example.invalid,,,en-US,Aktiivinen,synthetic-development-data
Jyväskylä,Keski-Suomen hyvinvointialue,Tietohallintopalvelut,Törmänen Jaana,jaana.tormanen@example.invalid,SYN-HYVAKS-000272,Vakituinen,2015-02-12,Toimipiste,"Hyvinvointialue, Keski-Suomi",Konsernipalvelut,Tietohallinto,Tietohallintopalvelut,Tietohallintopalvelut,"HOITAJANTIE 1, 40620 Jyväskylä","Toimiala=Konsernipalvelut; Vastuualue=Tietohallinto; Palvelualue=Tietohallintopalvelut; Palveluyksikkö=Tietohallintopalvelut; Toimipiste=HOITAJANTIE 1, 40620 Jyväskylä",KESKI-SUOMEN HYVINVOINTIALUE,KESKI-SUOMEN HYVINVOINTIALUE,40620,HOITAJANTIE 1,Keski-Suomi,Suomi,Laitetukiasiantuntija,+358142000272,+35850100272,jaana.tormanen,SYN-HYVAKS-000015,,,SMTP:jaana.tormanen@example.invalid,,,fi-FI,Aktiivinen,synthetic-development-data
Jyväskylä,Keski-Suomen hyvinvointialue,Viestintäpalvelut,Hirvonen Tuomas,tuomas.hirvonen@example.invalid,SYN-HYVAKS-000273,Määräaikainen,2008-02-01,Toimipiste,"Hyvinvointialue, Keski-Suomi",Konsernipalvelut,Viestintäpalvelut,Viestintäpalvelut,Viestintäpalvelut,"HYVINVOINTIKATU 12, 40100 Jyväskylä","Toimiala=Konsernipalvelut; Vastuualue=Viestintäpalvelut; Palvelualue=Viestintäpalvelut; Palveluyksikkö=Viestintäpalvelut; Toimipiste=HYVINVOINTIKATU 12, 40100 Jyväskylä",KESKI-SUOMEN HYVINVOINTIALUE,KESKI-SUOMEN HYVINVOINTIALUE,40100,HYVINVOINTIKATU 12,Keski-Suomi,Suomi,Viestintäasiantuntija,+358142000273,+35845100273,tuomas.hirvonen,SYN-HYVAKS-000029,,,SMTP:tuomas.hirvonen@example.invalid,,,fi-FI,Aktiivinen,synthetic-development-data
Jämsä,Keski-Suomen hyvinvointialue,Tietohallintopalvelut,Roiha Outi,outi.roiha@example.invalid,SYN-HYVAKS-000274,Vakituinen,2001-11-22,Toimipiste,"Hyvinvointialue, Keski-Suomi",Konsernipalvelut,Tietohallinto,Tietohallintopalvelut,Tietohallintopalvelut,"SAIRAALANTIE 8, 42100 Jämsä","Toimiala=Konsernipalvelut; Vastuualue=Tietohallinto; Palvelualue=Tietohallintopalvelut; Palveluyksikkö=Tietohallintopalvelut; Toimipiste=SAIRAALANTIE 8, 42100 Jämsä",KESKI-SUOMEN HYVINVOINTIALUE,KESKI-SUOMEN HYVINVOINTIALUE,42100,SAIRAALANTIE 8,Keski-Suomi,Suomi,Käyttäjätukiasiantuntija,+358142000274,+35850100274,outi.roiha,SYN-HYVAKS-000016,,,SMTP:outi.roiha@example.invalid,,,fi-FI,Aktiivinen,synthetic-development-data
Jyväskylä,Keski-Suomen hyvinvointialue,Tilapalveluiden johtaminen,Leppänen Laura,laura.leppanen@example.invalid,SYN-HYVAKS-000275,Vakituinen,2011-07-19,Toimipiste,"Hyvinvointialue, Keski-Suomi",Konsernipalvelut,Tilapalvelut,Tilapalveluiden johtaminen,Tilapalveluiden johtaminen,"HYVINVOINTIKATU 12, 40100 Jyväskylä","Toimiala=Konsernipalvelut; Vastuualue=Tilapalvelut; Palvelualue=Tilapalveluiden johtaminen; Palveluyksikkö=Tilapalveluiden johtaminen; Toimipiste=HYVINVOINTIKATU 12, 40100 Jyväskylä",KESKI-SUOMEN HYVINVOINTIALUE,KESKI-SUOMEN HYVINVOINTIALUE,40100,HYVINVOINTIKATU 12,Keski-Suomi,Suomi,Huoltoinsinööri,+358142000275,+35845100275,laura.leppanen,SYN-HYVAKS-000031,,,SMTP:laura.leppanen@example.invalid,,,sv-FI,Aktiivinen,synthetic-development-data
Jyväskylä,Keski-Suomen hyvinvointialue,Projektit ja kehittäminen,Peltonen Jaana,jaana.peltonen@example.invalid,SYN-HYVAKS-000276,Vakituinen,2017-08-12,Toimipiste,"Hyvinvointialue, Keski-Suomi",Konsernipalvelut,Tietohallinto,Projektit ja kehittäminen,Projektit ja kehittäminen,"HYVINVOINTIKATU 12, 40100 Jyväskylä","Toimiala=Konsernipalvelut; Vastuualue=Tietohallinto; Palvelualue=Projektit ja kehittäminen; Palveluyksikkö=Projektit ja kehittäminen; Toimipiste=HYVINVOINTIKATU 12, 40100 Jyväskylä",KESKI-SUOMEN HYVINVOINTIALUE,KESKI-SUOMEN HYVINVOINTIALUE,40100,HYVINVOINTIKATU 12,Keski-Suomi,Suomi,Palvelumuotoilija,+358142000276,+35840100276,jaana.peltonen,SYN-HYVAKS-000020,,,SMTP:jaana.peltonen@example.invalid,,,fi-FI,Aktiivinen,synthetic-development-data
Äänekoski,Keski-Suomen hyvinvointialue,Teknologiapalvelut,Kinnunen Markus,markus.kinnunen@example.invalid,SYN-HYVAKS-000277,Vakituinen,2008-10-16,Toimipiste,"Hyvinvointialue, Keski-Suomi",Konsernipalvelut,Tietohallinto,Teknologiapalvelut,Teknologiapalvelut,"KESKUSKATU 14, 44100 Äänekoski","Toimiala=Konsernipalvelut; Vastuualue=Tietohallinto; Palvelualue=Teknologiapalvelut; Palveluyksikkö=Teknologiapalvelut; Toimipiste=KESKUSKATU 14, 44100 Äänekoski",KESKI-SUOMEN HYVINVOINTIALUE,KESKI-SUOMEN HYVINVOINTIALUE,44100,KESKUSKATU 14,Keski-Suomi,Suomi,Tietoturva-asiantuntija,+358142000277,+35840100277,markus.kinnunen,SYN-HYVAKS-000024,,,SMTP:markus.kinnunen@example.invalid,,,fi-FI,Aktiivinen,synthetic-development-data
Jyväskylä,Keski-Suomen hyvinvointialue,Tilapalveluiden johtaminen,Vainio Mikael,mikael.vainio@example.invalid,SYN-HYVAKS-000278,Sijainen,2021-03-31,Toimipiste,"Hyvinvointialue, Keski-Suomi",Konsernipalvelut,Tilapalvelut,Tilapalveluiden johtaminen,Tilapalveluiden johtaminen,"HYVINVOINTIKATU 12, 40100 Jyväskylä","Toimiala=Konsernipalvelut; Vastuualue=Tilapalvelut; Palvelualue=Tilapalveluiden johtaminen; Palveluyksikkö=Tilapalveluiden johtaminen; Toimipiste=HYVINVOINTIKATU 12, 40100 Jyväskylä",KESKI-SUOMEN HYVINVOINTIALUE,KESKI-SUOMEN HYVINVOINTIALUE,40100,HYVINVOINTIKATU 12,Keski-Suomi,Suomi,Kiinteistöasiantuntija,+358142000278,+35845100278,mikael.vainio,SYN-HYVAKS-000031,,,SMTP:mikael.vainio@example.invalid,,,en-US,Aktiivinen,synthetic-development-data
Viitasaari,Keski-Suomen hyvinvointialue,Tilapalveluiden johtaminen,Paananen Marika,marika.paananen@example.invalid,SYN-HYVAKS-000279,Vakituinen,2022-01-24,Toimipiste,"Hyvinvointialue, Keski-Suomi",Konsernipalvelut,Tilapalvelut,Tilapalveluiden johtaminen,Tilapalveluiden johtaminen,"TERVEYSKESKUKSENTIE 2, 44500 Viitasaari","Toimiala=Konsernipalvelut; Vastuualue=Tilapalvelut; Palvelualue=Tilapalveluiden johtaminen; Palveluyksikkö=Tilapalveluiden johtaminen; Toimipiste=TERVEYSKESKUKSENTIE 2, 44500 Viitasaari",KESKI-SUOMEN HYVINVOINTIALUE,KESKI-SUOMEN HYVINVOINTIALUE,44500,TERVEYSKESKUKSENTIE 2,Keski-Suomi,Suomi,Kiinteistöasiantuntija,+358142000279,+35840100279,marika.paananen,SYN-HYVAKS-000036,,,SMTP:marika.paananen@example.invalid,,,fi-FI,Aktiivinen,synthetic-development-data
Jyväskylä,Keski-Suomen hyvinvointialue,Teknologiapalvelut,Nieminen Henna,henna.nieminen@example.invalid,SYN-HYVAKS-000280,Osa-aikainen,2015-11-12,Toimipiste,"Hyvinvointialue, Keski-Suomi",Konsernipalvelut,Tietohallinto,Teknologiapalvelut,Teknologiapalvelut,"HYVINVOINTIKATU 12, 40100 Jyväskylä","Toimiala=Konsernipalvelut; Vastuualue=Tietohallinto; Palvelualue=Teknologiapalvelut; Palveluyksikkö=Teknologiapalvelut; Toimipiste=HYVINVOINTIKATU 12, 40100 Jyväskylä",KESKI-SUOMEN HYVINVOINTIALUE,KESKI-SUOMEN HYVINVOINTIALUE,40100,HYVINVOINTIKATU 12,Keski-Suomi,Suomi,Palveluarkkitehti,+358142000280,+35845100280,henna.nieminen,SYN-HYVAKS-000022,,,SMTP:henna.nieminen@example.invalid,,,fi-FI,Passiivinen,synthetic-development-data
Äänekoski,Keski-Suomen hyvinvointialue,Tietohallintopalvelut,Kallio Sari,sari.kallio@example.invalid,SYN-HYVAKS-000281,Vakituinen,2024-11-18,Toimipiste,"Hyvinvointialue, Keski-Suomi",Konsernipalvelut,Tietohallinto,Tietohallintopalvelut,Tietohallintopalvelut,"KESKUSKATU 14, 44100 Äänekoski","Toimiala=Konsernipalvelut; Vastuualue=Tietohallinto; Palvelualue=Tietohallintopalvelut; Palveluyksikkö=Tietohallintopalvelut; Toimipiste=KESKUSKATU 14, 44100 Äänekoski",KESKI-SUOMEN HYVINVOINTIALUE,KESKI-SUOMEN HYVINVOINTIALUE,44100,KESKUSKATU 14,Keski-Suomi,Suomi,Käyttäjätukiasiantuntija,+358142000281,+35840100281,sari.kallio,SYN-HYVAKS-000017,,,SMTP:sari.kallio@example.invalid,,,fi-FI,Aktiivinen,synthetic-development-data
Jyväskylä,Keski-Suomen hyvinvointialue,Projektit ja kehittäminen,Vainio Saara,saara.vainio@example.invalid,SYN-HYVAKS-000282,Vakituinen,2024-04-23,Toimipiste,"Hyvinvointialue, Keski-Suomi",Konsernipalvelut,Tietohallinto,Projektit ja kehittäminen,Projektit ja kehittäminen,"HYVINVOINTIKATU 12, 40100 Jyväskylä","Toimiala=Konsernipalvelut; Vastuualue=Tietohallinto; Palvelualue=Projektit ja kehittäminen; Palveluyksikkö=Projektit ja kehittäminen; Toimipiste=HYVINVOINTIKATU 12, 40100 Jyväskylä",KESKI-SUOMEN HYVINVOINTIALUE,KESKI-SUOMEN HYVINVOINTIALUE,40100,HYVINVOINTIKATU 12,Keski-Suomi,Suomi,Projektisuunnittelija,+358142000282,+35840100282,saara.vainio,SYN-HYVAKS-000020,,,SMTP:saara.vainio@example.invalid,,,fi-FI,Aktiivinen,synthetic-development-data
Jyväskylä,Keski-Suomen hyvinvointialue,Viestintäpalvelut,Räsänen Eeva,eeva.rasanen@example.invalid,SYN-HYVAKS-000283,Sijainen,2007-08-06,Toimipiste,"Hyvinvointialue, Keski-Suomi",Konsernipalvelut,Viestintäpalvelut,Viestintäpalvelut,Viestintäpalvelut,"HYVINVOINTIKATU 12, 40100 Jyväskylä","Toimiala=Konsernipalvelut; Vastuualue=Viestintäpalvelut; Palvelualue=Viestintäpalvelut; Palveluyksikkö=Viestintäpalvelut; Toimipiste=HYVINVOINTIKATU 12, 40100 Jyväskylä",KESKI-SUOMEN HYVINVOINTIALUE,KESKI-SUOMEN HYVINVOINTIALUE,40100,HYVINVOINTIKATU 12,Keski-Suomi,Suomi,Verkkoviestinnän asiantuntija,+358142000283,+35850100283,eeva.rasanen,SYN-HYVAKS-000029,,,SMTP:eeva.rasanen@example.invalid,,,fi-FI,Aktiivinen,synthetic-development-data
Jämsä,Keski-Suomen hyvinvointialue,Tietohallintopalvelut,Ojala Kimmo,kimmo.ojala@example.invalid,SYN-HYVAKS-000284,Osa-aikainen,2021-09-15,Toimipiste,"Hyvinvointialue, Keski-Suomi",Konsernipalvelut,Tietohallinto,Tietohallintopalvelut,Tietohallintopalvelut,"SAIRAALANTIE 8, 42100 Jämsä","Toimiala=Konsernipalvelut; Vastuualue=Tietohallinto; Palvelualue=Tietohallintopalvelut; Palveluyksikkö=Tietohallintopalvelut; Toimipiste=SAIRAALANTIE 8, 42100 Jämsä",KESKI-SUOMEN HYVINVOINTIALUE,KESKI-SUOMEN HYVINVOINTIALUE,42100,SAIRAALANTIE 8,Keski-Suomi,Suomi,Käyttäjätukiasiantuntija,+358142000284,+35840100284,kimmo.ojala,SYN-HYVAKS-000016,,,SMTP:kimmo.ojala@example.invalid,,,en-US,Aktiivinen,synthetic-development-data
Äänekoski,Keski-Suomen hyvinvointialue,Teknologiapalvelut,Lindholm Riikka,riikka.lindholm@example.invalid,SYN-HYVAKS-000285,Määräaikainen,2015-09-29,Toimipiste,"Hyvinvointialue, Keski-Suomi",Konsernipalvelut,Tietohallinto,Teknologiapalvelut,Teknologiapalvelut,"KESKUSKATU 14, 44100 Äänekoski","Toimiala=Konsernipalvelut; Vastuualue=Tietohallinto; Palvelualue=Teknologiapalvelut; Palveluyksikkö=Teknologiapalvelut; Toimipiste=KESKUSKATU 14, 44100 Äänekoski",KESKI-SUOMEN HYVINVOINTIALUE,KESKI-SUOMEN HYVINVOINTIALUE,44100,KESKUSKATU 14,Keski-Suomi,Suomi,Järjestelmäasiantuntija,+358142000285,+35840100285,riikka.lindholm,SYN-HYVAKS-000024,,,SMTP:riikka.lindholm@example.invalid,,,fi-FI,Aktiivinen,synthetic-development-data
Laukaa,Keski-Suomen hyvinvointialue,Tietohallintopalvelut,Takala Katri,katri.takala@example.invalid,SYN-HYVAKS-000286,Määräaikainen,2013-11-07,Toimipiste,"Hyvinvointialue, Keski-Suomi",Konsernipalvelut,Tietohallinto,Tietohallintopalvelut,Tietohallintopalvelut,"TERVEYSTIE 5, 41340 Laukaa","Toimiala=Konsernipalvelut; Vastuualue=Tietohallinto; Palvelualue=Tietohallintopalvelut; Palveluyksikkö=Tietohallintopalvelut; Toimipiste=TERVEYSTIE 5, 41340 Laukaa",KESKI-SUOMEN HYVINVOINTIALUE,KESKI-SUOMEN HYVINVOINTIALUE,41340,TERVEYSTIE 5,Keski-Suomi,Suomi,Tietohallinnon asiantuntija,+358142000286,+35844100286,katri.takala,SYN-HYVAKS-000018,,,SMTP:katri.takala@example.invalid,,,fi-FI,Aktiivinen,synthetic-development-data
Jämsä,Keski-Suomen hyvinvointialue,Viestintäpalvelut,Karjalainen Teemu,teemu.karjalainen@example.invalid,SYN-HYVAKS-000287,Vakituinen,2015-05-20,Toimipiste,"Hyvinvointialue, Keski-Suomi",Konsernipalvelut,Viestintäpalvelut,Viestintäpalvelut,Viestintäpalvelut,"SAIRAALANTIE 8, 42100 Jämsä","Toimiala=Konsernipalvelut; Vastuualue=Viestintäpalvelut; Palvelualue=Viestintäpalvelut; Palveluyksikkö=Viestintäpalvelut; Toimipiste=SAIRAALANTIE 8, 42100 Jämsä",KESKI-SUOMEN HYVINVOINTIALUE,KESKI-SUOMEN HYVINVOINTIALUE,42100,SAIRAALANTIE 8,Keski-Suomi,Suomi,Sisällöntuottaja,+358142000287,+35845100287,teemu.karjalainen,SYN-HYVAKS-000030,,,SMTP:teemu.karjalainen@example.invalid,,,fi-FI,Aktiivinen,synthetic-development-data
Jämsä,Keski-Suomen hyvinvointialue,Teknologiapalvelut,Sipilä Joonas,joonas.sipila@example.invalid,SYN-HYVAKS-000288,Vakituinen,2004-01-14,Toimipiste,"Hyvinvointialue, Keski-Suomi",Konsernipalvelut,Tietohallinto,Teknologiapalvelut,Teknologiapalvelut,"SAIRAALANTIE 8, 42100 Jämsä","Toimiala=Konsernipalvelut; Vastuualue=Tietohallinto; Palvelualue=Teknologiapalvelut; Palveluyksikkö=Teknologiapalvelut; Toimipiste=SAIRAALANTIE 8, 42100 Jämsä",KESKI-SUOMEN HYVINVOINTIALUE,KESKI-SUOMEN HYVINVOINTIALUE,42100,SAIRAALANTIE 8,Keski-Suomi,Suomi,Verkkoasiantuntija,+358142000288,+35845100288,joonas.sipila,SYN-HYVAKS-000023,,,SMTP:joonas.sipila@example.invalid,,,fi-FI,Aktiivinen,synthetic-development-data
Jämsä,Keski-Suomen hyvinvointialue,Tietohallintopalvelut,Salo Kimmo,kimmo.salo@example.invalid,SYN-HYVAKS-000289,Vakituinen,2016-10-24,Toimipiste,"Hyvinvointialue, Keski-Suomi",Konsernipalvelut,Tietohallinto,Tietohallintopalvelut,Tietohallintopalvelut,"SAIRAALANTIE 8, 42100 Jämsä","Toimiala=Konsernipalvelut; Vastuualue=Tietohallinto; Palvelualue=Tietohallintopalvelut; Palveluyksikkö=Tietohallintopalvelut; Toimipiste=SAIRAALANTIE 8, 42100 Jämsä",KESKI-SUOMEN HYVINVOINTIALUE,KESKI-SUOMEN HYVINVOINTIALUE,42100,SAIRAALANTIE 8,Keski-Suomi,Suomi,Laitetukiasiantuntija,+358142000289,+35844100289,kimmo.salo,SYN-HYVAKS-000016,,,SMTP:kimmo.salo@example.invalid,,,fi-FI,Aktiivinen,synthetic-development-data
Jyväskylä,Keski-Suomen hyvinvointialue,Tietohallintopalvelut,Rinne Liisa,liisa.rinne@example.invalid,SYN-HYVAKS-000290,Vakituinen,2011-01-04,Toimipiste,"Hyvinvointialue, Keski-Suomi",Konsernipalvelut,Tietohallinto,Tietohallintopalvelut,Tietohallintopalvelut,"HOITAJANTIE 1, 40620 Jyväskylä","Toimiala=Konsernipalvelut; Vastuualue=Tietohallinto; Palvelualue=Tietohallintopalvelut; Palveluyksikkö=Tietohallintopalvelut; Toimipiste=HOITAJANTIE 1, 40620 Jyväskylä",KESKI-SUOMEN HYVINVOINTIALUE,KESKI-SUOMEN HYVINVOINTIALUE,40620,HOITAJANTIE 1,Keski-Suomi,Suomi,Järjestelmäasiantuntija,+358142000290,+35845100290,liisa.rinne,SYN-HYVAKS-000015,,,SMTP:liisa.rinne@example.invalid,,,fi-FI,Aktiivinen,synthetic-development-data
Jyväskylä,Keski-Suomen hyvinvointialue,Tietohallintopalvelut,Ojala Jaana,jaana.ojala@example.invalid,SYN-HYVAKS-000291,Vakituinen,2004-06-03,Toimipiste,"Hyvinvointialue, Keski-Suomi",Konsernipalvelut,Tietohallinto,Tietohallintopalvelut,Tietohallintopalvelut,"HOITAJANTIE 1, 40620 Jyväskylä","Toimiala=Konsernipalvelut; Vastuualue=Tietohallinto; Palvelualue=Tietohallintopalvelut; Palveluyksikkö=Tietohallintopalvelut; Toimipiste=HOITAJANTIE 1, 40620 Jyväskylä",KESKI-SUOMEN HYVINVOINTIALUE,KESKI-SUOMEN HYVINVOINTIALUE,40620,HOITAJANTIE 1,Keski-Suomi,Suomi,Käyttäjätukiasiantuntija,+358142000291,+35845100291,jaana.ojala,SYN-HYVAKS-000015,,,SMTP:jaana.ojala@example.invalid,,,fi-FI,Aktiivinen,synthetic-development-data
Jyväskylä,Keski-Suomen hyvinvointialue,Teknologiapalvelut,Toivonen Mikael,mikael.toivonen@example.invalid,SYN-HYVAKS-000292,Vakituinen,2023-02-25,Toimipiste,"Hyvinvointialue, Keski-Suomi",Konsernipalvelut,Tietohallinto,Teknologiapalvelut,Teknologiapalvelut,"HYVINVOINTIKATU 12, 40100 Jyväskylä","Toimiala=Konsernipalvelut; Vastuualue=Tietohallinto; Palvelualue=Teknologiapalvelut; Palveluyksikkö=Teknologiapalvelut; Toimipiste=HYVINVOINTIKATU 12, 40100 Jyväskylä",KESKI-SUOMEN HYVINVOINTIALUE,KESKI-SUOMEN HYVINVOINTIALUE,40100,HYVINVOINTIKATU 12,Keski-Suomi,Suomi,Järjestelmäasiantuntija,+358142000292,+35845100292,mikael.toivonen,SYN-HYVAKS-000022,,,SMTP:mikael.toivonen@example.invalid,,,fi-FI,Aktiivinen,synthetic-development-data
Laukaa,Keski-Suomen hyvinvointialue,Palveluprosessien digitalisaatio,Savolainen Olli,olli.savolainen@example.invalid,SYN-HYVAKS-000293,Vakituinen,2000-02-23,Toimipiste,"Hyvinvointialue, Keski-Suomi",Konsernipalvelut,Tietohallinto,Palveluprosessien digitalisaatio,Palveluprosessien digitalisaatio,"TERVEYSTIE 5, 41340 Laukaa","Toimiala=Konsernipalvelut; Vastuualue=Tietohallinto; Palvelualue=Palveluprosessien digitalisaatio; Palveluyksikkö=Palveluprosessien digitalisaatio; Toimipiste=TERVEYSTIE 5, 41340 Laukaa",KESKI-SUOMEN HYVINVOINTIALUE,KESKI-SUOMEN HYVINVOINTIALUE,41340,TERVEYSTIE 5,Keski-Suomi,Suomi,Prosessikehittäjä,+358142000293,+35840100293,olli.savolainen,SYN-HYVAKS-000027,,,SMTP:olli.savolainen@example.invalid,,,fi-FI,Aktiivinen,synthetic-development-data
Jyväskylä,Keski-Suomen hyvinvointialue,Palveluprosessien digitalisaatio,Salminen Tiina,tiina.salminen2@example.invalid,SYN-HYVAKS-000294,Vakituinen,2010-07-27,Toimipiste,"Hyvinvointialue, Keski-Suomi",Konsernipalvelut,Tietohallinto,Palveluprosessien digitalisaatio,Palveluprosessien digitalisaatio,"HYVINVOINTIKATU 12, 40100 Jyväskylä","Toimiala=Konsernipalvelut; Vastuualue=Tietohallinto; Palvelualue=Palveluprosessien digitalisaatio; Palveluyksikkö=Palveluprosessien digitalisaatio; Toimipiste=HYVINVOINTIKATU 12, 40100 Jyväskylä",KESKI-SUOMEN HYVINVOINTIALUE,KESKI-SUOMEN HYVINVOINTIALUE,40100,HYVINVOINTIKATU 12,Keski-Suomi,Suomi,Prosessikehittäjä,+358142000294,+35845100294,tiina.salminen2,SYN-HYVAKS-000026,,,SMTP:tiina.salminen2@example.invalid,,,fi-FI,Aktiivinen,synthetic-development-data
Äänekoski,Keski-Suomen hyvinvointialue,Teknologiapalvelut,Takala Saara,saara.takala@example.invalid,SYN-HYVAKS-000295,Vakituinen,2021-03-16,Toimipiste,"Hyvinvointialue, Keski-Suomi",Konsernipalvelut,Tietohallinto,Teknologiapalvelut,Teknologiapalvelut,"KESKUSKATU 14, 44100 Äänekoski","Toimiala=Konsernipalvelut; Vastuualue=Tietohallinto; Palvelualue=Teknologiapalvelut; Palveluyksikkö=Teknologiapalvelut; Toimipiste=KESKUSKATU 14, 44100 Äänekoski",KESKI-SUOMEN HYVINVOINTIALUE,KESKI-SUOMEN HYVINVOINTIALUE,44100,KESKUSKATU 14,Keski-Suomi,Suomi,Palveluarkkitehti,+358142000295,+35840100295,saara.takala,SYN-HYVAKS-000024,,,SMTP:saara.takala@example.invalid,,,fi-FI,Aktiivinen,synthetic-development-data
Jyväskylä,Keski-Suomen hyvinvointialue,Palveluprosessien digitalisaatio,Heikkilä Veera,veera.heikkila@example.invalid,SYN-HYVAKS-000296,Vakituinen,2003-07-16,Toimipiste,"Hyvinvointialue, Keski-Suomi",Konsernipalvelut,Tietohallinto,Palveluprosessien digitalisaatio,Palveluprosessien digitalisaatio,"HOITAJANTIE 1, 40620 Jyväskylä","Toimiala=Konsernipalvelut; Vastuualue=Tietohallinto; Palvelualue=Palveluprosessien digitalisaatio; Palveluyksikkö=Palveluprosessien digitalisaatio; Toimipiste=HOITAJANTIE 1, 40620 Jyväskylä",KESKI-SUOMEN HYVINVOINTIALUE,KESKI-SUOMEN HYVINVOINTIALUE,40620,HOITAJANTIE 1,Keski-Suomi,Suomi,Integraatioasiantuntija,+358142000296,+35840100296,veera.heikkila,SYN-HYVAKS-000025,,,SMTP:veera.heikkila@example.invalid,,,fi-FI,Aktiivinen,synthetic-development-data
Jyväskylä,Keski-Suomen hyvinvointialue,Tilapalveluiden johtaminen,Törmänen Riikka,riikka.tormanen@example.invalid,SYN-HYVAKS-000297,Vakituinen,2022-06-21,Toimipiste,"Hyvinvointialue, Keski-Suomi",Konsernipalvelut,Tilapalvelut,Tilapalveluiden johtaminen,Tilapalveluiden johtaminen,"HYVINVOINTIKATU 12, 40100 Jyväskylä","Toimiala=Konsernipalvelut; Vastuualue=Tilapalvelut; Palvelualue=Tilapalveluiden johtaminen; Palveluyksikkö=Tilapalveluiden johtaminen; Toimipiste=HYVINVOINTIKATU 12, 40100 Jyväskylä",KESKI-SUOMEN HYVINVOINTIALUE,KESKI-SUOMEN HYVINVOINTIALUE,40100,HYVINVOINTIKATU 12,Keski-Suomi,Suomi,Kiinteistöasiantuntija,+358142000297,+35850100297,riikka.tormanen,SYN-HYVAKS-000031,,,SMTP:riikka.tormanen@example.invalid,,,fi-FI,Aktiivinen,synthetic-development-data
Jyväskylä,Keski-Suomen hyvinvointialue,Teknologiapalvelut,Paananen Juha,juha.paananen@example.invalid,SYN-HYVAKS-000298,Vakituinen,2025-10-09,Toimipiste,"Hyvinvointialue, Keski-Suomi",Konsernipalvelut,Tietohallinto,Teknologiapalvelut,Teknologiapalvelut,"HYVINVOINTIKATU 12, 40100 Jyväskylä","Toimiala=Konsernipalvelut; Vastuualue=Tietohallinto; Palvelualue=Teknologiapalvelut; Palveluyksikkö=Teknologiapalvelut; Toimipiste=HYVINVOINTIKATU 12, 40100 Jyväskylä",KESKI-SUOMEN HYVINVOINTIALUE,KESKI-SUOMEN HYVINVOINTIALUE,40100,HYVINVOINTIKATU 12,Keski-Suomi,Suomi,Järjestelmäasiantuntija,+358142000298,+35840100298,juha.paananen,SYN-HYVAKS-000022,,,SMTP:juha.paananen@example.invalid,,,en-US,Aktiivinen,synthetic-development-data
Jyväskylä,Keski-Suomen hyvinvointialue,Projektit ja kehittäminen,Sillanpää Matti,matti.sillanpaa2@example.invalid,SYN-HYVAKS-000299,Vakituinen,2007-09-24,Toimipiste,"Hyvinvointialue, Keski-Suomi",Konsernipalvelut,Tietohallinto,Projektit ja kehittäminen,Projektit ja kehittäminen,"HOITAJANTIE 1, 40620 Jyväskylä","Toimiala=Konsernipalvelut; Vastuualue=Tietohallinto; Palvelualue=Projektit ja kehittäminen; Palveluyksikkö=Projektit ja kehittäminen; Toimipiste=HOITAJANTIE 1, 40620 Jyväskylä",KESKI-SUOMEN HYVINVOINTIALUE,KESKI-SUOMEN HYVINVOINTIALUE,40620,HOITAJANTIE 1,Keski-Suomi,Suomi,Projektisuunnittelija,+358142000299,+35844100299,matti.sillanpaa2,SYN-HYVAKS-000019,,,SMTP:matti.sillanpaa2@example.invalid,,,fi-FI,Aktiivinen,synthetic-development-data
Jyväskylä,Keski-Suomen hyvinvointialue,Teknologiapalvelut,Nurminen Emilia,emilia.nurminen2@example.invalid,SYN-HYVAKS-000300,Vakituinen,2009-06-05,Toimipiste,"Hyvinvointialue, Keski-Suomi",Konsernipalvelut,Tietohallinto,Teknologiapalvelut,Teknologiapalvelut,"HOITAJANTIE 1, 40620 Jyväskylä","Toimiala=Konsernipalvelut; Vastuualue=Tietohallinto; Palvelualue=Teknologiapalvelut; Palveluyksikkö=Teknologiapalvelut; Toimipiste=HOITAJANTIE 1, 40620 Jyväskylä",KESKI-SUOMEN HYVINVOINTIALUE,KESKI-SUOMEN HYVINVOINTIALUE,40620,HOITAJANTIE 1,Keski-Suomi,Suomi,Verkkoasiantuntija,+358142000300,+35850100300,emilia.nurminen2,SYN-HYVAKS-000021,,,SMTP:emilia.nurminen2@example.invalid,,,fi-FI,Aktiivinen,synthetic-development-data
Jämsä,Keski-Suomen hyvinvointialue,Tilapalveluiden johtaminen,Lindholm Johanna,johanna.lindholm@example.invalid,SYN-HYVAKS-000301,Vakituinen,2024-08-26,Toimipiste,"Hyvinvointialue, Keski-Suomi",Konsernipalvelut,Tilapalvelut,Tilapalveluiden johtaminen,Tilapalveluiden johtaminen,"SAIRAALANTIE 8, 42100 Jämsä","Toimiala=Konsernipalvelut; Vastuualue=Tilapalvelut; Palvelualue=Tilapalveluiden johtaminen; Palveluyksikkö=Tilapalveluiden johtaminen; Toimipiste=SAIRAALANTIE 8, 42100 Jämsä",KESKI-SUOMEN HYVINVOINTIALUE,KESKI-SUOMEN HYVINVOINTIALUE,42100,SAIRAALANTIE 8,Keski-Suomi,Suomi,Huoltoinsinööri,+358142000301,+35850100301,johanna.lindholm,SYN-HYVAKS-000032,,,SMTP:johanna.lindholm@example.invalid,,,sv-FI,Aktiivinen,synthetic-development-data
Laukaa,Keski-Suomen hyvinvointialue,Tietohallintopalvelut,Savolainen Tiina,tiina.savolainen@example.invalid,SYN-HYVAKS-000302,Osa-aikainen,2024-07-22,Toimipiste,"Hyvinvointialue, Keski-Suomi",Konsernipalvelut,Tietohallinto,Tietohallintopalvelut,Tietohallintopalvelut,"TERVEYSTIE 5, 41340 Laukaa","Toimiala=Konsernipalvelut; Vastuualue=Tietohallinto; Palvelualue=Tietohallintopalvelut; Palveluyksikkö=Tietohallintopalvelut; Toimipiste=TERVEYSTIE 5, 41340 Laukaa",KESKI-SUOMEN HYVINVOINTIALUE,KESKI-SUOMEN HYVINVOINTIALUE,41340,TERVEYSTIE 5,Keski-Suomi,Suomi,Järjestelmäasiantuntija,+358142000302,+35840100302,tiina.savolainen,SYN-HYVAKS-000018,,,SMTP:tiina.savolainen@example.invalid,,,fi-FI,Aktiivinen,synthetic-development-data
Jämsä,Keski-Suomen hyvinvointialue,Tilapalveluiden johtaminen,Mattila Pekka,pekka.mattila@example.invalid,SYN-HYVAKS-000303,Vakituinen,2011-11-03,Toimipiste,"Hyvinvointialue, Keski-Suomi",Konsernipalvelut,Tilapalvelut,Tilapalveluiden johtaminen,Tilapalveluiden johtaminen,"SAIRAALANTIE 8, 42100 Jämsä","Toimiala=Konsernipalvelut; Vastuualue=Tilapalvelut; Palvelualue=Tilapalveluiden johtaminen; Palveluyksikkö=Tilapalveluiden johtaminen; Toimipiste=SAIRAALANTIE 8, 42100 Jämsä",KESKI-SUOMEN HYVINVOINTIALUE,KESKI-SUOMEN HYVINVOINTIALUE,42100,SAIRAALANTIE 8,Keski-Suomi,Suomi,Kiinteistöasiantuntija,+358142000303,+35850100303,pekka.mattila,SYN-HYVAKS-000032,,,SMTP:pekka.mattila@example.invalid,,,fi-FI,Aktiivinen,synthetic-development-data
Jyväskylä,Keski-Suomen hyvinvointialue,Palveluprosessien digitalisaatio,Lehtinen Mikael,mikael.lehtinen@example.invalid,SYN-HYVAKS-000304,Vakituinen,2010-12-27,Toimipiste,"Hyvinvointialue, Keski-Suomi",Konsernipalvelut,Tietohallinto,Palveluprosessien digitalisaatio,Palveluprosessien digitalisaatio,"HYVINVOINTIKATU 12, 40100 Jyväskylä","Toimiala=Konsernipalvelut; Vastuualue=Tietohallinto; Palvelualue=Palveluprosessien digitalisaatio; Palveluyksikkö=Palveluprosessien digitalisaatio; Toimipiste=HYVINVOINTIKATU 12, 40100 Jyväskylä",KESKI-SUOMEN HYVINVOINTIALUE,KESKI-SUOMEN HYVINVOINTIALUE,40100,HYVINVOINTIKATU 12,Keski-Suomi,Suomi,Tietoasiantuntija,+358142000304,+35850100304,mikael.lehtinen,SYN-HYVAKS-000026,,,SMTP:mikael.lehtinen@example.invalid,,,fi-FI,Aktiivinen,synthetic-development-data
Viitasaari,Keski-Suomen hyvinvointialue,Tilapalveluiden johtaminen,Sipilä Johanna,johanna.sipila@example.invalid,SYN-HYVAKS-000305,Vakituinen,2026-08-09,Toimipiste,"Hyvinvointialue, Keski-Suomi",Konsernipalvelut,Tilapalvelut,Tilapalveluiden johtaminen,Tilapalveluiden johtaminen,"TERVEYSKESKUKSENTIE 2, 44500 Viitasaari","Toimiala=Konsernipalvelut; Vastuualue=Tilapalvelut; Palvelualue=Tilapalveluiden johtaminen; Palveluyksikkö=Tilapalveluiden johtaminen; Toimipiste=TERVEYSKESKUKSENTIE 2, 44500 Viitasaari",KESKI-SUOMEN HYVINVOINTIALUE,KESKI-SUOMEN HYVINVOINTIALUE,44500,TERVEYSKESKUKSENTIE 2,Keski-Suomi,Suomi,Huoltoinsinööri,+358142000305,+35844100305,johanna.sipila,SYN-HYVAKS-000036,,,SMTP:johanna.sipila@example.invalid,,,fi-FI,Aktiivinen,synthetic-development-data
Äänekoski,Keski-Suomen hyvinvointialue,Teknologiapalvelut,Räsänen Heli,heli.rasanen@example.invalid,SYN-HYVAKS-000306,Vakituinen,2018-09-07,Toimipiste,"Hyvinvointialue, Keski-Suomi",Konsernipalvelut,Tietohallinto,Teknologiapalvelut,Teknologiapalvelut,"KESKUSKATU 14, 44100 Äänekoski","Toimiala=Konsernipalvelut; Vastuualue=Tietohallinto; Palvelualue=Teknologiapalvelut; Palveluyksikkö=Teknologiapalvelut; Toimipiste=KESKUSKATU 14, 44100 Äänekoski",KESKI-SUOMEN HYVINVOINTIALUE,KESKI-SUOMEN HYVINVOINTIALUE,44100,KESKUSKATU 14,Keski-Suomi,Suomi,Konesaliasiantuntija,+358142000306,+35840100306,heli.rasanen,SYN-HYVAKS-000024,,,SMTP:heli.rasanen@example.invalid,,,fi-FI,Aktiivinen,synthetic-development-data
Jyväskylä,Keski-Suomen hyvinvointialue,Tietohallinto yhteiset,Heikkilä Sanna,sanna.heikkila@example.invalid,SYN-HYVAKS-000307,Vakituinen,2005-08-29,Toimipiste,"Hyvinvointialue, Keski-Suomi",Konsernipalvelut,Tietohallinto,Tietohallinto yhteiset,Tietohallinto yhteiset,"HOITAJANTIE 1, 40620 Jyväskylä","Toimiala=Konsernipalvelut; Vastuualue=Tietohallinto; Palvelualue=Tietohallinto yhteiset; Palveluyksikkö=Tietohallinto yhteiset; Toimipiste=HOITAJANTIE 1, 40620 Jyväskylä",KESKI-SUOMEN HYVINVOINTIALUE,KESKI-SUOMEN HYVINVOINTIALUE,40620,HOITAJANTIE 1,Keski-Suomi,Suomi,Hallinnon asiantuntija,+358142000307,+35845100307,sanna.heikkila,SYN-HYVAKS-000013,,,SMTP:sanna.heikkila@example.invalid,,,fi-FI,Aktiivinen,synthetic-development-data
Äänekoski,Keski-Suomen hyvinvointialue,Tilapalveluiden johtaminen,Hirvonen Pekka,pekka.hirvonen@example.invalid,SYN-HYVAKS-000308,Vakituinen,2019-11-11,Toimipiste,"Hyvinvointialue, Keski-Suomi",Konsernipalvelut,Tilapalvelut,Tilapalveluiden johtaminen,Tilapalveluiden johtaminen,"KESKUSKATU 14, 44100 Äänekoski","Toimiala=Konsernipalvelut; Vastuualue=Tilapalvelut; Palvelualue=Tilapalveluiden johtaminen; Palveluyksikkö=Tilapalveluiden johtaminen; Toimipiste=KESKUSKATU 14, 44100 Äänekoski",KESKI-SUOMEN HYVINVOINTIALUE,KESKI-SUOMEN HYVINVOINTIALUE,44100,KESKUSKATU 14,Keski-Suomi,Suomi,Kiinteistöasiantuntija,+358142000308,+35845100308,pekka.hirvonen,SYN-HYVAKS-000033,,,SMTP:pekka.hirvonen@example.invalid,,,fi-FI,Aktiivinen,synthetic-development-data
Jyväskylä,Keski-Suomen hyvinvointialue,Tietohallinto yhteiset,Nurminen Tomi,tomi.nurminen@example.invalid,SYN-HYVAKS-000309,Vakituinen,2013-05-02,Toimipiste,"Hyvinvointialue, Keski-Suomi",Konsernipalvelut,Tietohallinto,Tietohallinto yhteiset,Tietohallinto yhteiset,"HYVINVOINTIKATU 12, 40100 Jyväskylä","Toimiala=Konsernipalvelut; Vastuualue=Tietohallinto; Palvelualue=Tietohallinto yhteiset; Palveluyksikkö=Tietohallinto yhteiset; Toimipiste=HYVINVOINTIKATU 12, 40100 Jyväskylä",KESKI-SUOMEN HYVINVOINTIALUE,KESKI-SUOMEN HYVINVOINTIALUE,40100,HYVINVOINTIKATU 12,Keski-Suomi,Suomi,Hallinnon asiantuntija,+358142000309,+35840100309,tomi.nurminen,SYN-HYVAKS-000014,,,SMTP:tomi.nurminen@example.invalid,,,en-US,Aktiivinen,synthetic-development-data
Äänekoski,Keski-Suomen hyvinvointialue,Tilapalveluiden johtaminen,Virtanen Riikka,riikka.virtanen@example.invalid,SYN-HYVAKS-000310,Osa-aikainen,2002-08-19,Toimipiste,"Hyvinvointialue, Keski-Suomi",Konsernipalvelut,Tilapalvelut,Tilapalveluiden johtaminen,Tilapalveluiden johtaminen,"KESKUSKATU 14, 44100 Äänekoski","Toimiala=Konsernipalvelut; Vastuualue=Tilapalvelut; Palvelualue=Tilapalveluiden johtaminen; Palveluyksikkö=Tilapalveluiden johtaminen; Toimipiste=KESKUSKATU 14, 44100 Äänekoski",KESKI-SUOMEN HYVINVOINTIALUE,KESKI-SUOMEN HYVINVOINTIALUE,44100,KESKUSKATU 14,Keski-Suomi,Suomi,Kiinteistöasiantuntija,+358142000310,+35844100310,riikka.virtanen,SYN-HYVAKS-000033,,,SMTP:riikka.virtanen@example.invalid,,,fi-FI,Aktiivinen,synthetic-development-data
Jämsä,Keski-Suomen hyvinvointialue,Teknologiapalvelut,Salo Timo,timo.salo@example.invalid,SYN-HYVAKS-000311,Sijainen,2000-12-17,Toimipiste,"Hyvinvointialue, Keski-Suomi",Konsernipalvelut,Tietohallinto,Teknologiapalvelut,Teknologiapalvelut,"SAIRAALANTIE 8, 42100 Jämsä","Toimiala=Konsernipalvelut; Vastuualue=Tietohallinto; Palvelualue=Teknologiapalvelut; Palveluyksikkö=Teknologiapalvelut; Toimipiste=SAIRAALANTIE 8, 42100 Jämsä",KESKI-SUOMEN HYVINVOINTIALUE,KESKI-SUOMEN HYVINVOINTIALUE,42100,SAIRAALANTIE 8,Keski-Suomi,Suomi,Järjestelmäasiantuntija,+358142000311,+35845100311,timo.salo,SYN-HYVAKS-000023,,,SMTP:timo.salo@example.invalid,,,fi-FI,Aktiivinen,synthetic-development-data
Jyväskylä,Keski-Suomen hyvinvointialue,Tietohallinto yhteiset,Salo Joonas,joonas.salo@example.invalid,SYN-HYVAKS-000312,Osa-aikainen,2015-02-06,Toimipiste,"Hyvinvointialue, Keski-Suomi",Konsernipalvelut,Tietohallinto,Tietohallinto yhteiset,Tietohallinto yhteiset,"HOITAJANTIE 1, 40620 Jyväskylä","Toimiala=Konsernipalvelut; Vastuualue=Tietohallinto; Palvelualue=Tietohallinto yhteiset; Palveluyksikkö=Tietohallinto yhteiset; Toimipiste=HOITAJANTIE 1, 40620 Jyväskylä",KESKI-SUOMEN HYVINVOINTIALUE,KESKI-SUOMEN HYVINVOINTIALUE,40620,HOITAJANTIE 1,Keski-Suomi,Suomi,Tietohallinnon suunnittelija,+358142000312,+35850100312,joonas.salo,SYN-HYVAKS-000013,,,SMTP:joonas.salo@example.invalid,,,fi-FI,Aktiivinen,synthetic-development-data
Jyväskylä,Keski-Suomen hyvinvointialue,Tietohallintopalvelut,Törmänen Teemu,teemu.tormanen@example.invalid,SYN-HYVAKS-000313,Määräaikainen,1999-08-26,Toimipiste,"Hyvinvointialue, Keski-Suomi",Konsernipalvelut,Tietohallinto,Tietohallintopalvelut,Tietohallintopalvelut,"HOITAJANTIE 1, 40620 Jyväskylä","Toimiala=Konsernipalvelut; Vastuualue=Tietohallinto; Palvelualue=Tietohallintopalvelut; Palveluyksikkö=Tietohallintopalvelut; Toimipiste=HOITAJANTIE 1, 40620 Jyväskylä",KESKI-SUOMEN HYVINVOINTIALUE,KESKI-SUOMEN HYVINVOINTIALUE,40620,HOITAJANTIE 1,Keski-Suomi,Suomi,Laitetukiasiantuntija,+358142000313,+35840100313,teemu.tormanen,SYN-HYVAKS-000015,,,SMTP:teemu.tormanen@example.invalid,,,fi-FI,Aktiivinen,synthetic-development-data
Jyväskylä,Keski-Suomen hyvinvointialue,Viestintäpalvelut,Moilanen Matti,matti.moilanen@example.invalid,SYN-HYVAKS-000314,Vakituinen,2007-03-25,Toimipiste,"Hyvinvointialue, Keski-Suomi",Konsernipalvelut,Viestintäpalvelut,Viestintäpalvelut,Viestintäpalvelut,"HOITAJANTIE 1, 40620 Jyväskylä","Toimiala=Konsernipalvelut; Vastuualue=Viestintäpalvelut; Palvelualue=Viestintäpalvelut; Palveluyksikkö=Viestintäpalvelut; Toimipiste=HOITAJANTIE 1, 40620 Jyväskylä",KESKI-SUOMEN HYVINVOINTIALUE,KESKI-SUOMEN HYVINVOINTIALUE,40620,HOITAJANTIE 1,Keski-Suomi,Suomi,Graafinen suunnittelija,+358142000314,+35845100314,matti.moilanen,SYN-HYVAKS-000028,,,SMTP:matti.moilanen@example.invalid,,,fi-FI,Aktiivinen,synthetic-development-data
Jyväskylä,Keski-Suomen hyvinvointialue,Palveluprosessien digitalisaatio,Hirvonen Riku,riku.hirvonen2@example.invalid,SYN-HYVAKS-000315,Vakituinen,2014-08-29,Toimipiste,"Hyvinvointialue, Keski-Suomi",Konsernipalvelut,Tietohallinto,Palveluprosessien digitalisaatio,Palveluprosessien digitalisaatio,"HYVINVOINTIKATU 12, 40100 Jyväskylä","Toimiala=Konsernipalvelut; Vastuualue=Tietohallinto; Palvelualue=Palveluprosessien digitalisaatio; Palveluyksikkö=Palveluprosessien digitalisaatio; Toimipiste=HYVINVOINTIKATU 12, 40100 Jyväskylä",KESKI-SUOMEN HYVINVOINTIALUE,KESKI-SUOMEN HYVINVOINTIALUE,40100,HYVINVOINTIKATU 12,Keski-Suomi,Suomi,Digitalisaatioasiantuntija,+358142000315,+35840100315,riku.hirvonen2,SYN-HYVAKS-000026,,,SMTP:riku.hirvonen2@example.invalid,,,fi-FI,Aktiivinen,synthetic-development-data
Jyväskylä,Keski-Suomen hyvinvointialue,Viestintäpalvelut,Ojala Matti,matti.ojala@example.invalid,SYN-HYVAKS-000316,Vakituinen,2015-09-10,Toimipiste,"Hyvinvointialue, Keski-Suomi",Konsernipalvelut,Viestintäpalvelut,Viestintäpalvelut,Viestintäpalvelut,"HOITAJANTIE 1, 40620 Jyväskylä","Toimiala=Konsernipalvelut; Vastuualue=Viestintäpalvelut; Palvelualue=Viestintäpalvelut; Palveluyksikkö=Viestintäpalvelut; Toimipiste=HOITAJANTIE 1, 40620 Jyväskylä",KESKI-SUOMEN HYVINVOINTIALUE,KESKI-SUOMEN HYVINVOINTIALUE,40620,HOITAJANTIE 1,Keski-Suomi,Suomi,Sisällöntuottaja,+358142000316,+35845100316,matti.ojala,SYN-HYVAKS-000028,,,SMTP:matti.ojala@example.invalid,,,fi-FI,Aktiivinen,synthetic-development-data
Jyväskylä,Keski-Suomen hyvinvointialue,Teknologiapalvelut,Laakso Mika,mika.laakso@example.invalid,SYN-HYVAKS-000317,Vakituinen,2016-04-10,Toimipiste,"Hyvinvointialue, Keski-Suomi",Konsernipalvelut,Tietohallinto,Teknologiapalvelut,Teknologiapalvelut,"HOITAJANTIE 1, 40620 Jyväskylä","Toimiala=Konsernipalvelut; Vastuualue=Tietohallinto; Palvelualue=Teknologiapalvelut; Palveluyksikkö=Teknologiapalvelut; Toimipiste=HOITAJANTIE 1, 40620 Jyväskylä",KESKI-SUOMEN HYVINVOINTIALUE,KESKI-SUOMEN HYVINVOINTIALUE,40620,HOITAJANTIE 1,Keski-Suomi,Suomi,Verkkoasiantuntija,+358142000317,+35844100317,mika.laakso,SYN-HYVAKS-000021,,,SMTP:mika.laakso@example.invalid,,,fi-FI,Aktiivinen,synthetic-development-data
Äänekoski,Keski-Suomen hyvinvointialue,Tietohallintopalvelut,Suomalainen Saara,saara.suomalainen@example.invalid,SYN-HYVAKS-000318,Vakituinen,2025-03-04,Toimipiste,"Hyvinvointialue, Keski-Suomi",Konsernipalvelut,Tietohallinto,Tietohallintopalvelut,Tietohallintopalvelut,"KESKUSKATU 14, 44100 Äänekoski","Toimiala=Konsernipalvelut; Vastuualue=Tietohallinto; Palvelualue=Tietohallintopalvelut; Palveluyksikkö=Tietohallintopalvelut; Toimipiste=KESKUSKATU 14, 44100 Äänekoski",KESKI-SUOMEN HYVINVOINTIALUE,KESKI-SUOMEN HYVINVOINTIALUE,44100,KESKUSKATU 14,Keski-Suomi,Suomi,Tietohallinnon asiantuntija,+358142000318,+35845100318,saara.suomalainen,SYN-HYVAKS-000017,,,SMTP:saara.suomalainen@example.invalid,,,fi-FI,Aktiivinen,synthetic-development-data
Jyväskylä,Keski-Suomen hyvinvointialue,Projektit ja kehittäminen,Laakso Anni,anni.laakso@example.invalid,SYN-HYVAKS-000319,Vakituinen,2009-01-31,Toimipiste,"Hyvinvointialue, Keski-Suomi",Konsernipalvelut,Tietohallinto,Projektit ja kehittäminen,Projektit ja kehittäminen,"HOITAJANTIE 1, 40620 Jyväskylä","Toimiala=Konsernipalvelut; Vastuualue=Tietohallinto; Palvelualue=Projektit ja kehittäminen; Palveluyksikkö=Projektit ja kehittäminen; Toimipiste=HOITAJANTIE 1, 40620 Jyväskylä",KESKI-SUOMEN HYVINVOINTIALUE,KESKI-SUOMEN HYVINVOINTIALUE,40620,HOITAJANTIE 1,Keski-Suomi,Suomi,Tuoteomistaja,+358142000319,+35845100319,anni.laakso,SYN-HYVAKS-000019,,,SMTP:anni.laakso@example.invalid,,,fi-FI,Aktiivinen,synthetic-development-data
Äänekoski,Keski-Suomen hyvinvointialue,Teknologiapalvelut,Salo Marika,marika.salo@example.invalid,SYN-HYVAKS-000320,Sijainen,2013-12-17,Toimipiste,"Hyvinvointialue, Keski-Suomi",Konsernipalvelut,Tietohallinto,Teknologiapalvelut,Teknologiapalvelut,"KESKUSKATU 14, 44100 Äänekoski","Toimiala=Konsernipalvelut; Vastuualue=Tietohallinto; Palvelualue=Teknologiapalvelut; Palveluyksikkö=Teknologiapalvelut; Toimipiste=KESKUSKATU 14, 44100 Äänekoski",KESKI-SUOMEN HYVINVOINTIALUE,KESKI-SUOMEN HYVINVOINTIALUE,44100,KESKUSKATU 14,Keski-Suomi,Suomi,Palveluarkkitehti,+358142000320,+35845100320,marika.salo,SYN-HYVAKS-000024,,,SMTP:marika.salo@example.invalid,,,fi-FI,Aktiivinen,synthetic-development-data
Jämsä,Keski-Suomen hyvinvointialue,Viestintäpalvelut,Rinne Liisa,liisa.rinne2@example.invalid,SYN-HYVAKS-000321,Osa-aikainen,2011-02-14,Toimipiste,"Hyvinvointialue, Keski-Suomi",Konsernipalvelut,Viestintäpalvelut,Viestintäpalvelut,Viestintäpalvelut,"SAIRAALANTIE 8, 42100 Jämsä","Toimiala=Konsernipalvelut; Vastuualue=Viestintäpalvelut; Palvelualue=Viestintäpalvelut; Palveluyksikkö=Viestintäpalvelut; Toimipiste=SAIRAALANTIE 8, 42100 Jämsä",KESKI-SUOMEN HYVINVOINTIALUE,KESKI-SUOMEN HYVINVOINTIALUE,42100,SAIRAALANTIE 8,Keski-Suomi,Suomi,Graafinen suunnittelija,+358142000321,+35840100321,liisa.rinne2,SYN-HYVAKS-000030,,,SMTP:liisa.rinne2@example.invalid,,,sv-FI,Aktiivinen,synthetic-development-data
Jyväskylä,Keski-Suomen hyvinvointialue,Palveluprosessien digitalisaatio,Mäkinen Saara,saara.makinen@example.invalid,SYN-HYVAKS-000322,Vakituinen,2019-08-18,Toimipiste,"Hyvinvointialue, Keski-Suomi",Konsernipalvelut,Tietohallinto,Palveluprosessien digitalisaatio,Palveluprosessien digitalisaatio,"HYVINVOINTIKATU 12, 40100 Jyväskylä","Toimiala=Konsernipalvelut; Vastuualue=Tietohallinto; Palvelualue=Palveluprosessien digitalisaatio; Palveluyksikkö=Palveluprosessien digitalisaatio; Toimipiste=HYVINVOINTIKATU 12, 40100 Jyväskylä",KESKI-SUOMEN HYVINVOINTIALUE,KESKI-SUOMEN HYVINVOINTIALUE,40100,HYVINVOINTIKATU 12,Keski-Suomi,Suomi,Digitalisaatioasiantuntija,+358142000322,+35840100322,saara.makinen,SYN-HYVAKS-000026,,,SMTP:saara.makinen@example.invalid,,,fi-FI,Aktiivinen,synthetic-development-data
Jyväskylä,Keski-Suomen hyvinvointialue,Projektit ja kehittäminen,Sillanpää Paula,paula.sillanpaa@example.invalid,SYN-HYVAKS-000323,Vakituinen,2020-01-17,Toimipiste,"Hyvinvointialue, Keski-Suomi",Konsernipalvelut,Tietohallinto,Projektit ja kehittäminen,Projektit ja kehittäminen,"HYVINVOINTIKATU 12, 40100 Jyväskylä","Toimiala=Konsernipalvelut; Vastuualue=Tietohallinto; Palvelualue=Projektit ja kehittäminen; Palveluyksikkö=Projektit ja kehittäminen; Toimipiste=HYVINVOINTIKATU 12, 40100 Jyväskylä",KESKI-SUOMEN HYVINVOINTIALUE,KESKI-SUOMEN HYVINVOINTIALUE,40100,HYVINVOINTIKATU 12,Keski-Suomi,Suomi,Palvelumuotoilija,+358142000323,+35850100323,paula.sillanpaa,SYN-HYVAKS-000020,,,SMTP:paula.sillanpaa@example.invalid,,,fi-FI,Aktiivinen,synthetic-development-data
Jämsä,Keski-Suomen hyvinvointialue,Tietohallintopalvelut,Niemi Riikka,riikka.niemi@example.invalid,SYN-HYVAKS-000324,Vakituinen,2001-12-09,Toimipiste,"Hyvinvointialue, Keski-Suomi",Konsernipalvelut,Tietohallinto,Tietohallintopalvelut,Tietohallintopalvelut,"SAIRAALANTIE 8, 42100 Jämsä","Toimiala=Konsernipalvelut; Vastuualue=Tietohallinto; Palvelualue=Tietohallintopalvelut; Palveluyksikkö=Tietohallintopalvelut; Toimipiste=SAIRAALANTIE 8, 42100 Jämsä",KESKI-SUOMEN HYVINVOINTIALUE,KESKI-SUOMEN HYVINVOINTIALUE,42100,SAIRAALANTIE 8,Keski-Suomi,Suomi,Laitetukiasiantuntija,+358142000324,+35850100324,riikka.niemi,SYN-HYVAKS-000016,,,SMTP:riikka.niemi@example.invalid,,,fi-FI,Aktiivinen,synthetic-development-data
Jyväskylä,Keski-Suomen hyvinvointialue,Tietohallintopalvelut,Kallio Tomi,tomi.kallio@example.invalid,SYN-HYVAKS-000325,Vakituinen,2019-01-16,Toimipiste,"Hyvinvointialue, Keski-Suomi",Konsernipalvelut,Tietohallinto,Tietohallintopalvelut,Tietohallintopalvelut,"HOITAJANTIE 1, 40620 Jyväskylä","Toimiala=Konsernipalvelut; Vastuualue=Tietohallinto; Palvelualue=Tietohallintopalvelut; Palveluyksikkö=Tietohallintopalvelut; Toimipiste=HOITAJANTIE 1, 40620 Jyväskylä",KESKI-SUOMEN HYVINVOINTIALUE,KESKI-SUOMEN HYVINVOINTIALUE,40620,HOITAJANTIE 1,Keski-Suomi,Suomi,Tietohallinnon asiantuntija,+358142000325,+35844100325,tomi.kallio,SYN-HYVAKS-000015,,,SMTP:tomi.kallio@example.invalid,,,fi-FI,Aktiivinen,synthetic-development-data
Äänekoski,Keski-Suomen hyvinvointialue,Teknologiapalvelut,Saarinen Matti,matti.saarinen@example.invalid,SYN-HYVAKS-000326,Vakituinen,2002-11-02,Toimipiste,"Hyvinvointialue, Keski-Suomi",Konsernipalvelut,Tietohallinto,Teknologiapalvelut,Teknologiapalvelut,"KESKUSKATU 14, 44100 Äänekoski","Toimiala=Konsernipalvelut; Vastuualue=Tietohallinto; Palvelualue=Teknologiapalvelut; Palveluyksikkö=Teknologiapalvelut; Toimipiste=KESKUSKATU 14, 44100 Äänekoski",KESKI-SUOMEN HYVINVOINTIALUE,KESKI-SUOMEN HYVINVOINTIALUE,44100,KESKUSKATU 14,Keski-Suomi,Suomi,Teknologia-asiantuntija,+358142000326,+35844100326,matti.saarinen,SYN-HYVAKS-000024,,,SMTP:matti.saarinen@example.invalid,,,fi-FI,Aktiivinen,synthetic-development-data
Äänekoski,Keski-Suomen hyvinvointialue,Tilapalveluiden johtaminen,Hirvonen Henna,henna.hirvonen@example.invalid,SYN-HYVAKS-000327,Vakituinen,2010-09-19,Toimipiste,"Hyvinvointialue, Keski-Suomi",Konsernipalvelut,Tilapalvelut,Tilapalveluiden johtaminen,Tilapalveluiden johtaminen,"KESKUSKATU 14, 44100 Äänekoski","Toimiala=Konsernipalvelut; Vastuualue=Tilapalvelut; Palvelualue=Tilapalveluiden johtaminen; Palveluyksikkö=Tilapalveluiden johtaminen; Toimipiste=KESKUSKATU 14, 44100 Äänekoski",KESKI-SUOMEN HYVINVOINTIALUE,KESKI-SUOMEN HYVINVOINTIALUE,44100,KESKUSKATU 14,Keski-Suomi,Suomi,Huoltoinsinööri,+358142000327,+35845100327,henna.hirvonen,SYN-HYVAKS-000033,,,SMTP:henna.hirvonen@example.invalid,,,fi-FI,Aktiivinen,synthetic-development-data
Äänekoski,Keski-Suomen hyvinvointialue,Tietohallintopalvelut,Koskela Meri,meri.koskela@example.invalid,SYN-HYVAKS-000328,Vakituinen,2002-01-20,Toimipiste,"Hyvinvointialue, Keski-Suomi",Konsernipalvelut,Tietohallinto,Tietohallintopalvelut,Tietohallintopalvelut,"KESKUSKATU 14, 44100 Äänekoski","Toimiala=Konsernipalvelut; Vastuualue=Tietohallinto; Palvelualue=Tietohallintopalvelut; Palveluyksikkö=Tietohallintopalvelut; Toimipiste=KESKUSKATU 14, 44100 Äänekoski",KESKI-SUOMEN HYVINVOINTIALUE,KESKI-SUOMEN HYVINVOINTIALUE,44100,KESKUSKATU 14,Keski-Suomi,Suomi,Järjestelmäasiantuntija,+358142000328,+35845100328,meri.koskela,SYN-HYVAKS-000017,,,SMTP:meri.koskela@example.invalid,,,fi-FI,Aktiivinen,synthetic-development-data
Äänekoski,Keski-Suomen hyvinvointialue,Tietohallintopalvelut,Ylitalo Matti,matti.ylitalo@example.invalid,SYN-HYVAKS-000329,Vakituinen,1998-12-17,Toimipiste,"Hyvinvointialue, Keski-Suomi",Konsernipalvelut,Tietohallinto,Tietohallintopalvelut,Tietohallintopalvelut,"KESKUSKATU 14, 44100 Äänekoski","Toimiala=Konsernipalvelut; Vastuualue=Tietohallinto; Palvelualue=Tietohallintopalvelut; Palveluyksikkö=Tietohallintopalvelut; Toimipiste=KESKUSKATU 14, 44100 Äänekoski",KESKI-SUOMEN HYVINVOINTIALUE,KESKI-SUOMEN HYVINVOINTIALUE,44100,KESKUSKATU 14,Keski-Suomi,Suomi,Laitetukiasiantuntija,+358142000329,+35840100329,matti.ylitalo,SYN-HYVAKS-000017,,,SMTP:matti.ylitalo@example.invalid,,,fi-FI,Aktiivinen,synthetic-development-data
Äänekoski,Keski-Suomen hyvinvointialue,Teknologiapalvelut,Salonen Tuula,tuula.salonen@example.invalid,SYN-HYVAKS-000330,Vakituinen,2003-06-19,Toimipiste,"Hyvinvointialue, Keski-Suomi",Konsernipalvelut,Tietohallinto,Teknologiapalvelut,Teknologiapalvelut,"KESKUSKATU 14, 44100 Äänekoski","Toimiala=Konsernipalvelut; Vastuualue=Tietohallinto; Palvelualue=Teknologiapalvelut; Palveluyksikkö=Teknologiapalvelut; Toimipiste=KESKUSKATU 14, 44100 Äänekoski",KESKI-SUOMEN HYVINVOINTIALUE,KESKI-SUOMEN HYVINVOINTIALUE,44100,KESKUSKATU 14,Keski-Suomi,Suomi,Verkkoasiantuntija,+358142000330,+35844100330,tuula.salonen,SYN-HYVAKS-000024,,,SMTP:tuula.salonen@example.invalid,,,fi-FI,Aktiivinen,synthetic-development-data
Jyväskylä,Keski-Suomen hyvinvointialue,Tietohallintopalvelut,Hirvonen Tiina,tiina.hirvonen@example.invalid,SYN-HYVAKS-000331,Määräaikainen,2009-04-25,Toimipiste,"Hyvinvointialue, Keski-Suomi",Konsernipalvelut,Tietohallinto,Tietohallintopalvelut,Tietohallintopalvelut,"HOITAJANTIE 1, 40620 Jyväskylä","Toimiala=Konsernipalvelut; Vastuualue=Tietohallinto; Palvelualue=Tietohallintopalvelut; Palveluyksikkö=Tietohallintopalvelut; Toimipiste=HOITAJANTIE 1, 40620 Jyväskylä",KESKI-SUOMEN HYVINVOINTIALUE,KESKI-SUOMEN HYVINVOINTIALUE,40620,HOITAJANTIE 1,Keski-Suomi,Suomi,Järjestelmäasiantuntija,+358142000331,+35845100331,tiina.hirvonen,SYN-HYVAKS-000015,,,SMTP:tiina.hirvonen@example.invalid,,,fi-FI,Aktiivinen,synthetic-development-data
Jyväskylä,Keski-Suomen hyvinvointialue,Tietohallinto yhteiset,Pitkänen Timo,timo.pitkanen@example.invalid,SYN-HYVAKS-000332,Vakituinen,2009-01-13,Toimipiste,"Hyvinvointialue, Keski-Suomi",Konsernipalvelut,Tietohallinto,Tietohallinto yhteiset,Tietohallinto yhteiset,"HYVINVOINTIKATU 12, 40100 Jyväskylä","Toimiala=Konsernipalvelut; Vastuualue=Tietohallinto; Palvelualue=Tietohallinto yhteiset; Palveluyksikkö=Tietohallinto yhteiset; Toimipiste=HYVINVOINTIKATU 12, 40100 Jyväskylä",KESKI-SUOMEN HYVINVOINTIALUE,KESKI-SUOMEN HYVINVOINTIALUE,40100,HYVINVOINTIKATU 12,Keski-Suomi,Suomi,Hallinnon asiantuntija,+358142000332,+35844100332,timo.pitkanen,SYN-HYVAKS-000014,,,SMTP:timo.pitkanen@example.invalid,,,fi-FI,Aktiivinen,synthetic-development-data
Jyväskylä,Keski-Suomen hyvinvointialue,Teknologiapalvelut,Moilanen Teemu,teemu.moilanen@example.invalid,SYN-HYVAKS-000333,Vakituinen,2003-07-11,Toimipiste,"Hyvinvointialue, Keski-Suomi",Konsernipalvelut,Tietohallinto,Teknologiapalvelut,Teknologiapalvelut,"HOITAJANTIE 1, 40620 Jyväskylä","Toimiala=Konsernipalvelut; Vastuualue=Tietohallinto; Palvelualue=Teknologiapalvelut; Palveluyksikkö=Teknologiapalvelut; Toimipiste=HOITAJANTIE 1, 40620 Jyväskylä",KESKI-SUOMEN HYVINVOINTIALUE,KESKI-SUOMEN HYVINVOINTIALUE,40620,HOITAJANTIE 1,Keski-Suomi,Suomi,Verkkoasiantuntija,+358142000333,+35840100333,teemu.moilanen,SYN-HYVAKS-000021,,,SMTP:teemu.moilanen@example.invalid,,,fi-FI,Aktiivinen,synthetic-development-data
Viitasaari,Keski-Suomen hyvinvointialue,Tilapalveluiden johtaminen,Heikkilä Sampo,sampo.heikkila@example.invalid,SYN-HYVAKS-000334,Vakituinen,2004-11-03,Toimipiste,"Hyvinvointialue, Keski-Suomi",Konsernipalvelut,Tilapalvelut,Tilapalveluiden johtaminen,Tilapalveluiden johtaminen,"TERVEYSKESKUKSENTIE 2, 44500 Viitasaari","Toimiala=Konsernipalvelut; Vastuualue=Tilapalvelut; Palvelualue=Tilapalveluiden johtaminen; Palveluyksikkö=Tilapalveluiden johtaminen; Toimipiste=TERVEYSKESKUKSENTIE 2, 44500 Viitasaari",KESKI-SUOMEN HYVINVOINTIALUE,KESKI-SUOMEN HYVINVOINTIALUE,44500,TERVEYSKESKUKSENTIE 2,Keski-Suomi,Suomi,Huoltoinsinööri,+358142000334,+35840100334,sampo.heikkila,SYN-HYVAKS-000036,,,SMTP:sampo.heikkila@example.invalid,,,fi-FI,Aktiivinen,synthetic-development-data
Jyväskylä,Keski-Suomen hyvinvointialue,Projektit ja kehittäminen,Heikkilä Aino,aino.heikkila2@example.invalid,SYN-HYVAKS-000335,Määräaikainen,2011-03-11,Toimipiste,"Hyvinvointialue, Keski-Suomi",Konsernipalvelut,Tietohallinto,Projektit ja kehittäminen,Projektit ja kehittäminen,"HOITAJANTIE 1, 40620 Jyväskylä","Toimiala=Konsernipalvelut; Vastuualue=Tietohallinto; Palvelualue=Projektit ja kehittäminen; Palveluyksikkö=Projektit ja kehittäminen; Toimipiste=HOITAJANTIE 1, 40620 Jyväskylä",KESKI-SUOMEN HYVINVOINTIALUE,KESKI-SUOMEN HYVINVOINTIALUE,40620,HOITAJANTIE 1,Keski-Suomi,Suomi,Projektisuunnittelija,+358142000335,+35850100335,aino.heikkila2,SYN-HYVAKS-000019,,,SMTP:aino.heikkila2@example.invalid,,,fi-FI,Aktiivinen,synthetic-development-data
Jämsä,Keski-Suomen hyvinvointialue,Teknologiapalvelut,Uusitalo Mikael,mikael.uusitalo@example.invalid,SYN-HYVAKS-000336,Osa-aikainen,2016-04-30,Toimipiste,"Hyvinvointialue, Keski-Suomi",Konsernipalvelut,Tietohallinto,Teknologiapalvelut,Teknologiapalvelut,"SAIRAALANTIE 8, 42100 Jämsä","Toimiala=Konsernipalvelut; Vastuualue=Tietohallinto; Palvelualue=Teknologiapalvelut; Palveluyksikkö=Teknologiapalvelut; Toimipiste=SAIRAALANTIE 8, 42100 Jämsä",KESKI-SUOMEN HYVINVOINTIALUE,KESKI-SUOMEN HYVINVOINTIALUE,42100,SAIRAALANTIE 8,Keski-Suomi,Suomi,Konesaliasiantuntija,+358142000336,+35840100336,mikael.uusitalo,SYN-HYVAKS-000023,,,SMTP:mikael.uusitalo@example.invalid,,,fi-FI,Aktiivinen,synthetic-development-data
Jyväskylä,Keski-Suomen hyvinvointialue,Tilapalveluiden johtaminen,Leppänen Anni,anni.leppanen@example.invalid,SYN-HYVAKS-000337,Vakituinen,2011-06-14,Toimipiste,"Hyvinvointialue, Keski-Suomi",Konsernipalvelut,Tilapalvelut,Tilapalveluiden johtaminen,Tilapalveluiden johtaminen,"HYVINVOINTIKATU 12, 40100 Jyväskylä","Toimiala=Konsernipalvelut; Vastuualue=Tilapalvelut; Palvelualue=Tilapalveluiden johtaminen; Palveluyksikkö=Tilapalveluiden johtaminen; Toimipiste=HYVINVOINTIKATU 12, 40100 Jyväskylä",KESKI-SUOMEN HYVINVOINTIALUE,KESKI-SUOMEN HYVINVOINTIALUE,40100,HYVINVOINTIKATU 12,Keski-Suomi,Suomi,Kiinteistöasiantuntija,+358142000337,+35840100337,anni.leppanen,SYN-HYVAKS-000031,,,SMTP:anni.leppanen@example.invalid,,,fi-FI,Aktiivinen,synthetic-development-data
Laukaa,Keski-Suomen hyvinvointialue,Palveluprosessien digitalisaatio,Sipilä Heikki,heikki.sipila@example.invalid,SYN-HYVAKS-000338,Vakituinen,2021-03-20,Toimipiste,"Hyvinvointialue, Keski-Suomi",Konsernipalvelut,Tietohallinto,Palveluprosessien digitalisaatio,Palveluprosessien digitalisaatio,"TERVEYSTIE 5, 41340 Laukaa","Toimiala=Konsernipalvelut; Vastuualue=Tietohallinto; Palvelualue=Palveluprosessien digitalisaatio; Palveluyksikkö=Palveluprosessien digitalisaatio; Toimipiste=TERVEYSTIE 5, 41340 Laukaa",KESKI-SUOMEN HYVINVOINTIALUE,KESKI-SUOMEN HYVINVOINTIALUE,41340,TERVEYSTIE 5,Keski-Suomi,Suomi,Integraatioasiantuntija,+358142000338,+35840100338,heikki.sipila,SYN-HYVAKS-000027,,,SMTP:heikki.sipila@example.invalid,,,fi-FI,Aktiivinen,synthetic-development-data
Äänekoski,Keski-Suomen hyvinvointialue,Tilapalveluiden johtaminen,Räsänen Nina,nina.rasanen@example.invalid,SYN-HYVAKS-000339,Vakituinen,2024-09-04,Toimipiste,"Hyvinvointialue, Keski-Suomi",Konsernipalvelut,Tilapalvelut,Tilapalveluiden johtaminen,Tilapalveluiden johtaminen,"KESKUSKATU 14, 44100 Äänekoski","Toimiala=Konsernipalvelut; Vastuualue=Tilapalvelut; Palvelualue=Tilapalveluiden johtaminen; Palveluyksikkö=Tilapalveluiden johtaminen; Toimipiste=KESKUSKATU 14, 44100 Äänekoski",KESKI-SUOMEN HYVINVOINTIALUE,KESKI-SUOMEN HYVINVOINTIALUE,44100,KESKUSKATU 14,Keski-Suomi,Suomi,Kiinteistöasiantuntija,+358142000339,+35850100339,nina.rasanen,SYN-HYVAKS-000033,,,SMTP:nina.rasanen@example.invalid,,,fi-FI,Aktiivinen,synthetic-development-data
Jyväskylä,Keski-Suomen hyvinvointialue,Projektit ja kehittäminen,Paananen Veera,veera.paananen@example.invalid,SYN-HYVAKS-000340,Vakituinen,2018-03-01,Toimipiste,"Hyvinvointialue, Keski-Suomi",Konsernipalvelut,Tietohallinto,Projektit ja kehittäminen,Projektit ja kehittäminen,"HYVINVOINTIKATU 12, 40100 Jyväskylä","Toimiala=Konsernipalvelut; Vastuualue=Tietohallinto; Palvelualue=Projektit ja kehittäminen; Palveluyksikkö=Projektit ja kehittäminen; Toimipiste=HYVINVOINTIKATU 12, 40100 Jyväskylä",KESKI-SUOMEN HYVINVOINTIALUE,KESKI-SUOMEN HYVINVOINTIALUE,40100,HYVINVOINTIKATU 12,Keski-Suomi,Suomi,Projektisuunnittelija,+358142000340,+35844100340,veera.paananen,SYN-HYVAKS-000020,,,SMTP:veera.paananen@example.invalid,,,fi-FI,Passiivinen,synthetic-development-data
Jyväskylä,Keski-Suomen hyvinvointialue,Teknologiapalvelut,Kinnunen Henna,henna.kinnunen@example.invalid,SYN-HYVAKS-000341,Vakituinen,1998-11-27,Toimipiste,"Hyvinvointialue, Keski-Suomi",Konsernipalvelut,Tietohallinto,Teknologiapalvelut,Teknologiapalvelut,"HOITAJANTIE 1, 40620 Jyväskylä","Toimiala=Konsernipalvelut; Vastuualue=Tietohallinto; Palvelualue=Teknologiapalvelut; Palveluyksikkö=Teknologiapalvelut; Toimipiste=HOITAJANTIE 1, 40620 Jyväskylä",KESKI-SUOMEN HYVINVOINTIALUE,KESKI-SUOMEN HYVINVOINTIALUE,40620,HOITAJANTIE 1,Keski-Suomi,Suomi,Teknologia-asiantuntija,+358142000341,+35850100341,henna.kinnunen,SYN-HYVAKS-000021,,,SMTP:henna.kinnunen@example.invalid,,,fi-FI,Aktiivinen,synthetic-development-data
Jyväskylä,Keski-Suomen hyvinvointialue,Teknologiapalvelut,Vuorinen Marika,marika.vuorinen@example.invalid,SYN-HYVAKS-000342,Vakituinen,2019-12-07,Toimipiste,"Hyvinvointialue, Keski-Suomi",Konsernipalvelut,Tietohallinto,Teknologiapalvelut,Teknologiapalvelut,"HOITAJANTIE 1, 40620 Jyväskylä","Toimiala=Konsernipalvelut; Vastuualue=Tietohallinto; Palvelualue=Teknologiapalvelut; Palveluyksikkö=Teknologiapalvelut; Toimipiste=HOITAJANTIE 1, 40620 Jyväskylä",KESKI-SUOMEN HYVINVOINTIALUE,KESKI-SUOMEN HYVINVOINTIALUE,40620,HOITAJANTIE 1,Keski-Suomi,Suomi,Verkkoasiantuntija,+358142000342,+35840100342,marika.vuorinen,SYN-HYVAKS-000021,,,SMTP:marika.vuorinen@example.invalid,,,fi-FI,Aktiivinen,synthetic-development-data
Jämsä,Keski-Suomen hyvinvointialue,Tilapalveluiden johtaminen,Nykänen Jukka,jukka.nykanen@example.invalid,SYN-HYVAKS-000343,Osa-aikainen,2026-08-23,Toimipiste,"Hyvinvointialue, Keski-Suomi",Konsernipalvelut,Tilapalvelut,Tilapalveluiden johtaminen,Tilapalveluiden johtaminen,"SAIRAALANTIE 8, 42100 Jämsä","Toimiala=Konsernipalvelut; Vastuualue=Tilapalvelut; Palvelualue=Tilapalveluiden johtaminen; Palveluyksikkö=Tilapalveluiden johtaminen; Toimipiste=SAIRAALANTIE 8, 42100 Jämsä",KESKI-SUOMEN HYVINVOINTIALUE,KESKI-SUOMEN HYVINVOINTIALUE,42100,SAIRAALANTIE 8,Keski-Suomi,Suomi,Kiinteistöasiantuntija,+358142000343,+35840100343,jukka.nykanen,SYN-HYVAKS-000032,,,SMTP:jukka.nykanen@example.invalid,,,fi-FI,Aktiivinen,synthetic-development-data
Viitasaari,Keski-Suomen hyvinvointialue,Tilapalveluiden johtaminen,Salo Juha,juha.salo@example.invalid,SYN-HYVAKS-000344,Vakituinen,2021-11-23,Toimipiste,"Hyvinvointialue, Keski-Suomi",Konsernipalvelut,Tilapalvelut,Tilapalveluiden johtaminen,Tilapalveluiden johtaminen,"TERVEYSKESKUKSENTIE 2, 44500 Viitasaari","Toimiala=Konsernipalvelut; Vastuualue=Tilapalvelut; Palvelualue=Tilapalveluiden johtaminen; Palveluyksikkö=Tilapalveluiden johtaminen; Toimipiste=TERVEYSKESKUKSENTIE 2, 44500 Viitasaari",KESKI-SUOMEN HYVINVOINTIALUE,KESKI-SUOMEN HYVINVOINTIALUE,44500,TERVEYSKESKUKSENTIE 2,Keski-Suomi,Suomi,Kiinteistöasiantuntija,+358142000344,+35844100344,juha.salo,SYN-HYVAKS-000036,,,SMTP:juha.salo@example.invalid,,,fi-FI,Aktiivinen,synthetic-development-data
Laukaa,Keski-Suomen hyvinvointialue,Tietohallintopalvelut,Ojala Sampo,sampo.ojala@example.invalid,SYN-HYVAKS-000345,Vakituinen,2006-08-12,Toimipiste,"Hyvinvointialue, Keski-Suomi",Konsernipalvelut,Tietohallinto,Tietohallintopalvelut,Tietohallintopalvelut,"TERVEYSTIE 5, 41340 Laukaa","Toimiala=Konsernipalvelut; Vastuualue=Tietohallinto; Palvelualue=Tietohallintopalvelut; Palveluyksikkö=Tietohallintopalvelut; Toimipiste=TERVEYSTIE 5, 41340 Laukaa",KESKI-SUOMEN HYVINVOINTIALUE,KESKI-SUOMEN HYVINVOINTIALUE,41340,TERVEYSTIE 5,Keski-Suomi,Suomi,Järjestelmäasiantuntija,+358142000345,+35845100345,sampo.ojala,SYN-HYVAKS-000018,,,SMTP:sampo.ojala@example.invalid,,,fi-FI,Aktiivinen,synthetic-development-data
Laukaa,Keski-Suomen hyvinvointialue,Tietohallintopalvelut,Hämäläinen Kimmo,kimmo.hamalainen@example.invalid,SYN-HYVAKS-000346,Vakituinen,2017-09-11,Toimipiste,"Hyvinvointialue, Keski-Suomi",Konsernipalvelut,Tietohallinto,Tietohallintopalvelut,Tietohallintopalvelut,"TERVEYSTIE 5, 41340 Laukaa","Toimiala=Konsernipalvelut; Vastuualue=Tietohallinto; Palvelualue=Tietohallintopalvelut; Palveluyksikkö=Tietohallintopalvelut; Toimipiste=TERVEYSTIE 5, 41340 Laukaa",KESKI-SUOMEN HYVINVOINTIALUE,KESKI-SUOMEN HYVINVOINTIALUE,41340,TERVEYSTIE 5,Keski-Suomi,Suomi,Tietohallinnon asiantuntija,+358142000346,+35845100346,kimmo.hamalainen,SYN-HYVAKS-000018,,,SMTP:kimmo.hamalainen@example.invalid,,,fi-FI,Aktiivinen,synthetic-development-data
Jyväskylä,Keski-Suomen hyvinvointialue,Palveluprosessien digitalisaatio,Laakso Tomi,tomi.laakso@example.invalid,SYN-HYVAKS-000347,Vakituinen,2002-01-06,Toimipiste,"Hyvinvointialue, Keski-Suomi",Konsernipalvelut,Tietohallinto,Palveluprosessien digitalisaatio,Palveluprosessien digitalisaatio,"HYVINVOINTIKATU 12, 40100 Jyväskylä","Toimiala=Konsernipalvelut; Vastuualue=Tietohallinto; Palvelualue=Palveluprosessien digitalisaatio; Palveluyksikkö=Palveluprosessien digitalisaatio; Toimipiste=HYVINVOINTIKATU 12, 40100 Jyväskylä",KESKI-SUOMEN HYVINVOINTIALUE,KESKI-SUOMEN HYVINVOINTIALUE,40100,HYVINVOINTIKATU 12,Keski-Suomi,Suomi,Digitalisaatioasiantuntija,+358142000347,+35840100347,tomi.laakso,SYN-HYVAKS-000026,,,SMTP:tomi.laakso@example.invalid,,,fi-FI,Aktiivinen,synthetic-development-data
Jyväskylä,Keski-Suomen hyvinvointialue,Palveluprosessien digitalisaatio,Nykänen Jere,jere.nykanen@example.invalid,SYN-HYVAKS-000348,Vakituinen,2009-01-01,Toimipiste,"Hyvinvointialue, Keski-Suomi",Konsernipalvelut,Tietohallinto,Palveluprosessien digitalisaatio,Palveluprosessien digitalisaatio,"HOITAJANTIE 1, 40620 Jyväskylä","Toimiala=Konsernipalvelut; Vastuualue=Tietohallinto; Palvelualue=Palveluprosessien digitalisaatio; Palveluyksikkö=Palveluprosessien digitalisaatio; Toimipiste=HOITAJANTIE 1, 40620 Jyväskylä",KESKI-SUOMEN HYVINVOINTIALUE,KESKI-SUOMEN HYVINVOINTIALUE,40620,HOITAJANTIE 1,Keski-Suomi,Suomi,Integraatioasiantuntija,+358142000348,+35844100348,jere.nykanen,SYN-HYVAKS-000025,,,SMTP:jere.nykanen@example.invalid,,,fi-FI,Aktiivinen,synthetic-development-data
Jyväskylä,Keski-Suomen hyvinvointialue,Viestintäpalvelut,Seppälä Tuomas,tuomas.seppala@example.invalid,SYN-HYVAKS-000349,Vakituinen,2019-04-28,Toimipiste,"Hyvinvointialue, Keski-Suomi",Konsernipalvelut,Viestintäpalvelut,Viestintäpalvelut,Viestintäpalvelut,"HYVINVOINTIKATU 12, 40100 Jyväskylä","Toimiala=Konsernipalvelut; Vastuualue=Viestintäpalvelut; Palvelualue=Viestintäpalvelut; Palveluyksikkö=Viestintäpalvelut; Toimipiste=HYVINVOINTIKATU 12, 40100 Jyväskylä",KESKI-SUOMEN HYVINVOINTIALUE,KESKI-SUOMEN HYVINVOINTIALUE,40100,HYVINVOINTIKATU 12,Keski-Suomi,Suomi,Graafinen suunnittelija,+358142000349,+35840100349,tuomas.seppala,SYN-HYVAKS-000029,,,SMTP:tuomas.seppala@example.invalid,,,fi-FI,Aktiivinen,synthetic-development-data
Jyväskylä,Keski-Suomen hyvinvointialue,Viestintäpalvelut,Koskela Mikael,mikael.koskela@example.invalid,SYN-HYVAKS-000350,Sijainen,2011-03-25,Toimipiste,"Hyvinvointialue, Keski-Suomi",Konsernipalvelut,Viestintäpalvelut,Viestintäpalvelut,Viestintäpalvelut,"HYVINVOINTIKATU 12, 40100 Jyväskylä","Toimiala=Konsernipalvelut; Vastuualue=Viestintäpalvelut; Palvelualue=Viestintäpalvelut; Palveluyksikkö=Viestintäpalvelut; Toimipiste=HYVINVOINTIKATU 12, 40100 Jyväskylä",KESKI-SUOMEN HYVINVOINTIALUE,KESKI-SUOMEN HYVINVOINTIALUE,40100,HYVINVOINTIKATU 12,Keski-Suomi,Suomi,Viestintäasiantuntija,+358142000350,+35845100350,mikael.koskela,SYN-HYVAKS-000029,,,SMTP:mikael.koskela@example.invalid,,,fi-FI,Aktiivinen,synthetic-development-data
Jyväskylä,Keski-Suomen hyvinvointialue,Teknologiapalvelut,Lehtinen Eemeli,eemeli.lehtinen@example.invalid,SYN-HYVAKS-000351,Vakituinen,2013-05-16,Toimipiste,"Hyvinvointialue, Keski-Suomi",Konsernipalvelut,Tietohallinto,Teknologiapalvelut,Teknologiapalvelut,"HYVINVOINTIKATU 12, 40100 Jyväskylä","Toimiala=Konsernipalvelut; Vastuualue=Tietohallinto; Palvelualue=Teknologiapalvelut; Palveluyksikkö=Teknologiapalvelut; Toimipiste=HYVINVOINTIKATU 12, 40100 Jyväskylä",KESKI-SUOMEN HYVINVOINTIALUE,KESKI-SUOMEN HYVINVOINTIALUE,40100,HYVINVOINTIKATU 12,Keski-Suomi,Suomi,Tietoturva-asiantuntija,+358142000351,+35845100351,eemeli.lehtinen,SYN-HYVAKS-000022,,,SMTP:eemeli.lehtinen@example.invalid,,,fi-FI,Aktiivinen,synthetic-development-data
Jyväskylä,Keski-Suomen hyvinvointialue,Teknologiapalvelut,Vuorinen Minna,minna.vuorinen@example.invalid,SYN-HYVAKS-000352,Vakituinen,2024-09-09,Toimipiste,"Hyvinvointialue, Keski-Suomi",Konsernipalvelut,Tietohallinto,Teknologiapalvelut,Teknologiapalvelut,"HYVINVOINTIKATU 12, 40100 Jyväskylä","Toimiala=Konsernipalvelut; Vastuualue=Tietohallinto; Palvelualue=Teknologiapalvelut; Palveluyksikkö=Teknologiapalvelut; Toimipiste=HYVINVOINTIKATU 12, 40100 Jyväskylä",KESKI-SUOMEN HYVINVOINTIALUE,KESKI-SUOMEN HYVINVOINTIALUE,40100,HYVINVOINTIKATU 12,Keski-Suomi,Suomi,Palveluarkkitehti,+358142000352,+35840100352,minna.vuorinen,SYN-HYVAKS-000022,,,SMTP:minna.vuorinen@example.invalid,,,en-US,Aktiivinen,synthetic-development-data
Äänekoski,Keski-Suomen hyvinvointialue,Tietohallintopalvelut,Nurminen Heikki,heikki.nurminen@example.invalid,SYN-HYVAKS-000353,Vakituinen,2025-07-31,Toimipiste,"Hyvinvointialue, Keski-Suomi",Konsernipalvelut,Tietohallinto,Tietohallintopalvelut,Tietohallintopalvelut,"KESKUSKATU 14, 44100 Äänekoski","Toimiala=Konsernipalvelut; Vastuualue=Tietohallinto; Palvelualue=Tietohallintopalvelut; Palveluyksikkö=Tietohallintopalvelut; Toimipiste=KESKUSKATU 14, 44100 Äänekoski",KESKI-SUOMEN HYVINVOINTIALUE,KESKI-SUOMEN HYVINVOINTIALUE,44100,KESKUSKATU 14,Keski-Suomi,Suomi,Järjestelmäasiantuntija,+358142000353,+35845100353,heikki.nurminen,SYN-HYVAKS-000017,,,SMTP:heikki.nurminen@example.invalid,,,fi-FI,Aktiivinen,synthetic-development-data
Jämsä,Keski-Suomen hyvinvointialue,Viestintäpalvelut,Koskinen Kaisa,kaisa.koskinen@example.invalid,SYN-HYVAKS-000354,Vakituinen,2023-10-30,Toimipiste,"Hyvinvointialue, Keski-Suomi",Konsernipalvelut,Viestintäpalvelut,Viestintäpalvelut,Viestintäpalvelut,"SAIRAALANTIE 8, 42100 Jämsä","Toimiala=Konsernipalvelut; Vastuualue=Viestintäpalvelut; Palvelualue=Viestintäpalvelut; Palveluyksikkö=Viestintäpalvelut; Toimipiste=SAIRAALANTIE 8, 42100 Jämsä",KESKI-SUOMEN HYVINVOINTIALUE,KESKI-SUOMEN HYVINVOINTIALUE,42100,SAIRAALANTIE 8,Keski-Suomi,Suomi,Viestintäasiantuntija,+358142000354,+35845100354,kaisa.koskinen,SYN-HYVAKS-000030,,,SMTP:kaisa.koskinen@example.invalid,,,fi-FI,Aktiivinen,synthetic-development-data
Äänekoski,Keski-Suomen hyvinvointialue,Teknologiapalvelut,Roiha Sampo,sampo.roiha@example.invalid,SYN-HYVAKS-000355,Määräaikainen,2022-01-22,Toimipiste,"Hyvinvointialue, Keski-Suomi",Konsernipalvelut,Tietohallinto,Teknologiapalvelut,Teknologiapalvelut,"KESKUSKATU 14, 44100 Äänekoski","Toimiala=Konsernipalvelut; Vastuualue=Tietohallinto; Palvelualue=Teknologiapalvelut; Palveluyksikkö=Teknologiapalvelut; Toimipiste=KESKUSKATU 14, 44100 Äänekoski",KESKI-SUOMEN HYVINVOINTIALUE,KESKI-SUOMEN HYVINVOINTIALUE,44100,KESKUSKATU 14,Keski-Suomi,Suomi,Teknologia-asiantuntija,+358142000355,+35840100355,sampo.roiha,SYN-HYVAKS-000024,,,SMTP:sampo.roiha@example.invalid,,,fi-FI,Aktiivinen,synthetic-development-data
Laukaa,Keski-Suomen hyvinvointialue,Tietohallintopalvelut,Virtanen Mika,mika.virtanen@example.invalid,SYN-HYVAKS-000356,Vakituinen,2004-05-18,Toimipiste,"Hyvinvointialue, Keski-Suomi",Konsernipalvelut,Tietohallinto,Tietohallintopalvelut,Tietohallintopalvelut,"TERVEYSTIE 5, 41340 Laukaa","Toimiala=Konsernipalvelut; Vastuualue=Tietohallinto; Palvelualue=Tietohallintopalvelut; Palveluyksikkö=Tietohallintopalvelut; Toimipiste=TERVEYSTIE 5, 41340 Laukaa",KESKI-SUOMEN HYVINVOINTIALUE,KESKI-SUOMEN HYVINVOINTIALUE,41340,TERVEYSTIE 5,Keski-Suomi,Suomi,Laitetukiasiantuntija,+358142000356,+35844100356,mika.virtanen,SYN-HYVAKS-000018,,,SMTP:mika.virtanen@example.invalid,,,fi-FI,Aktiivinen,synthetic-development-data
Viitasaari,Keski-Suomen hyvinvointialue,Tilapalveluiden johtaminen,Salonen Veera,veera.salonen@example.invalid,SYN-HYVAKS-000357,Vakituinen,2019-11-01,Toimipiste,"Hyvinvointialue, Keski-Suomi",Konsernipalvelut,Tilapalvelut,Tilapalveluiden johtaminen,Tilapalveluiden johtaminen,"TERVEYSKESKUKSENTIE 2, 44500 Viitasaari","Toimiala=Konsernipalvelut; Vastuualue=Tilapalvelut; Palvelualue=Tilapalveluiden johtaminen; Palveluyksikkö=Tilapalveluiden johtaminen; Toimipiste=TERVEYSKESKUKSENTIE 2, 44500 Viitasaari",KESKI-SUOMEN HYVINVOINTIALUE,KESKI-SUOMEN HYVINVOINTIALUE,44500,TERVEYSKESKUKSENTIE 2,Keski-Suomi,Suomi,Huoltoinsinööri,+358142000357,+35844100357,veera.salonen,SYN-HYVAKS-000036,,,SMTP:veera.salonen@example.invalid,,,fi-FI,Aktiivinen,synthetic-development-data
Jyväskylä,Keski-Suomen hyvinvointialue,Teknologiapalvelut,Salo Leena,leena.salo@example.invalid,SYN-HYVAKS-000358,Vakituinen,2013-08-01,Toimipiste,"Hyvinvointialue, Keski-Suomi",Konsernipalvelut,Tietohallinto,Teknologiapalvelut,Teknologiapalvelut,"HYVINVOINTIKATU 12, 40100 Jyväskylä","Toimiala=Konsernipalvelut; Vastuualue=Tietohallinto; Palvelualue=Teknologiapalvelut; Palveluyksikkö=Teknologiapalvelut; Toimipiste=HYVINVOINTIKATU 12, 40100 Jyväskylä",KESKI-SUOMEN HYVINVOINTIALUE,KESKI-SUOMEN HYVINVOINTIALUE,40100,HYVINVOINTIKATU 12,Keski-Suomi,Suomi,Konesaliasiantuntija,+358142000358,+35840100358,leena.salo,SYN-HYVAKS-000022,,,SMTP:leena.salo@example.invalid,,,fi-FI,Aktiivinen,synthetic-development-data
Jyväskylä,Keski-Suomen hyvinvointialue,Teknologiapalvelut,Salminen Pekka,pekka.salminen@example.invalid,SYN-HYVAKS-000359,Vakituinen,2012-11-18,Toimipiste,"Hyvinvointialue, Keski-Suomi",Konsernipalvelut,Tietohallinto,Teknologiapalvelut,Teknologiapalvelut,"HOITAJANTIE 1, 40620 Jyväskylä","Toimiala=Konsernipalvelut; Vastuualue=Tietohallinto; Palvelualue=Teknologiapalvelut; Palveluyksikkö=Teknologiapalvelut; Toimipiste=HOITAJANTIE 1, 40620 Jyväskylä",KESKI-SUOMEN HYVINVOINTIALUE,KESKI-SUOMEN HYVINVOINTIALUE,40620,HOITAJANTIE 1,Keski-Suomi,Suomi,Verkkoasiantuntija,+358142000359,+35844100359,pekka.salminen,SYN-HYVAKS-000021,,,SMTP:pekka.salminen@example.invalid,,,fi-FI,Aktiivinen,synthetic-development-data
Jyväskylä,Keski-Suomen hyvinvointialue,Tilapalveluiden johtaminen,Toivonen Teemu,teemu.toivonen@example.invalid,SYN-HYVAKS-000360,Osa-aikainen,2017-10-21,Toimipiste,"Hyvinvointialue, Keski-Suomi",Konsernipalvelut,Tilapalvelut,Tilapalveluiden johtaminen,Tilapalveluiden johtaminen,"HYVINVOINTIKATU 12, 40100 Jyväskylä","Toimiala=Konsernipalvelut; Vastuualue=Tilapalvelut; Palvelualue=Tilapalveluiden johtaminen; Palveluyksikkö=Tilapalveluiden johtaminen; Toimipiste=HYVINVOINTIKATU 12, 40100 Jyväskylä",KESKI-SUOMEN HYVINVOINTIALUE,KESKI-SUOMEN HYVINVOINTIALUE,40100,HYVINVOINTIKATU 12,Keski-Suomi,Suomi,Kiinteistöasiantuntija,+358142000360,+35845100360,teemu.toivonen,SYN-HYVAKS-000031,,,SMTP:teemu.toivonen@example.invalid,,,fi-FI,Aktiivinen,synthetic-development-data
Äänekoski,Keski-Suomen hyvinvointialue,Teknologiapalvelut,Seppälä Tuomas,tuomas.seppala2@example.invalid,SYN-HYVAKS-000361,Vakituinen,1999-03-14,Toimipiste,"Hyvinvointialue, Keski-Suomi",Konsernipalvelut,Tietohallinto,Teknologiapalvelut,Teknologiapalvelut,"KESKUSKATU 14, 44100 Äänekoski","Toimiala=Konsernipalvelut; Vastuualue=Tietohallinto; Palvelualue=Teknologiapalvelut; Palveluyksikkö=Teknologiapalvelut; Toimipiste=KESKUSKATU 14, 44100 Äänekoski",KESKI-SUOMEN HYVINVOINTIALUE,KESKI-SUOMEN HYVINVOINTIALUE,44100,KESKUSKATU 14,Keski-Suomi,Suomi,Tietoturva-asiantuntija,+358142000361,+35840100361,tuomas.seppala2,SYN-HYVAKS-000024,,,SMTP:tuomas.seppala2@example.invalid,,,fi-FI,Aktiivinen,synthetic-development-data
Jämsä,Keski-Suomen hyvinvointialue,Tietohallintopalvelut,Takala Ville,ville.takala@example.invalid,SYN-HYVAKS-000362,Vakituinen,2022-12-03,Toimipiste,"Hyvinvointialue, Keski-Suomi",Konsernipalvelut,Tietohallinto,Tietohallintopalvelut,Tietohallintopalvelut,"SAIRAALANTIE 8, 42100 Jämsä","Toimiala=Konsernipalvelut; Vastuualue=Tietohallinto; Palvelualue=Tietohallintopalvelut; Palveluyksikkö=Tietohallintopalvelut; Toimipiste=SAIRAALANTIE 8, 42100 Jämsä",KESKI-SUOMEN HYVINVOINTIALUE,KESKI-SUOMEN HYVINVOINTIALUE,42100,SAIRAALANTIE 8,Keski-Suomi,Suomi,Järjestelmäasiantuntija,+358142000362,+35844100362,ville.takala,SYN-HYVAKS-000016,,,SMTP:ville.takala@example.invalid,,,fi-FI,Aktiivinen,synthetic-development-data
Jyväskylä,Keski-Suomen hyvinvointialue,Viestintäpalvelut,Hämäläinen Sakari,sakari.hamalainen@example.invalid,SYN-HYVAKS-000363,Vakituinen,2003-12-25,Toimipiste,"Hyvinvointialue, Keski-Suomi",Konsernipalvelut,Viestintäpalvelut,Viestintäpalvelut,Viestintäpalvelut,"HYVINVOINTIKATU 12, 40100 Jyväskylä","Toimiala=Konsernipalvelut; Vastuualue=Viestintäpalvelut; Palvelualue=Viestintäpalvelut; Palveluyksikkö=Viestintäpalvelut; Toimipiste=HYVINVOINTIKATU 12, 40100 Jyväskylä",KESKI-SUOMEN HYVINVOINTIALUE,KESKI-SUOMEN HYVINVOINTIALUE,40100,HYVINVOINTIKATU 12,Keski-Suomi,Suomi,Viestintäasiantuntija,+358142000363,+35844100363,sakari.hamalainen,SYN-HYVAKS-000029,,,SMTP:sakari.hamalainen@example.invalid,,,fi-FI,Aktiivinen,synthetic-development-data
Jyväskylä,Keski-Suomen hyvinvointialue,Viestintäpalvelut,Karjalainen Laura,laura.karjalainen@example.invalid,SYN-HYVAKS-000364,Vakituinen,2011-10-26,Toimipiste,"Hyvinvointialue, Keski-Suomi",Konsernipalvelut,Viestintäpalvelut,Viestintäpalvelut,Viestintäpalvelut,"HYVINVOINTIKATU 12, 40100 Jyväskylä","Toimiala=Konsernipalvelut; Vastuualue=Viestintäpalvelut; Palvelualue=Viestintäpalvelut; Palveluyksikkö=Viestintäpalvelut; Toimipiste=HYVINVOINTIKATU 12, 40100 Jyväskylä",KESKI-SUOMEN HYVINVOINTIALUE,KESKI-SUOMEN HYVINVOINTIALUE,40100,HYVINVOINTIKATU 12,Keski-Suomi,Suomi,Sisällöntuottaja,+358142000364,+35840100364,laura.karjalainen,SYN-HYVAKS-000029,,,SMTP:laura.karjalainen@example.invalid,,,sv-FI,Aktiivinen,synthetic-development-data
Jyväskylä,Keski-Suomen hyvinvointialue,Teknologiapalvelut,Toivonen Meri,meri.toivonen@example.invalid,SYN-HYVAKS-000365,Vakituinen,2022-12-23,Toimipiste,"Hyvinvointialue, Keski-Suomi",Konsernipalvelut,Tietohallinto,Teknologiapalvelut,Teknologiapalvelut,"HOITAJANTIE 1, 40620 Jyväskylä","Toimiala=Konsernipalvelut; Vastuualue=Tietohallinto; Palvelualue=Teknologiapalvelut; Palveluyksikkö=Teknologiapalvelut; Toimipiste=HOITAJANTIE 1, 40620 Jyväskylä",KESKI-SUOMEN HYVINVOINTIALUE,KESKI-SUOMEN HYVINVOINTIALUE,40620,HOITAJANTIE 1,Keski-Suomi,Suomi,Järjestelmäasiantuntija,+358142000365,+35850100365,meri.toivonen,SYN-HYVAKS-000021,,,SMTP:meri.toivonen@example.invalid,,,fi-FI,Aktiivinen,synthetic-development-data
Jyväskylä,Keski-Suomen hyvinvointialue,Viestintäpalvelut,Mäkelä Henna,henna.makela2@example.invalid,SYN-HYVAKS-000366,Vakituinen,2002-01-08,Toimipiste,"Hyvinvointialue, Keski-Suomi",Konsernipalvelut,Viestintäpalvelut,Viestintäpalvelut,Viestintäpalvelut,"HOITAJANTIE 1, 40620 Jyväskylä","Toimiala=Konsernipalvelut; Vastuualue=Viestintäpalvelut; Palvelualue=Viestintäpalvelut; Palveluyksikkö=Viestintäpalvelut; Toimipiste=HOITAJANTIE 1, 40620 Jyväskylä",KESKI-SUOMEN HYVINVOINTIALUE,KESKI-SUOMEN HYVINVOINTIALUE,40620,HOITAJANTIE 1,Keski-Suomi,Suomi,Verkkoviestinnän asiantuntija,+358142000366,+35845100366,henna.makela2,SYN-HYVAKS-000028,,,SMTP:henna.makela2@example.invalid,,,fi-FI,Aktiivinen,synthetic-development-data
Jyväskylä,Keski-Suomen hyvinvointialue,Projektit ja kehittäminen,Lindholm Riikka,riikka.lindholm2@example.invalid,SYN-HYVAKS-000367,Vakituinen,2004-10-02,Toimipiste,"Hyvinvointialue, Keski-Suomi",Konsernipalvelut,Tietohallinto,Projektit ja kehittäminen,Projektit ja kehittäminen,"HYVINVOINTIKATU 12, 40100 Jyväskylä","Toimiala=Konsernipalvelut; Vastuualue=Tietohallinto; Palvelualue=Projektit ja kehittäminen; Palveluyksikkö=Projektit ja kehittäminen; Toimipiste=HYVINVOINTIKATU 12, 40100 Jyväskylä",KESKI-SUOMEN HYVINVOINTIALUE,KESKI-SUOMEN HYVINVOINTIALUE,40100,HYVINVOINTIKATU 12,Keski-Suomi,Suomi,Projektisuunnittelija,+358142000367,+35850100367,riikka.lindholm2,SYN-HYVAKS-000020,,,SMTP:riikka.lindholm2@example.invalid,,,fi-FI,Aktiivinen,synthetic-development-data
Jyväskylä,Keski-Suomen hyvinvointialue,Palveluprosessien digitalisaatio,Repo Janne,janne.repo@example.invalid,SYN-HYVAKS-000368,Vakituinen,2004-05-30,Toimipiste,"Hyvinvointialue, Keski-Suomi",Konsernipalvelut,Tietohallinto,Palveluprosessien digitalisaatio,Palveluprosessien digitalisaatio,"HYVINVOINTIKATU 12, 40100 Jyväskylä","Toimiala=Konsernipalvelut; Vastuualue=Tietohallinto; Palvelualue=Palveluprosessien digitalisaatio; Palveluyksikkö=Palveluprosessien digitalisaatio; Toimipiste=HYVINVOINTIKATU 12, 40100 Jyväskylä",KESKI-SUOMEN HYVINVOINTIALUE,KESKI-SUOMEN HYVINVOINTIALUE,40100,HYVINVOINTIKATU 12,Keski-Suomi,Suomi,Digitalisaatioasiantuntija,+358142000368,+35844100368,janne.repo,SYN-HYVAKS-000026,,,SMTP:janne.repo@example.invalid,,,fi-FI,Aktiivinen,synthetic-development-data
Jämsä,Keski-Suomen hyvinvointialue,Teknologiapalvelut,Kolehmainen Sampo,sampo.kolehmainen@example.invalid,SYN-HYVAKS-000369,Vakituinen,2011-08-07,Toimipiste,"Hyvinvointialue, Keski-Suomi",Konsernipalvelut,Tietohallinto,Teknologiapalvelut,Teknologiapalvelut,"SAIRAALANTIE 8, 42100 Jämsä","Toimiala=Konsernipalvelut; Vastuualue=Tietohallinto; Palvelualue=Teknologiapalvelut; Palveluyksikkö=Teknologiapalvelut; Toimipiste=SAIRAALANTIE 8, 42100 Jämsä",KESKI-SUOMEN HYVINVOINTIALUE,KESKI-SUOMEN HYVINVOINTIALUE,42100,SAIRAALANTIE 8,Keski-Suomi,Suomi,Palveluarkkitehti,+358142000369,+35840100369,sampo.kolehmainen,SYN-HYVAKS-000023,,,SMTP:sampo.kolehmainen@example.invalid,,,fi-FI,Aktiivinen,synthetic-development-data
Jyväskylä,Keski-Suomen hyvinvointialue,Teknologiapalvelut,Ylitalo Anu,anu.ylitalo@example.invalid,SYN-HYVAKS-000370,Vakituinen,2007-07-07,Toimipiste,"Hyvinvointialue, Keski-Suomi",Konsernipalvelut,Tietohallinto,Teknologiapalvelut,Teknologiapalvelut,"HOITAJANTIE 1, 40620 Jyväskylä","Toimiala=Konsernipalvelut; Vastuualue=Tietohallinto; Palvelualue=Teknologiapalvelut; Palveluyksikkö=Teknologiapalvelut; Toimipiste=HOITAJANTIE 1, 40620 Jyväskylä",KESKI-SUOMEN HYVINVOINTIALUE,KESKI-SUOMEN HYVINVOINTIALUE,40620,HOITAJANTIE 1,Keski-Suomi,Suomi,Tietoturva-asiantuntija,+358142000370,+35844100370,anu.ylitalo,SYN-HYVAKS-000021,,,SMTP:anu.ylitalo@example.invalid,,,en-US,Aktiivinen,synthetic-development-data
Äänekoski,Keski-Suomen hyvinvointialue,Tilapalveluiden johtaminen,Rantanen Tuomas,tuomas.rantanen@example.invalid,SYN-HYVAKS-000371,Sijainen,2010-11-18,Toimipiste,"Hyvinvointialue, Keski-Suomi",Konsernipalvelut,Tilapalvelut,Tilapalveluiden johtaminen,Tilapalveluiden johtaminen,"KESKUSKATU 14, 44100 Äänekoski","Toimiala=Konsernipalvelut; Vastuualue=Tilapalvelut; Palvelualue=Tilapalveluiden johtaminen; Palveluyksikkö=Tilapalveluiden johtaminen; Toimipiste=KESKUSKATU 14, 44100 Äänekoski",KESKI-SUOMEN HYVINVOINTIALUE,KESKI-SUOMEN HYVINVOINTIALUE,44100,KESKUSKATU 14,Keski-Suomi,Suomi,Kiinteistöasiantuntija,+358142000371,+35850100371,tuomas.rantanen,SYN-HYVAKS-000033,,,SMTP:tuomas.rantanen@example.invalid,,,fi-FI,Aktiivinen,synthetic-development-data
Jyväskylä,Keski-Suomen hyvinvointialue,Tietohallinto yhteiset,Järvinen Vesa,vesa.jarvinen@example.invalid,SYN-HYVAKS-000372,Osa-aikainen,2015-01-02,Toimipiste,"Hyvinvointialue, Keski-Suomi",Konsernipalvelut,Tietohallinto,Tietohallinto yhteiset,Tietohallinto yhteiset,"HOITAJANTIE 1, 40620 Jyväskylä","Toimiala=Konsernipalvelut; Vastuualue=Tietohallinto; Palvelualue=Tietohallinto yhteiset; Palveluyksikkö=Tietohallinto yhteiset; Toimipiste=HOITAJANTIE 1, 40620 Jyväskylä",KESKI-SUOMEN HYVINVOINTIALUE,KESKI-SUOMEN HYVINVOINTIALUE,40620,HOITAJANTIE 1,Keski-Suomi,Suomi,Johdon assistentti,+358142000372,+35844100372,vesa.jarvinen,SYN-HYVAKS-000013,,,SMTP:vesa.jarvinen@example.invalid,,,fi-FI,Aktiivinen,synthetic-development-data
Jyväskylä,Keski-Suomen hyvinvointialue,Teknologiapalvelut,Rautio Marika,marika.rautio@example.invalid,SYN-HYVAKS-000373,Vakituinen,2017-02-04,Toimipiste,"Hyvinvointialue, Keski-Suomi",Konsernipalvelut,Tietohallinto,Teknologiapalvelut,Teknologiapalvelut,"HYVINVOINTIKATU 12, 40100 Jyväskylä","Toimiala=Konsernipalvelut; Vastuualue=Tietohallinto; Palvelualue=Teknologiapalvelut; Palveluyksikkö=Teknologiapalvelut; Toimipiste=HYVINVOINTIKATU 12, 40100 Jyväskylä",KESKI-SUOMEN HYVINVOINTIALUE,KESKI-SUOMEN HYVINVOINTIALUE,40100,HYVINVOINTIKATU 12,Keski-Suomi,Suomi,Järjestelmäasiantuntija,+358142000373,+35844100373,marika.rautio,SYN-HYVAKS-000022,,,SMTP:marika.rautio@example.invalid,,,fi-FI,Passiivinen,synthetic-development-data
Äänekoski,Keski-Suomen hyvinvointialue,Tietohallintopalvelut,Tuominen Tiina,tiina.tuominen@example.invalid,SYN-HYVAKS-000374,Vakituinen,2000-06-14,Toimipiste,"Hyvinvointialue, Keski-Suomi",Konsernipalvelut,Tietohallinto,Tietohallintopalvelut,Tietohallintopalvelut,"KESKUSKATU 14, 44100 Äänekoski","Toimiala=Konsernipalvelut; Vastuualue=Tietohallinto; Palvelualue=Tietohallintopalvelut; Palveluyksikkö=Tietohallintopalvelut; Toimipiste=KESKUSKATU 14, 44100 Äänekoski",KESKI-SUOMEN HYVINVOINTIALUE,KESKI-SUOMEN HYVINVOINTIALUE,44100,KESKUSKATU 14,Keski-Suomi,Suomi,Järjestelmäasiantuntija,+358142000374,+35840100374,tiina.tuominen,SYN-HYVAKS-000017,,,SMTP:tiina.tuominen@example.invalid,,,en-US,Aktiivinen,synthetic-development-data
Jyväskylä,Keski-Suomen hyvinvointialue,Teknologiapalvelut,Laakso Heli,heli.laakso@example.invalid,SYN-HYVAKS-000375,Vakituinen,2007-06-28,Toimipiste,"Hyvinvointialue, Keski-Suomi",Konsernipalvelut,Tietohallinto,Teknologiapalvelut,Teknologiapalvelut,"HYVINVOINTIKATU 12, 40100 Jyväskylä","Toimiala=Konsernipalvelut; Vastuualue=Tietohallinto; Palvelualue=Teknologiapalvelut; Palveluyksikkö=Teknologiapalvelut; Toimipiste=HYVINVOINTIKATU 12, 40100 Jyväskylä",KESKI-SUOMEN HYVINVOINTIALUE,KESKI-SUOMEN HYVINVOINTIALUE,40100,HYVINVOINTIKATU 12,Keski-Suomi,Suomi,Verkkoasiantuntija,+358142000375,+35850100375,heli.laakso,SYN-HYVAKS-000022,,,SMTP:heli.laakso@example.invalid,,,fi-FI,Aktiivinen,synthetic-development-data
Jyväskylä,Keski-Suomen hyvinvointialue,Tietohallinto yhteiset,Ylitalo Satu,satu.ylitalo@example.invalid,SYN-HYVAKS-000376,Vakituinen,2019-07-09,Toimipiste,"Hyvinvointialue, Keski-Suomi",Konsernipalvelut,Tietohallinto,Tietohallinto yhteiset,Tietohallinto yhteiset,"HOITAJANTIE 1, 40620 Jyväskylä","Toimiala=Konsernipalvelut; Vastuualue=Tietohallinto; Palvelualue=Tietohallinto yhteiset; Palveluyksikkö=Tietohallinto yhteiset; Toimipiste=HOITAJANTIE 1, 40620 Jyväskylä",KESKI-SUOMEN HYVINVOINTIALUE,KESKI-SUOMEN HYVINVOINTIALUE,40620,HOITAJANTIE 1,Keski-Suomi,Suomi,Johdon assistentti,+358142000376,+35840100376,satu.ylitalo,SYN-HYVAKS-000013,,,SMTP:satu.ylitalo@example.invalid,,,fi-FI,Aktiivinen,synthetic-development-data
Jyväskylä,Keski-Suomen hyvinvointialue,Palveluprosessien digitalisaatio,Salo Minna,minna.salo@example.invalid,SYN-HYVAKS-000377,Vakituinen,2016-03-22,Toimipiste,"Hyvinvointialue, Keski-Suomi",Konsernipalvelut,Tietohallinto,Palveluprosessien digitalisaatio,Palveluprosessien digitalisaatio,"HYVINVOINTIKATU 12, 40100 Jyväskylä","Toimiala=Konsernipalvelut; Vastuualue=Tietohallinto; Palvelualue=Palveluprosessien digitalisaatio; Palveluyksikkö=Palveluprosessien digitalisaatio; Toimipiste=HYVINVOINTIKATU 12, 40100 Jyväskylä",KESKI-SUOMEN HYVINVOINTIALUE,KESKI-SUOMEN HYVINVOINTIALUE,40100,HYVINVOINTIKATU 12,Keski-Suomi,Suomi,Integraatioasiantuntija,+358142000377,+35840100377,minna.salo,SYN-HYVAKS-000026,,,SMTP:minna.salo@example.invalid,,,fi-FI,Aktiivinen,synthetic-development-data
Jyväskylä,Keski-Suomen hyvinvointialue,Projektit ja kehittäminen,Törmänen Pekka,pekka.tormanen@example.invalid,SYN-HYVAKS-000378,Vakituinen,2007-01-16,Toimipiste,"Hyvinvointialue, Keski-Suomi",Konsernipalvelut,Tietohallinto,Projektit ja kehittäminen,Projektit ja kehittäminen,"HYVINVOINTIKATU 12, 40100 Jyväskylä","Toimiala=Konsernipalvelut; Vastuualue=Tietohallinto; Palvelualue=Projektit ja kehittäminen; Palveluyksikkö=Projektit ja kehittäminen; Toimipiste=HYVINVOINTIKATU 12, 40100 Jyväskylä",KESKI-SUOMEN HYVINVOINTIALUE,KESKI-SUOMEN HYVINVOINTIALUE,40100,HYVINVOINTIKATU 12,Keski-Suomi,Suomi,Tuoteomistaja,+358142000378,+35844100378,pekka.tormanen,SYN-HYVAKS-000020,,,SMTP:pekka.tormanen@example.invalid,,,fi-FI,Aktiivinen,synthetic-development-data
Laukaa,Keski-Suomen hyvinvointialue,Palveluprosessien digitalisaatio,Heikkilä Janne,janne.heikkila2@example.invalid,SYN-HYVAKS-000379,Osa-aikainen,2000-03-14,Toimipiste,"Hyvinvointialue, Keski-Suomi",Konsernipalvelut,Tietohallinto,Palveluprosessien digitalisaatio,Palveluprosessien digitalisaatio,"TERVEYSTIE 5, 41340 Laukaa","Toimiala=Konsernipalvelut; Vastuualue=Tietohallinto; Palvelualue=Palveluprosessien digitalisaatio; Palveluyksikkö=Palveluprosessien digitalisaatio; Toimipiste=TERVEYSTIE 5, 41340 Laukaa",KESKI-SUOMEN HYVINVOINTIALUE,KESKI-SUOMEN HYVINVOINTIALUE,41340,TERVEYSTIE 5,Keski-Suomi,Suomi,Prosessikehittäjä,+358142000379,+35845100379,janne.heikkila2,SYN-HYVAKS-000027,,,SMTP:janne.heikkila2@example.invalid,,,en-US,Aktiivinen,synthetic-development-data
Jämsä,Keski-Suomen hyvinvointialue,Tietohallintopalvelut,Moilanen Kimmo,kimmo.moilanen2@example.invalid,SYN-HYVAKS-000380,Vakituinen,2007-05-29,Toimipiste,"Hyvinvointialue, Keski-Suomi",Konsernipalvelut,Tietohallinto,Tietohallintopalvelut,Tietohallintopalvelut,"SAIRAALANTIE 8, 42100 Jämsä","Toimiala=Konsernipalvelut; Vastuualue=Tietohallinto; Palvelualue=Tietohallintopalvelut; Palveluyksikkö=Tietohallintopalvelut; Toimipiste=SAIRAALANTIE 8, 42100 Jämsä",KESKI-SUOMEN HYVINVOINTIALUE,KESKI-SUOMEN HYVINVOINTIALUE,42100,SAIRAALANTIE 8,Keski-Suomi,Suomi,Käyttäjätukiasiantuntija,+358142000380,+35840100380,kimmo.moilanen2,SYN-HYVAKS-000016,,,SMTP:kimmo.moilanen2@example.invalid,,,fi-FI,Aktiivinen,synthetic-development-data
Jyväskylä,Keski-Suomen hyvinvointialue,Tietohallintopalvelut,Nieminen Anu,anu.nieminen@example.invalid,SYN-HYVAKS-000381,Vakituinen,2016-12-26,Toimipiste,"Hyvinvointialue, Keski-Suomi",Konsernipalvelut,Tietohallinto,Tietohallintopalvelut,Tietohallintopalvelut,"HOITAJANTIE 1, 40620 Jyväskylä","Toimiala=Konsernipalvelut; Vastuualue=Tietohallinto; Palvelualue=Tietohallintopalvelut; Palveluyksikkö=Tietohallintopalvelut; Toimipiste=HOITAJANTIE 1, 40620 Jyväskylä",KESKI-SUOMEN HYVINVOINTIALUE,KESKI-SUOMEN HYVINVOINTIALUE,40620,HOITAJANTIE 1,Keski-Suomi,Suomi,Laitetukiasiantuntija,+358142000381,+35845100381,anu.nieminen,SYN-HYVAKS-000015,,,SMTP:anu.nieminen@example.invalid,,,fi-FI,Aktiivinen,synthetic-development-data
Jämsä,Keski-Suomen hyvinvointialue,Tietohallintopalvelut,Lehtinen Riikka,riikka.lehtinen@example.invalid,SYN-HYVAKS-000382,Vakituinen,2012-08-28,Toimipiste,"Hyvinvointialue, Keski-Suomi",Konsernipalvelut,Tietohallinto,Tietohallintopalvelut,Tietohallintopalvelut,"SAIRAALANTIE 8, 42100 Jämsä","Toimiala=Konsernipalvelut; Vastuualue=Tietohallinto; Palvelualue=Tietohallintopalvelut; Palveluyksikkö=Tietohallintopalvelut; Toimipiste=SAIRAALANTIE 8, 42100 Jämsä",KESKI-SUOMEN HYVINVOINTIALUE,KESKI-SUOMEN HYVINVOINTIALUE,42100,SAIRAALANTIE 8,Keski-Suomi,Suomi,Laitetukiasiantuntija,+358142000382,+35850100382,riikka.lehtinen,SYN-HYVAKS-000016,,,SMTP:riikka.lehtinen@example.invalid,,,fi-FI,Aktiivinen,synthetic-development-data
Jämsä,Keski-Suomen hyvinvointialue,Teknologiapalvelut,Hirvonen Jaana,jaana.hirvonen@example.invalid,SYN-HYVAKS-000383,Vakituinen,2003-05-06,Toimipiste,"Hyvinvointialue, Keski-Suomi",Konsernipalvelut,Tietohallinto,Teknologiapalvelut,Teknologiapalvelut,"SAIRAALANTIE 8, 42100 Jämsä","Toimiala=Konsernipalvelut; Vastuualue=Tietohallinto; Palvelualue=Teknologiapalvelut; Palveluyksikkö=Teknologiapalvelut; Toimipiste=SAIRAALANTIE 8, 42100 Jämsä",KESKI-SUOMEN HYVINVOINTIALUE,KESKI-SUOMEN HYVINVOINTIALUE,42100,SAIRAALANTIE 8,Keski-Suomi,Suomi,Konesaliasiantuntija,+358142000383,+35844100383,jaana.hirvonen,SYN-HYVAKS-000023,,,SMTP:jaana.hirvonen@example.invalid,,,fi-FI,Aktiivinen,synthetic-development-data
Jyväskylä,Keski-Suomen hyvinvointialue,Teknologiapalvelut,Nykänen Janne,janne.nykanen@example.invalid,SYN-HYVAKS-000384,Vakituinen,2021-03-26,Toimipiste,"Hyvinvointialue, Keski-Suomi",Konsernipalvelut,Tietohallinto,Teknologiapalvelut,Teknologiapalvelut,"HOITAJANTIE 1, 40620 Jyväskylä","Toimiala=Konsernipalvelut; Vastuualue=Tietohallinto; Palvelualue=Teknologiapalvelut; Palveluyksikkö=Teknologiapalvelut; Toimipiste=HOITAJANTIE 1, 40620 Jyväskylä",KESKI-SUOMEN HYVINVOINTIALUE,KESKI-SUOMEN HYVINVOINTIALUE,40620,HOITAJANTIE 1,Keski-Suomi,Suomi,Verkkoasiantuntija,+358142000384,+35850100384,janne.nykanen,SYN-HYVAKS-000021,,,SMTP:janne.nykanen@example.invalid,,,fi-FI,Aktiivinen,synthetic-development-data
Karstula,Keski-Suomen hyvinvointialue,Tilapalveluiden johtaminen,Saarinen Teemu,teemu.saarinen@example.invalid,SYN-HYVAKS-000385,Vakituinen,2001-09-06,Toimipiste,"Hyvinvointialue, Keski-Suomi",Konsernipalvelut,Tilapalvelut,Tilapalveluiden johtaminen,Tilapalveluiden johtaminen,"HYVINVOINTITIE 6, 43500 Karstula","Toimiala=Konsernipalvelut; Vastuualue=Tilapalvelut; Palvelualue=Tilapalveluiden johtaminen; Palveluyksikkö=Tilapalveluiden johtaminen; Toimipiste=HYVINVOINTITIE 6, 43500 Karstula",KESKI-SUOMEN HYVINVOINTIALUE,KESKI-SUOMEN HYVINVOINTIALUE,43500,HYVINVOINTITIE 6,Keski-Suomi,Suomi,Huoltoinsinööri,+358142000385,+35845100385,teemu.saarinen,SYN-HYVAKS-000035,,,SMTP:teemu.saarinen@example.invalid,,,fi-FI,Aktiivinen,synthetic-development-data
Jyväskylä,Keski-Suomen hyvinvointialue,Tietohallinto yhteiset,Miettinen Tuula,tuula.miettinen@example.invalid,SYN-HYVAKS-000386,Vakituinen,1998-07-29,Toimipiste,"Hyvinvointialue, Keski-Suomi",Konsernipalvelut,Tietohallinto,Tietohallinto yhteiset,Tietohallinto yhteiset,"HYVINVOINTIKATU 12, 40100 Jyväskylä","Toimiala=Konsernipalvelut; Vastuualue=Tietohallinto; Palvelualue=Tietohallinto yhteiset; Palveluyksikkö=Tietohallinto yhteiset; Toimipiste=HYVINVOINTIKATU 12, 40100 Jyväskylä",KESKI-SUOMEN HYVINVOINTIALUE,KESKI-SUOMEN HYVINVOINTIALUE,40100,HYVINVOINTIKATU 12,Keski-Suomi,Suomi,Tietohallinnon suunnittelija,+358142000386,+35844100386,tuula.miettinen,SYN-HYVAKS-000014,,,SMTP:tuula.miettinen@example.invalid,,,fi-FI,Aktiivinen,synthetic-development-data
Keuruu,Keski-Suomen hyvinvointialue,Tilapalveluiden johtaminen,Toivonen Heikki,heikki.toivonen2@example.invalid,SYN-HYVAKS-000387,Osa-aikainen,2011-07-26,Toimipiste,"Hyvinvointialue, Keski-Suomi",Konsernipalvelut,Tilapalvelut,Tilapalveluiden johtaminen,Tilapalveluiden johtaminen,"PALVELUTIE 3, 42700 Keuruu","Toimiala=Konsernipalvelut; Vastuualue=Tilapalvelut; Palvelualue=Tilapalveluiden johtaminen; Palveluyksikkö=Tilapalveluiden johtaminen; Toimipiste=PALVELUTIE 3, 42700 Keuruu",KESKI-SUOMEN HYVINVOINTIALUE,KESKI-SUOMEN HYVINVOINTIALUE,42700,PALVELUTIE 3,Keski-Suomi,Suomi,Kiinteistöasiantuntija,+358142000387,+35845100387,heikki.toivonen2,SYN-HYVAKS-000034,,,SMTP:heikki.toivonen2@example.invalid,,,fi-FI,Aktiivinen,synthetic-development-data
Jyväskylä,Keski-Suomen hyvinvointialue,Tietohallinto yhteiset,Seppälä Vesa,vesa.seppala@example.invalid,SYN-HYVAKS-000388,Vakituinen,2024-06-02,Toimipiste,"Hyvinvointialue, Keski-Suomi",Konsernipalvelut,Tietohallinto,Tietohallinto yhteiset,Tietohallinto yhteiset,"HYVINVOINTIKATU 12, 40100 Jyväskylä","Toimiala=Konsernipalvelut; Vastuualue=Tietohallinto; Palvelualue=Tietohallinto yhteiset; Palveluyksikkö=Tietohallinto yhteiset; Toimipiste=HYVINVOINTIKATU 12, 40100 Jyväskylä",KESKI-SUOMEN HYVINVOINTIALUE,KESKI-SUOMEN HYVINVOINTIALUE,40100,HYVINVOINTIKATU 12,Keski-Suomi,Suomi,Hallinnon asiantuntija,+358142000388,+35844100388,vesa.seppala,SYN-HYVAKS-000014,,,SMTP:vesa.seppala@example.invalid,,,fi-FI,Aktiivinen,synthetic-development-data
Jyväskylä,Keski-Suomen hyvinvointialue,Tietohallinto yhteiset,Salo Antti,antti.salo@example.invalid,SYN-HYVAKS-000389,Vakituinen,2011-02-08,Toimipiste,"Hyvinvointialue, Keski-Suomi",Konsernipalvelut,Tietohallinto,Tietohallinto yhteiset,Tietohallinto yhteiset,"HYVINVOINTIKATU 12, 40100 Jyväskylä","Toimiala=Konsernipalvelut; Vastuualue=Tietohallinto; Palvelualue=Tietohallinto yhteiset; Palveluyksikkö=Tietohallinto yhteiset; Toimipiste=HYVINVOINTIKATU 12, 40100 Jyväskylä",KESKI-SUOMEN HYVINVOINTIALUE,KESKI-SUOMEN HYVINVOINTIALUE,40100,HYVINVOINTIKATU 12,Keski-Suomi,Suomi,Johdon assistentti,+358142000389,+35840100389,antti.salo,SYN-HYVAKS-000014,,,SMTP:antti.salo@example.invalid,,,fi-FI,Poistuva,synthetic-development-data
Jyväskylä,Keski-Suomen hyvinvointialue,Tietohallintopalvelut,Ojala Liisa,liisa.ojala@example.invalid,SYN-HYVAKS-000390,Vakituinen,2006-06-01,Toimipiste,"Hyvinvointialue, Keski-Suomi",Konsernipalvelut,Tietohallinto,Tietohallintopalvelut,Tietohallintopalvelut,"HOITAJANTIE 1, 40620 Jyväskylä","Toimiala=Konsernipalvelut; Vastuualue=Tietohallinto; Palvelualue=Tietohallintopalvelut; Palveluyksikkö=Tietohallintopalvelut; Toimipiste=HOITAJANTIE 1, 40620 Jyväskylä",KESKI-SUOMEN HYVINVOINTIALUE,KESKI-SUOMEN HYVINVOINTIALUE,40620,HOITAJANTIE 1,Keski-Suomi,Suomi,Järjestelmäasiantuntija,+358142000390,+35845100390,liisa.ojala,SYN-HYVAKS-000015,,,SMTP:liisa.ojala@example.invalid,,,fi-FI,Aktiivinen,synthetic-development-data
Keuruu,Keski-Suomen hyvinvointialue,Tilapalveluiden johtaminen,Nurminen Joonas,joonas.nurminen@example.invalid,SYN-HYVAKS-000391,Vakituinen,2001-01-18,Toimipiste,"Hyvinvointialue, Keski-Suomi",Konsernipalvelut,Tilapalvelut,Tilapalveluiden johtaminen,Tilapalveluiden johtaminen,"PALVELUTIE 3, 42700 Keuruu","Toimiala=Konsernipalvelut; Vastuualue=Tilapalvelut; Palvelualue=Tilapalveluiden johtaminen; Palveluyksikkö=Tilapalveluiden johtaminen; Toimipiste=PALVELUTIE 3, 42700 Keuruu",KESKI-SUOMEN HYVINVOINTIALUE,KESKI-SUOMEN HYVINVOINTIALUE,42700,PALVELUTIE 3,Keski-Suomi,Suomi,Huoltoinsinööri,+358142000391,+35844100391,joonas.nurminen,SYN-HYVAKS-000034,,,SMTP:joonas.nurminen@example.invalid,,,fi-FI,Aktiivinen,synthetic-development-data
Äänekoski,Keski-Suomen hyvinvointialue,Tietohallintopalvelut,Repo Eemeli,eemeli.repo@example.invalid,SYN-HYVAKS-000392,Vakituinen,2015-05-14,Toimipiste,"Hyvinvointialue, Keski-Suomi",Konsernipalvelut,Tietohallinto,Tietohallintopalvelut,Tietohallintopalvelut,"KESKUSKATU 14, 44100 Äänekoski","Toimiala=Konsernipalvelut; Vastuualue=Tietohallinto; Palvelualue=Tietohallintopalvelut; Palveluyksikkö=Tietohallintopalvelut; Toimipiste=KESKUSKATU 14, 44100 Äänekoski",KESKI-SUOMEN HYVINVOINTIALUE,KESKI-SUOMEN HYVINVOINTIALUE,44100,KESKUSKATU 14,Keski-Suomi,Suomi,Laitetukiasiantuntija,+358142000392,+35845100392,eemeli.repo,SYN-HYVAKS-000017,,,SMTP:eemeli.repo@example.invalid,,,fi-FI,Aktiivinen,synthetic-development-data
Äänekoski,Keski-Suomen hyvinvointialue,Teknologiapalvelut,Peltonen Teemu,teemu.peltonen@example.invalid,SYN-HYVAKS-000393,Vakituinen,2002-01-16,Toimipiste,"Hyvinvointialue, Keski-Suomi",Konsernipalvelut,Tietohallinto,Teknologiapalvelut,Teknologiapalvelut,"KESKUSKATU 14, 44100 Äänekoski","Toimiala=Konsernipalvelut; Vastuualue=Tietohallinto; Palvelualue=Teknologiapalvelut; Palveluyksikkö=Teknologiapalvelut; Toimipiste=KESKUSKATU 14, 44100 Äänekoski",KESKI-SUOMEN HYVINVOINTIALUE,KESKI-SUOMEN HYVINVOINTIALUE,44100,KESKUSKATU 14,Keski-Suomi,Suomi,Tietoturva-asiantuntija,+358142000393,+35850100393,teemu.peltonen,SYN-HYVAKS-000024,,,SMTP:teemu.peltonen@example.invalid,,,en-US,Aktiivinen,synthetic-development-data
Laukaa,Keski-Suomen hyvinvointialue,Tietohallintopalvelut,Moilanen Liisa,liisa.moilanen@example.invalid,SYN-HYVAKS-000394,Vakituinen,2015-04-27,Toimipiste,"Hyvinvointialue, Keski-Suomi",Konsernipalvelut,Tietohallinto,Tietohallintopalvelut,Tietohallintopalvelut,"TERVEYSTIE 5, 41340 Laukaa","Toimiala=Konsernipalvelut; Vastuualue=Tietohallinto; Palvelualue=Tietohallintopalvelut; Palveluyksikkö=Tietohallintopalvelut; Toimipiste=TERVEYSTIE 5, 41340 Laukaa",KESKI-SUOMEN HYVINVOINTIALUE,KESKI-SUOMEN HYVINVOINTIALUE,41340,TERVEYSTIE 5,Keski-Suomi,Suomi,Käyttäjätukiasiantuntija,+358142000394,+35844100394,liisa.moilanen,SYN-HYVAKS-000018,,,SMTP:liisa.moilanen@example.invalid,,,fi-FI,Aktiivinen,synthetic-development-data
Jyväskylä,Keski-Suomen hyvinvointialue,Teknologiapalvelut,Kallio Jere,jere.kallio@example.invalid,SYN-HYVAKS-000395,Osa-aikainen,2013-02-27,Toimipiste,"Hyvinvointialue, Keski-Suomi",Konsernipalvelut,Tietohallinto,Teknologiapalvelut,Teknologiapalvelut,"HYVINVOINTIKATU 12, 40100 Jyväskylä","Toimiala=Konsernipalvelut; Vastuualue=Tietohallinto; Palvelualue=Teknologiapalvelut; Palveluyksikkö=Teknologiapalvelut; Toimipiste=HYVINVOINTIKATU 12, 40100 Jyväskylä",KESKI-SUOMEN HYVINVOINTIALUE,KESKI-SUOMEN HYVINVOINTIALUE,40100,HYVINVOINTIKATU 12,Keski-Suomi,Suomi,Verkkoasiantuntija,+358142000395,+35840100395,jere.kallio,SYN-HYVAKS-000022,,,SMTP:jere.kallio@example.invalid,,,fi-FI,Aktiivinen,synthetic-development-data
Jyväskylä,Keski-Suomen hyvinvointialue,Palveluprosessien digitalisaatio,Lehtinen Anu,anu.lehtinen@example.invalid,SYN-HYVAKS-000396,Vakituinen,2017-11-21,Toimipiste,"Hyvinvointialue, Keski-Suomi",Konsernipalvelut,Tietohallinto,Palveluprosessien digitalisaatio,Palveluprosessien digitalisaatio,"HYVINVOINTIKATU 12, 40100 Jyväskylä","Toimiala=Konsernipalvelut; Vastuualue=Tietohallinto; Palvelualue=Palveluprosessien digitalisaatio; Palveluyksikkö=Palveluprosessien digitalisaatio; Toimipiste=HYVINVOINTIKATU 12, 40100 Jyväskylä",KESKI-SUOMEN HYVINVOINTIALUE,KESKI-SUOMEN HYVINVOINTIALUE,40100,HYVINVOINTIKATU 12,Keski-Suomi,Suomi,Integraatioasiantuntija,+358142000396,+35844100396,anu.lehtinen,SYN-HYVAKS-000026,,,SMTP:anu.lehtinen@example.invalid,,,fi-FI,Aktiivinen,synthetic-development-data
Äänekoski,Keski-Suomen hyvinvointialue,Tietohallintopalvelut,Seppälä Outi,outi.seppala@example.invalid,SYN-HYVAKS-000397,Vakituinen,2006-12-26,Toimipiste,"Hyvinvointialue, Keski-Suomi",Konsernipalvelut,Tietohallinto,Tietohallintopalvelut,Tietohallintopalvelut,"KESKUSKATU 14, 44100 Äänekoski","Toimiala=Konsernipalvelut; Vastuualue=Tietohallinto; Palvelualue=Tietohallintopalvelut; Palveluyksikkö=Tietohallintopalvelut; Toimipiste=KESKUSKATU 14, 44100 Äänekoski",KESKI-SUOMEN HYVINVOINTIALUE,KESKI-SUOMEN HYVINVOINTIALUE,44100,KESKUSKATU 14,Keski-Suomi,Suomi,Käyttäjätukiasiantuntija,+358142000397,+35850100397,outi.seppala,SYN-HYVAKS-000017,,,SMTP:outi.seppala@example.invalid,,,fi-FI,Aktiivinen,synthetic-development-data
Karstula,Keski-Suomen hyvinvointialue,Tilapalveluiden johtaminen,Kolehmainen Kaisa,kaisa.kolehmainen@example.invalid,SYN-HYVAKS-000398,Määräaikainen,2003-06-30,Toimipiste,"Hyvinvointialue, Keski-Suomi",Konsernipalvelut,Tilapalvelut,Tilapalveluiden johtaminen,Tilapalveluiden johtaminen,"HYVINVOINTITIE 6, 43500 Karstula","Toimiala=Konsernipalvelut; Vastuualue=Tilapalvelut; Palvelualue=Tilapalveluiden johtaminen; Palveluyksikkö=Tilapalveluiden johtaminen; Toimipiste=HYVINVOINTITIE 6, 43500 Karstula",KESKI-SUOMEN HYVINVOINTIALUE,KESKI-SUOMEN HYVINVOINTIALUE,43500,HYVINVOINTITIE 6,Keski-Suomi,Suomi,Huoltoinsinööri,+358142000398,+35845100398,kaisa.kolehmainen,SYN-HYVAKS-000035,,,SMTP:kaisa.kolehmainen@example.invalid,,,fi-FI,Aktiivinen,synthetic-development-data
Jyväskylä,Keski-Suomen hyvinvointialue,Teknologiapalvelut,Hakala Eeva,eeva.hakala@example.invalid,SYN-HYVAKS-000399,Vakituinen,2005-09-18,Toimipiste,"Hyvinvointialue, Keski-Suomi",Konsernipalvelut,Tietohallinto,Teknologiapalvelut,Teknologiapalvelut,"HYVINVOINTIKATU 12, 40100 Jyväskylä","Toimiala=Konsernipalvelut; Vastuualue=Tietohallinto; Palvelualue=Teknologiapalvelut; Palveluyksikkö=Teknologiapalvelut; Toimipiste=HYVINVOINTIKATU 12, 40100 Jyväskylä",KESKI-SUOMEN HYVINVOINTIALUE,KESKI-SUOMEN HYVINVOINTIALUE,40100,HYVINVOINTIKATU 12,Keski-Suomi,Suomi,Konesaliasiantuntija,+358142000399,+35844100399,eeva.hakala,SYN-HYVAKS-000022,,,SMTP:eeva.hakala@example.invalid,,,fi-FI,Aktiivinen,synthetic-development-data
Jämsä,Keski-Suomen hyvinvointialue,Tilapalveluiden johtaminen,Virtanen Johanna,johanna.virtanen@example.invalid,SYN-HYVAKS-000400,Vakituinen,2017-04-06,Toimipiste,"Hyvinvointialue, Keski-Suomi",Konsernipalvelut,Tilapalvelut,Tilapalveluiden johtaminen,Tilapalveluiden johtaminen,"SAIRAALANTIE 8, 42100 Jämsä","Toimiala=Konsernipalvelut; Vastuualue=Tilapalvelut; Palvelualue=Tilapalveluiden johtaminen; Palveluyksikkö=Tilapalveluiden johtaminen; Toimipiste=SAIRAALANTIE 8, 42100 Jämsä",KESKI-SUOMEN HYVINVOINTIALUE,KESKI-SUOMEN HYVINVOINTIALUE,42100,SAIRAALANTIE 8,Keski-Suomi,Suomi,Huoltoinsinööri,+358142000400,+35840100400,johanna.virtanen,SYN-HYVAKS-000032,,,SMTP:johanna.virtanen@example.invalid,,,fi-FI,Aktiivinen,synthetic-development-data
Jyväskylä,Keski-Suomen hyvinvointialue,Projektit ja kehittäminen,Moilanen Jere,jere.moilanen@example.invalid,SYN-HYVAKS-000401,Vakituinen,2023-08-14,Toimipiste,"Hyvinvointialue, Keski-Suomi",Konsernipalvelut,Tietohallinto,Projektit ja kehittäminen,Projektit ja kehittäminen,"HOITAJANTIE 1, 40620 Jyväskylä","Toimiala=Konsernipalvelut; Vastuualue=Tietohallinto; Palvelualue=Projektit ja kehittäminen; Palveluyksikkö=Projektit ja kehittäminen; Toimipiste=HOITAJANTIE 1, 40620 Jyväskylä",KESKI-SUOMEN HYVINVOINTIALUE,KESKI-SUOMEN HYVINVOINTIALUE,40620,HOITAJANTIE 1,Keski-Suomi,Suomi,Projektisuunnittelija,+358142000401,+35845100401,jere.moilanen,SYN-HYVAKS-000019,,,SMTP:jere.moilanen@example.invalid,,,fi-FI,Aktiivinen,synthetic-development-data
Jämsä,Keski-Suomen hyvinvointialue,Viestintäpalvelut,Salonen Janne,janne.salonen@example.invalid,SYN-HYVAKS-000402,Vakituinen,1998-01-07,Toimipiste,"Hyvinvointialue, Keski-Suomi",Konsernipalvelut,Viestintäpalvelut,Viestintäpalvelut,Viestintäpalvelut,"SAIRAALANTIE 8, 42100 Jämsä","Toimiala=Konsernipalvelut; Vastuualue=Viestintäpalvelut; Palvelualue=Viestintäpalvelut; Palveluyksikkö=Viestintäpalvelut; Toimipiste=SAIRAALANTIE 8, 42100 Jämsä",KESKI-SUOMEN HYVINVOINTIALUE,KESKI-SUOMEN HYVINVOINTIALUE,42100,SAIRAALANTIE 8,Keski-Suomi,Suomi,Graafinen suunnittelija,+358142000402,+35840100402,janne.salonen,SYN-HYVAKS-000030,,,SMTP:janne.salonen@example.invalid,,,fi-FI,Poistuva,synthetic-development-data
Jyväskylä,Keski-Suomen hyvinvointialue,Tietohallinto yhteiset,Laakso Elina,elina.laakso2@example.invalid,SYN-HYVAKS-000403,Määräaikainen,2011-06-25,Toimipiste,"Hyvinvointialue, Keski-Suomi",Konsernipalvelut,Tietohallinto,Tietohallinto yhteiset,Tietohallinto yhteiset,"HYVINVOINTIKATU 12, 40100 Jyväskylä","Toimiala=Konsernipalvelut; Vastuualue=Tietohallinto; Palvelualue=Tietohallinto yhteiset; Palveluyksikkö=Tietohallinto yhteiset; Toimipiste=HYVINVOINTIKATU 12, 40100 Jyväskylä",KESKI-SUOMEN HYVINVOINTIALUE,KESKI-SUOMEN HYVINVOINTIALUE,40100,HYVINVOINTIKATU 12,Keski-Suomi,Suomi,Hallinnon asiantuntija,+358142000403,+35840100403,elina.laakso2,SYN-HYVAKS-000014,,,SMTP:elina.laakso2@example.invalid,,,fi-FI,Aktiivinen,synthetic-development-data
Äänekoski,Keski-Suomen hyvinvointialue,Tilapalveluiden johtaminen,Seppälä Matti,matti.seppala@example.invalid,SYN-HYVAKS-000404,Vakituinen,2005-02-11,Toimipiste,"Hyvinvointialue, Keski-Suomi",Konsernipalvelut,Tilapalvelut,Tilapalveluiden johtaminen,Tilapalveluiden johtaminen,"KESKUSKATU 14, 44100 Äänekoski","Toimiala=Konsernipalvelut; Vastuualue=Tilapalvelut; Palvelualue=Tilapalveluiden johtaminen; Palveluyksikkö=Tilapalveluiden johtaminen; Toimipiste=KESKUSKATU 14, 44100 Äänekoski",KESKI-SUOMEN HYVINVOINTIALUE,KESKI-SUOMEN HYVINVOINTIALUE,44100,KESKUSKATU 14,Keski-Suomi,Suomi,Kiinteistöasiantuntija,+358142000404,+35844100404,matti.seppala,SYN-HYVAKS-000033,,,SMTP:matti.seppala@example.invalid,,,fi-FI,Aktiivinen,synthetic-development-data
Äänekoski,Keski-Suomen hyvinvointialue,Tilapalveluiden johtaminen,Vainio Saara,saara.vainio2@example.invalid,SYN-HYVAKS-000405,Vakituinen,2003-11-04,Toimipiste,"Hyvinvointialue, Keski-Suomi",Konsernipalvelut,Tilapalvelut,Tilapalveluiden johtaminen,Tilapalveluiden johtaminen,"KESKUSKATU 14, 44100 Äänekoski","Toimiala=Konsernipalvelut; Vastuualue=Tilapalvelut; Palvelualue=Tilapalveluiden johtaminen; Palveluyksikkö=Tilapalveluiden johtaminen; Toimipiste=KESKUSKATU 14, 44100 Äänekoski",KESKI-SUOMEN HYVINVOINTIALUE,KESKI-SUOMEN HYVINVOINTIALUE,44100,KESKUSKATU 14,Keski-Suomi,Suomi,Huoltoinsinööri,+358142000405,+35845100405,saara.vainio2,SYN-HYVAKS-000033,,,SMTP:saara.vainio2@example.invalid,,,fi-FI,Aktiivinen,synthetic-development-data
Jyväskylä,Keski-Suomen hyvinvointialue,Projektit ja kehittäminen,Tuominen Heikki,heikki.tuominen@example.invalid,SYN-HYVAKS-000406,Sijainen,2006-03-19,Toimipiste,"Hyvinvointialue, Keski-Suomi",Konsernipalvelut,Tietohallinto,Projektit ja kehittäminen,Projektit ja kehittäminen,"HYVINVOINTIKATU 12, 40100 Jyväskylä","Toimiala=Konsernipalvelut; Vastuualue=Tietohallinto; Palvelualue=Projektit ja kehittäminen; Palveluyksikkö=Projektit ja kehittäminen; Toimipiste=HYVINVOINTIKATU 12, 40100 Jyväskylä",KESKI-SUOMEN HYVINVOINTIALUE,KESKI-SUOMEN HYVINVOINTIALUE,40100,HYVINVOINTIKATU 12,Keski-Suomi,Suomi,Projektisuunnittelija,+358142000406,+35850100406,heikki.tuominen,SYN-HYVAKS-000020,,,SMTP:heikki.tuominen@example.invalid,,,fi-FI,Aktiivinen,synthetic-development-data
Jyväskylä,Keski-Suomen hyvinvointialue,Tietohallinto yhteiset,Uusitalo Saara,saara.uusitalo@example.invalid,SYN-HYVAKS-000407,Vakituinen,2004-06-05,Toimipiste,"Hyvinvointialue, Keski-Suomi",Konsernipalvelut,Tietohallinto,Tietohallinto yhteiset,Tietohallinto yhteiset,"HOITAJANTIE 1, 40620 Jyväskylä","Toimiala=Konsernipalvelut; Vastuualue=Tietohallinto; Palvelualue=Tietohallinto yhteiset; Palveluyksikkö=Tietohallinto yhteiset; Toimipiste=HOITAJANTIE 1, 40620 Jyväskylä",KESKI-SUOMEN HYVINVOINTIALUE,KESKI-SUOMEN HYVINVOINTIALUE,40620,HOITAJANTIE 1,Keski-Suomi,Suomi,Tietohallinnon suunnittelija,+358142000407,+35840100407,saara.uusitalo,SYN-HYVAKS-000013,,,SMTP:saara.uusitalo@example.invalid,,,fi-FI,Aktiivinen,synthetic-development-data
Äänekoski,Keski-Suomen hyvinvointialue,Tilapalveluiden johtaminen,Paananen Elina,elina.paananen@example.invalid,SYN-HYVAKS-000408,Vakituinen,2010-08-18,Toimipiste,"Hyvinvointialue, Keski-Suomi",Konsernipalvelut,Tilapalvelut,Tilapalveluiden johtaminen,Tilapalveluiden johtaminen,"KESKUSKATU 14, 44100 Äänekoski","Toimiala=Konsernipalvelut; Vastuualue=Tilapalvelut; Palvelualue=Tilapalveluiden johtaminen; Palveluyksikkö=Tilapalveluiden johtaminen; Toimipiste=KESKUSKATU 14, 44100 Äänekoski",KESKI-SUOMEN HYVINVOINTIALUE,KESKI-SUOMEN HYVINVOINTIALUE,44100,KESKUSKATU 14,Keski-Suomi,Suomi,Huoltoinsinööri,+358142000408,+35844100408,elina.paananen,SYN-HYVAKS-000033,,,SMTP:elina.paananen@example.invalid,,,fi-FI,Aktiivinen,synthetic-development-data
Jyväskylä,Keski-Suomen hyvinvointialue,Palveluprosessien digitalisaatio,Miettinen Riikka,riikka.miettinen@example.invalid,SYN-HYVAKS-000409,Vakituinen,2006-05-06,Toimipiste,"Hyvinvointialue, Keski-Suomi",Konsernipalvelut,Tietohallinto,Palveluprosessien digitalisaatio,Palveluprosessien digitalisaatio,"HOITAJANTIE 1, 40620 Jyväskylä","Toimiala=Konsernipalvelut; Vastuualue=Tietohallinto; Palvelualue=Palveluprosessien digitalisaatio; Palveluyksikkö=Palveluprosessien digitalisaatio; Toimipiste=HOITAJANTIE 1, 40620 Jyväskylä",KESKI-SUOMEN HYVINVOINTIALUE,KESKI-SUOMEN HYVINVOINTIALUE,40620,HOITAJANTIE 1,Keski-Suomi,Suomi,Integraatioasiantuntija,+358142000409,+35840100409,riikka.miettinen,SYN-HYVAKS-000025,,,SMTP:riikka.miettinen@example.invalid,,,fi-FI,Passiivinen,synthetic-development-data
Äänekoski,Keski-Suomen hyvinvointialue,Teknologiapalvelut,Tuominen Mikael,mikael.tuominen@example.invalid,SYN-HYVAKS-000410,Vakituinen,2021-09-06,Toimipiste,"Hyvinvointialue, Keski-Suomi",Konsernipalvelut,Tietohallinto,Teknologiapalvelut,Teknologiapalvelut,"KESKUSKATU 14, 44100 Äänekoski","Toimiala=Konsernipalvelut; Vastuualue=Tietohallinto; Palvelualue=Teknologiapalvelut; Palveluyksikkö=Teknologiapalvelut; Toimipiste=KESKUSKATU 14, 44100 Äänekoski",KESKI-SUOMEN HYVINVOINTIALUE,KESKI-SUOMEN HYVINVOINTIALUE,44100,KESKUSKATU 14,Keski-Suomi,Suomi,Verkkoasiantuntija,+358142000410,+35844100410,mikael.tuominen,SYN-HYVAKS-000024,,,SMTP:mikael.tuominen@example.invalid,,,fi-FI,Aktiivinen,synthetic-development-data
Jyväskylä,Keski-Suomen hyvinvointialue,Teknologiapalvelut,Lehtinen Matti,matti.lehtinen@example.invalid,SYN-HYVAKS-000411,Vakituinen,2025-03-09,Toimipiste,"Hyvinvointialue, Keski-Suomi",Konsernipalvelut,Tietohallinto,Teknologiapalvelut,Teknologiapalvelut,"HYVINVOINTIKATU 12, 40100 Jyväskylä","Toimiala=Konsernipalvelut; Vastuualue=Tietohallinto; Palvelualue=Teknologiapalvelut; Palveluyksikkö=Teknologiapalvelut; Toimipiste=HYVINVOINTIKATU 12, 40100 Jyväskylä",KESKI-SUOMEN HYVINVOINTIALUE,KESKI-SUOMEN HYVINVOINTIALUE,40100,HYVINVOINTIKATU 12,Keski-Suomi,Suomi,Teknologia-asiantuntija,+358142000411,+35844100411,matti.lehtinen,SYN-HYVAKS-000022,,,SMTP:matti.lehtinen@example.invalid,,,fi-FI,Aktiivinen,synthetic-development-data
Äänekoski,Keski-Suomen hyvinvointialue,Teknologiapalvelut,Virtanen Kalle,kalle.virtanen@example.invalid,SYN-HYVAKS-000412,Vakituinen,2004-09-06,Toimipiste,"Hyvinvointialue, Keski-Suomi",Konsernipalvelut,Tietohallinto,Teknologiapalvelut,Teknologiapalvelut,"KESKUSKATU 14, 44100 Äänekoski","Toimiala=Konsernipalvelut; Vastuualue=Tietohallinto; Palvelualue=Teknologiapalvelut; Palveluyksikkö=Teknologiapalvelut; Toimipiste=KESKUSKATU 14, 44100 Äänekoski",KESKI-SUOMEN HYVINVOINTIALUE,KESKI-SUOMEN HYVINVOINTIALUE,44100,KESKUSKATU 14,Keski-Suomi,Suomi,Palveluarkkitehti,+358142000412,+35840100412,kalle.virtanen,SYN-HYVAKS-000024,,,SMTP:kalle.virtanen@example.invalid,,,fi-FI,Aktiivinen,synthetic-development-data
Äänekoski,Keski-Suomen hyvinvointialue,Tietohallintopalvelut,Peltonen Heli,heli.peltonen@example.invalid,SYN-HYVAKS-000413,Vakituinen,2005-01-17,Toimipiste,"Hyvinvointialue, Keski-Suomi",Konsernipalvelut,Tietohallinto,Tietohallintopalvelut,Tietohallintopalvelut,"KESKUSKATU 14, 44100 Äänekoski","Toimiala=Konsernipalvelut; Vastuualue=Tietohallinto; Palvelualue=Tietohallintopalvelut; Palveluyksikkö=Tietohallintopalvelut; Toimipiste=KESKUSKATU 14, 44100 Äänekoski",KESKI-SUOMEN HYVINVOINTIALUE,KESKI-SUOMEN HYVINVOINTIALUE,44100,KESKUSKATU 14,Keski-Suomi,Suomi,Laitetukiasiantuntija,+358142000413,+35840100413,heli.peltonen,SYN-HYVAKS-000017,,,SMTP:heli.peltonen@example.invalid,,,fi-FI,Aktiivinen,synthetic-development-data
Jyväskylä,Keski-Suomen hyvinvointialue,Tietohallintopalvelut,Tuominen Sampo,sampo.tuominen@example.invalid,SYN-HYVAKS-000414,Vakituinen,2012-08-09,Toimipiste,"Hyvinvointialue, Keski-Suomi",Konsernipalvelut,Tietohallinto,Tietohallintopalvelut,Tietohallintopalvelut,"HOITAJANTIE 1, 40620 Jyväskylä","Toimiala=Konsernipalvelut; Vastuualue=Tietohallinto; Palvelualue=Tietohallintopalvelut; Palveluyksikkö=Tietohallintopalvelut; Toimipiste=HOITAJANTIE 1, 40620 Jyväskylä",KESKI-SUOMEN HYVINVOINTIALUE,KESKI-SUOMEN HYVINVOINTIALUE,40620,HOITAJANTIE 1,Keski-Suomi,Suomi,Laitetukiasiantuntija,+358142000414,+35850100414,sampo.tuominen,SYN-HYVAKS-000015,,,SMTP:sampo.tuominen@example.invalid,,,fi-FI,Aktiivinen,synthetic-development-data
Äänekoski,Keski-Suomen hyvinvointialue,Teknologiapalvelut,Manninen Sakari,sakari.manninen@example.invalid,SYN-HYVAKS-000415,Osa-aikainen,2014-05-28,Toimipiste,"Hyvinvointialue, Keski-Suomi",Konsernipalvelut,Tietohallinto,Teknologiapalvelut,Teknologiapalvelut,"KESKUSKATU 14, 44100 Äänekoski","Toimiala=Konsernipalvelut; Vastuualue=Tietohallinto; Palvelualue=Teknologiapalvelut; Palveluyksikkö=Teknologiapalvelut; Toimipiste=KESKUSKATU 14, 44100 Äänekoski",KESKI-SUOMEN HYVINVOINTIALUE,KESKI-SUOMEN HYVINVOINTIALUE,44100,KESKUSKATU 14,Keski-Suomi,Suomi,Palveluarkkitehti,+358142000415,+35844100415,sakari.manninen,SYN-HYVAKS-000024,,,SMTP:sakari.manninen@example.invalid,,,fi-FI,Aktiivinen,synthetic-development-data
Jämsä,Keski-Suomen hyvinvointialue,Tietohallintopalvelut,Karjalainen Riku,riku.karjalainen@example.invalid,SYN-HYVAKS-000416,Vakituinen,2025-03-09,Toimipiste,"Hyvinvointialue, Keski-Suomi",Konsernipalvelut,Tietohallinto,Tietohallintopalvelut,Tietohallintopalvelut,"SAIRAALANTIE 8, 42100 Jämsä","Toimiala=Konsernipalvelut; Vastuualue=Tietohallinto; Palvelualue=Tietohallintopalvelut; Palveluyksikkö=Tietohallintopalvelut; Toimipiste=SAIRAALANTIE 8, 42100 Jämsä",KESKI-SUOMEN HYVINVOINTIALUE,KESKI-SUOMEN HYVINVOINTIALUE,42100,SAIRAALANTIE 8,Keski-Suomi,Suomi,Tietohallinnon asiantuntija,+358142000416,+35850100416,riku.karjalainen,SYN-HYVAKS-000016,,,SMTP:riku.karjalainen@example.invalid,,,fi-FI,Aktiivinen,synthetic-development-data
Jyväskylä,Keski-Suomen hyvinvointialue,Tietohallintopalvelut,Karjalainen Kalle,kalle.karjalainen@example.invalid,SYN-HYVAKS-000417,Vakituinen,2018-03-08,Toimipiste,"Hyvinvointialue, Keski-Suomi",Konsernipalvelut,Tietohallinto,Tietohallintopalvelut,Tietohallintopalvelut,"HOITAJANTIE 1, 40620 Jyväskylä","Toimiala=Konsernipalvelut; Vastuualue=Tietohallinto; Palvelualue=Tietohallintopalvelut; Palveluyksikkö=Tietohallintopalvelut; Toimipiste=HOITAJANTIE 1, 40620 Jyväskylä",KESKI-SUOMEN HYVINVOINTIALUE,KESKI-SUOMEN HYVINVOINTIALUE,40620,HOITAJANTIE 1,Keski-Suomi,Suomi,Tietohallinnon asiantuntija,+358142000417,+35844100417,kalle.karjalainen,SYN-HYVAKS-000015,,,SMTP:kalle.karjalainen@example.invalid,,,fi-FI,Aktiivinen,synthetic-development-data
Laukaa,Keski-Suomen hyvinvointialue,Tietohallintopalvelut,Pitkänen Aino,aino.pitkanen@example.invalid,SYN-HYVAKS-000418,Vakituinen,2023-09-14,Toimipiste,"Hyvinvointialue, Keski-Suomi",Konsernipalvelut,Tietohallinto,Tietohallintopalvelut,Tietohallintopalvelut,"TERVEYSTIE 5, 41340 Laukaa","Toimiala=Konsernipalvelut; Vastuualue=Tietohallinto; Palvelualue=Tietohallintopalvelut; Palveluyksikkö=Tietohallintopalvelut; Toimipiste=TERVEYSTIE 5, 41340 Laukaa",KESKI-SUOMEN HYVINVOINTIALUE,KESKI-SUOMEN HYVINVOINTIALUE,41340,TERVEYSTIE 5,Keski-Suomi,Suomi,Laitetukiasiantuntija,+358142000418,+35840100418,aino.pitkanen,SYN-HYVAKS-000018,,,SMTP:aino.pitkanen@example.invalid,,,fi-FI,Aktiivinen,synthetic-development-data
Äänekoski,Keski-Suomen hyvinvointialue,Tietohallintopalvelut,Uusitalo Kaisa,kaisa.uusitalo@example.invalid,SYN-HYVAKS-000419,Vakituinen,2009-12-30,Toimipiste,"Hyvinvointialue, Keski-Suomi",Konsernipalvelut,Tietohallinto,Tietohallintopalvelut,Tietohallintopalvelut,"KESKUSKATU 14, 44100 Äänekoski","Toimiala=Konsernipalvelut; Vastuualue=Tietohallinto; Palvelualue=Tietohallintopalvelut; Palveluyksikkö=Tietohallintopalvelut; Toimipiste=KESKUSKATU 14, 44100 Äänekoski",KESKI-SUOMEN HYVINVOINTIALUE,KESKI-SUOMEN HYVINVOINTIALUE,44100,KESKUSKATU 14,Keski-Suomi,Suomi,Järjestelmäasiantuntija,+358142000419,+35840100419,kaisa.uusitalo,SYN-HYVAKS-000017,,,SMTP:kaisa.uusitalo@example.invalid,,,fi-FI,Aktiivinen,synthetic-development-data
Karstula,Keski-Suomen hyvinvointialue,Tilapalveluiden johtaminen,Sipilä Anni,anni.sipila@example.invalid,SYN-HYVAKS-000420,Vakituinen,2026-04-06,Toimipiste,"Hyvinvointialue, Keski-Suomi",Konsernipalvelut,Tilapalvelut,Tilapalveluiden johtaminen,Tilapalveluiden johtaminen,"HYVINVOINTITIE 6, 43500 Karstula","Toimiala=Konsernipalvelut; Vastuualue=Tilapalvelut; Palvelualue=Tilapalveluiden johtaminen; Palveluyksikkö=Tilapalveluiden johtaminen; Toimipiste=HYVINVOINTITIE 6, 43500 Karstula",KESKI-SUOMEN HYVINVOINTIALUE,KESKI-SUOMEN HYVINVOINTIALUE,43500,HYVINVOINTITIE 6,Keski-Suomi,Suomi,Huoltoinsinööri,+358142000420,+35845100420,anni.sipila,SYN-HYVAKS-000035,,,SMTP:anni.sipila@example.invalid,,,fi-FI,Aktiivinen,synthetic-development-data
Äänekoski,Keski-Suomen hyvinvointialue,Tietohallintopalvelut,Vuorinen Kimmo,kimmo.vuorinen@example.invalid,SYN-HYVAKS-000421,Vakituinen,2015-11-12,Toimipiste,"Hyvinvointialue, Keski-Suomi",Konsernipalvelut,Tietohallinto,Tietohallintopalvelut,Tietohallintopalvelut,"KESKUSKATU 14, 44100 Äänekoski","Toimiala=Konsernipalvelut; Vastuualue=Tietohallinto; Palvelualue=Tietohallintopalvelut; Palveluyksikkö=Tietohallintopalvelut; Toimipiste=KESKUSKATU 14, 44100 Äänekoski",KESKI-SUOMEN HYVINVOINTIALUE,KESKI-SUOMEN HYVINVOINTIALUE,44100,KESKUSKATU 14,Keski-Suomi,Suomi,Laitetukiasiantuntija,+358142000421,+35850100421,kimmo.vuorinen,SYN-HYVAKS-000017,,,SMTP:kimmo.vuorinen@example.invalid,,,en-US,Aktiivinen,synthetic-development-data
Jyväskylä,Keski-Suomen hyvinvointialue,Tietohallintopalvelut,Koskinen Jaana,jaana.koskinen@example.invalid,SYN-HYVAKS-000422,Vakituinen,2011-06-13,Toimipiste,"Hyvinvointialue, Keski-Suomi",Konsernipalvelut,Tietohallinto,Tietohallintopalvelut,Tietohallintopalvelut,"HOITAJANTIE 1, 40620 Jyväskylä","Toimiala=Konsernipalvelut; Vastuualue=Tietohallinto; Palvelualue=Tietohallintopalvelut; Palveluyksikkö=Tietohallintopalvelut; Toimipiste=HOITAJANTIE 1, 40620 Jyväskylä",KESKI-SUOMEN HYVINVOINTIALUE,KESKI-SUOMEN HYVINVOINTIALUE,40620,HOITAJANTIE 1,Keski-Suomi,Suomi,Laitetukiasiantuntija,+358142000422,+35844100422,jaana.koskinen,SYN-HYVAKS-000015,,,SMTP:jaana.koskinen@example.invalid,,,fi-FI,Aktiivinen,synthetic-development-data
Jyväskylä,Keski-Suomen hyvinvointialue,Teknologiapalvelut,Vainio Anni,anni.vainio@example.invalid,SYN-HYVAKS-000423,Määräaikainen,2002-11-28,Toimipiste,"Hyvinvointialue, Keski-Suomi",Konsernipalvelut,Tietohallinto,Teknologiapalvelut,Teknologiapalvelut,"HOITAJANTIE 1, 40620 Jyväskylä","Toimiala=Konsernipalvelut; Vastuualue=Tietohallinto; Palvelualue=Teknologiapalvelut; Palveluyksikkö=Teknologiapalvelut; Toimipiste=HOITAJANTIE 1, 40620 Jyväskylä",KESKI-SUOMEN HYVINVOINTIALUE,KESKI-SUOMEN HYVINVOINTIALUE,40620,HOITAJANTIE 1,Keski-Suomi,Suomi,Verkkoasiantuntija,+358142000423,+35850100423,anni.vainio,SYN-HYVAKS-000021,,,SMTP:anni.vainio@example.invalid,,,fi-FI,Aktiivinen,synthetic-development-data
Jyväskylä,Keski-Suomen hyvinvointialue,Projektit ja kehittäminen,Kallio Henna,henna.kallio@example.invalid,SYN-HYVAKS-000424,Osa-aikainen,2012-12-28,Toimipiste,"Hyvinvointialue, Keski-Suomi",Konsernipalvelut,Tietohallinto,Projektit ja kehittäminen,Projektit ja kehittäminen,"HYVINVOINTIKATU 12, 40100 Jyväskylä","Toimiala=Konsernipalvelut; Vastuualue=Tietohallinto; Palvelualue=Projektit ja kehittäminen; Palveluyksikkö=Projektit ja kehittäminen; Toimipiste=HYVINVOINTIKATU 12, 40100 Jyväskylä",KESKI-SUOMEN HYVINVOINTIALUE,KESKI-SUOMEN HYVINVOINTIALUE,40100,HYVINVOINTIKATU 12,Keski-Suomi,Suomi,Palvelumuotoilija,+358142000424,+35844100424,henna.kallio,SYN-HYVAKS-000020,,,SMTP:henna.kallio@example.invalid,,,fi-FI,Aktiivinen,synthetic-development-data
Keuruu,Keski-Suomen hyvinvointialue,Tilapalveluiden johtaminen,Takala Mikael,mikael.takala@example.invalid,SYN-HYVAKS-000425,Sijainen,2021-05-17,Toimipiste,"Hyvinvointialue, Keski-Suomi",Konsernipalvelut,Tilapalvelut,Tilapalveluiden johtaminen,Tilapalveluiden johtaminen,"PALVELUTIE 3, 42700 Keuruu","Toimiala=Konsernipalvelut; Vastuualue=Tilapalvelut; Palvelualue=Tilapalveluiden johtaminen; Palveluyksikkö=Tilapalveluiden johtaminen; Toimipiste=PALVELUTIE 3, 42700 Keuruu",KESKI-SUOMEN HYVINVOINTIALUE,KESKI-SUOMEN HYVINVOINTIALUE,42700,PALVELUTIE 3,Keski-Suomi,Suomi,Huoltoinsinööri,+358142000425,+35845100425,mikael.takala,SYN-HYVAKS-000034,,,SMTP:mikael.takala@example.invalid,,,fi-FI,Aktiivinen,synthetic-development-data
Jyväskylä,Keski-Suomen hyvinvointialue,Viestintäpalvelut,Ahonen Vesa,vesa.ahonen@example.invalid,SYN-HYVAKS-000426,Vakituinen,2004-06-20,Toimipiste,"Hyvinvointialue, Keski-Suomi",Konsernipalvelut,Viestintäpalvelut,Viestintäpalvelut,Viestintäpalvelut,"HYVINVOINTIKATU 12, 40100 Jyväskylä","Toimiala=Konsernipalvelut; Vastuualue=Viestintäpalvelut; Palvelualue=Viestintäpalvelut; Palveluyksikkö=Viestintäpalvelut; Toimipiste=HYVINVOINTIKATU 12, 40100 Jyväskylä",KESKI-SUOMEN HYVINVOINTIALUE,KESKI-SUOMEN HYVINVOINTIALUE,40100,HYVINVOINTIKATU 12,Keski-Suomi,Suomi,Verkkoviestinnän asiantuntija,+358142000426,+35850100426,vesa.ahonen,SYN-HYVAKS-000029,,,SMTP:vesa.ahonen@example.invalid,,,fi-FI,Aktiivinen,synthetic-development-data
Jyväskylä,Keski-Suomen hyvinvointialue,Projektit ja kehittäminen,Roiha Anu,anu.roiha@example.invalid,SYN-HYVAKS-000427,Vakituinen,2012-06-14,Toimipiste,"Hyvinvointialue, Keski-Suomi",Konsernipalvelut,Tietohallinto,Projektit ja kehittäminen,Projektit ja kehittäminen,"HOITAJANTIE 1, 40620 Jyväskylä","Toimiala=Konsernipalvelut; Vastuualue=Tietohallinto; Palvelualue=Projektit ja kehittäminen; Palveluyksikkö=Projektit ja kehittäminen; Toimipiste=HOITAJANTIE 1, 40620 Jyväskylä",KESKI-SUOMEN HYVINVOINTIALUE,KESKI-SUOMEN HYVINVOINTIALUE,40620,HOITAJANTIE 1,Keski-Suomi,Suomi,Tuoteomistaja,+358142000427,+35840100427,anu.roiha,SYN-HYVAKS-000019,,,SMTP:anu.roiha@example.invalid,,,fi-FI,Aktiivinen,synthetic-development-data
Jyväskylä,Keski-Suomen hyvinvointialue,Palveluprosessien digitalisaatio,Mattila Satu,satu.mattila@example.invalid,SYN-HYVAKS-000428,Määräaikainen,2011-05-24,Toimipiste,"Hyvinvointialue, Keski-Suomi",Konsernipalvelut,Tietohallinto,Palveluprosessien digitalisaatio,Palveluprosessien digitalisaatio,"HYVINVOINTIKATU 12, 40100 Jyväskylä","Toimiala=Konsernipalvelut; Vastuualue=Tietohallinto; Palvelualue=Palveluprosessien digitalisaatio; Palveluyksikkö=Palveluprosessien digitalisaatio; Toimipiste=HYVINVOINTIKATU 12, 40100 Jyväskylä",KESKI-SUOMEN HYVINVOINTIALUE,KESKI-SUOMEN HYVINVOINTIALUE,40100,HYVINVOINTIKATU 12,Keski-Suomi,Suomi,Digitalisaatioasiantuntija,+358142000428,+35844100428,satu.mattila,SYN-HYVAKS-000026,,,SMTP:satu.mattila@example.invalid,,,fi-FI,Aktiivinen,synthetic-development-data
Äänekoski,Keski-Suomen hyvinvointialue,Teknologiapalvelut,Ahonen Tomi,tomi.ahonen@example.invalid,SYN-HYVAKS-000429,Vakituinen,2017-11-27,Toimipiste,"Hyvinvointialue, Keski-Suomi",Konsernipalvelut,Tietohallinto,Teknologiapalvelut,Teknologiapalvelut,"KESKUSKATU 14, 44100 Äänekoski","Toimiala=Konsernipalvelut; Vastuualue=Tietohallinto; Palvelualue=Teknologiapalvelut; Palveluyksikkö=Teknologiapalvelut; Toimipiste=KESKUSKATU 14, 44100 Äänekoski",KESKI-SUOMEN HYVINVOINTIALUE,KESKI-SUOMEN HYVINVOINTIALUE,44100,KESKUSKATU 14,Keski-Suomi,Suomi,Verkkoasiantuntija,+358142000429,+35845100429,tomi.ahonen,SYN-HYVAKS-000024,,,SMTP:tomi.ahonen@example.invalid,,,fi-FI,Aktiivinen,synthetic-development-data
Jyväskylä,Keski-Suomen hyvinvointialue,Teknologiapalvelut,Pitkänen Timo,timo.pitkanen2@example.invalid,SYN-HYVAKS-000430,Osa-aikainen,2010-02-20,Toimipiste,"Hyvinvointialue, Keski-Suomi",Konsernipalvelut,Tietohallinto,Teknologiapalvelut,Teknologiapalvelut,"HYVINVOINTIKATU 12, 40100 Jyväskylä","Toimiala=Konsernipalvelut; Vastuualue=Tietohallinto; Palvelualue=Teknologiapalvelut; Palveluyksikkö=Teknologiapalvelut; Toimipiste=HYVINVOINTIKATU 12, 40100 Jyväskylä",KESKI-SUOMEN HYVINVOINTIALUE,KESKI-SUOMEN HYVINVOINTIALUE,40100,HYVINVOINTIKATU 12,Keski-Suomi,Suomi,Verkkoasiantuntija,+358142000430,+35840100430,timo.pitkanen2,SYN-HYVAKS-000022,,,SMTP:timo.pitkanen2@example.invalid,,,fi-FI,Aktiivinen,synthetic-development-data
Jyväskylä,Keski-Suomen hyvinvointialue,Teknologiapalvelut,Uusitalo Meri,meri.uusitalo2@example.invalid,SYN-HYVAKS-000431,Vakituinen,1998-04-07,Toimipiste,"Hyvinvointialue, Keski-Suomi",Konsernipalvelut,Tietohallinto,Teknologiapalvelut,Teknologiapalvelut,"HOITAJANTIE 1, 40620 Jyväskylä","Toimiala=Konsernipalvelut; Vastuualue=Tietohallinto; Palvelualue=Teknologiapalvelut; Palveluyksikkö=Teknologiapalvelut; Toimipiste=HOITAJANTIE 1, 40620 Jyväskylä",KESKI-SUOMEN HYVINVOINTIALUE,KESKI-SUOMEN HYVINVOINTIALUE,40620,HOITAJANTIE 1,Keski-Suomi,Suomi,Verkkoasiantuntija,+358142000431,+35840100431,meri.uusitalo2,SYN-HYVAKS-000021,,,SMTP:meri.uusitalo2@example.invalid,,,fi-FI,Aktiivinen,synthetic-development-data
Äänekoski,Keski-Suomen hyvinvointialue,Teknologiapalvelut,Niemi Juha,juha.niemi@example.invalid,SYN-HYVAKS-000432,Vakituinen,2020-06-10,Toimipiste,"Hyvinvointialue, Keski-Suomi",Konsernipalvelut,Tietohallinto,Teknologiapalvelut,Teknologiapalvelut,"KESKUSKATU 14, 44100 Äänekoski","Toimiala=Konsernipalvelut; Vastuualue=Tietohallinto; Palvelualue=Teknologiapalvelut; Palveluyksikkö=Teknologiapalvelut; Toimipiste=KESKUSKATU 14, 44100 Äänekoski",KESKI-SUOMEN HYVINVOINTIALUE,KESKI-SUOMEN HYVINVOINTIALUE,44100,KESKUSKATU 14,Keski-Suomi,Suomi,Tietoturva-asiantuntija,+358142000432,+35844100432,juha.niemi,SYN-HYVAKS-000024,,,SMTP:juha.niemi@example.invalid,,,fi-FI,Poistuva,synthetic-development-data
Jyväskylä,Keski-Suomen hyvinvointialue,Tietohallintopalvelut,Salo Anu,anu.salo@example.invalid,SYN-HYVAKS-000433,Osa-aikainen,2000-04-15,Toimipiste,"Hyvinvointialue, Keski-Suomi",Konsernipalvelut,Tietohallinto,Tietohallintopalvelut,Tietohallintopalvelut,"HOITAJANTIE 1, 40620 Jyväskylä","Toimiala=Konsernipalvelut; Vastuualue=Tietohallinto; Palvelualue=Tietohallintopalvelut; Palveluyksikkö=Tietohallintopalvelut; Toimipiste=HOITAJANTIE 1, 40620 Jyväskylä",KESKI-SUOMEN HYVINVOINTIALUE,KESKI-SUOMEN HYVINVOINTIALUE,40620,HOITAJANTIE 1,Keski-Suomi,Suomi,Laitetukiasiantuntija,+358142000433,+35840100433,anu.salo,SYN-HYVAKS-000015,,,SMTP:anu.salo@example.invalid,,,fi-FI,Aktiivinen,synthetic-development-data
Jämsä,Keski-Suomen hyvinvointialue,Viestintäpalvelut,Aaltonen Tomi,tomi.aaltonen2@example.invalid,SYN-HYVAKS-000434,Vakituinen,2013-07-07,Toimipiste,"Hyvinvointialue, Keski-Suomi",Konsernipalvelut,Viestintäpalvelut,Viestintäpalvelut,Viestintäpalvelut,"SAIRAALANTIE 8, 42100 Jämsä","Toimiala=Konsernipalvelut; Vastuualue=Viestintäpalvelut; Palvelualue=Viestintäpalvelut; Palveluyksikkö=Viestintäpalvelut; Toimipiste=SAIRAALANTIE 8, 42100 Jämsä",KESKI-SUOMEN HYVINVOINTIALUE,KESKI-SUOMEN HYVINVOINTIALUE,42100,SAIRAALANTIE 8,Keski-Suomi,Suomi,Graafinen suunnittelija,+358142000434,+35844100434,tomi.aaltonen2,SYN-HYVAKS-000030,,,SMTP:tomi.aaltonen2@example.invalid,,,fi-FI,Aktiivinen,synthetic-development-data
Jyväskylä,Keski-Suomen hyvinvointialue,Tilapalveluiden johtaminen,Törmänen Pekka,pekka.tormanen2@example.invalid,SYN-HYVAKS-000435,Vakituinen,2007-11-30,Toimipiste,"Hyvinvointialue, Keski-Suomi",Konsernipalvelut,Tilapalvelut,Tilapalveluiden johtaminen,Tilapalveluiden johtaminen,"HYVINVOINTIKATU 12, 40100 Jyväskylä","Toimiala=Konsernipalvelut; Vastuualue=Tilapalvelut; Palvelualue=Tilapalveluiden johtaminen; Palveluyksikkö=Tilapalveluiden johtaminen; Toimipiste=HYVINVOINTIKATU 12, 40100 Jyväskylä",KESKI-SUOMEN HYVINVOINTIALUE,KESKI-SUOMEN HYVINVOINTIALUE,40100,HYVINVOINTIKATU 12,Keski-Suomi,Suomi,Huoltoinsinööri,+358142000435,+35840100435,pekka.tormanen2,SYN-HYVAKS-000031,,,SMTP:pekka.tormanen2@example.invalid,,,fi-FI,Aktiivinen,synthetic-development-data
Laukaa,Keski-Suomen hyvinvointialue,Palveluprosessien digitalisaatio,Aaltonen Lauri,lauri.aaltonen@example.invalid,SYN-HYVAKS-000436,Vakituinen,2005-06-20,Toimipiste,"Hyvinvointialue, Keski-Suomi",Konsernipalvelut,Tietohallinto,Palveluprosessien digitalisaatio,Palveluprosessien digitalisaatio,"TERVEYSTIE 5, 41340 Laukaa","Toimiala=Konsernipalvelut; Vastuualue=Tietohallinto; Palvelualue=Palveluprosessien digitalisaatio; Palveluyksikkö=Palveluprosessien digitalisaatio; Toimipiste=TERVEYSTIE 5, 41340 Laukaa",KESKI-SUOMEN HYVINVOINTIALUE,KESKI-SUOMEN HYVINVOINTIALUE,41340,TERVEYSTIE 5,Keski-Suomi,Suomi,Digitalisaatioasiantuntija,+358142000436,+35850100436,lauri.aaltonen,SYN-HYVAKS-000027,,,SMTP:lauri.aaltonen@example.invalid,,,fi-FI,Aktiivinen,synthetic-development-data
Jämsä,Keski-Suomen hyvinvointialue,Tilapalveluiden johtaminen,Vuorinen Riku,riku.vuorinen@example.invalid,SYN-HYVAKS-000437,Määräaikainen,2018-09-10,Toimipiste,"Hyvinvointialue, Keski-Suomi",Konsernipalvelut,Tilapalvelut,Tilapalveluiden johtaminen,Tilapalveluiden johtaminen,"SAIRAALANTIE 8, 42100 Jämsä","Toimiala=Konsernipalvelut; Vastuualue=Tilapalvelut; Palvelualue=Tilapalveluiden johtaminen; Palveluyksikkö=Tilapalveluiden johtaminen; Toimipiste=SAIRAALANTIE 8, 42100 Jämsä",KESKI-SUOMEN HYVINVOINTIALUE,KESKI-SUOMEN HYVINVOINTIALUE,42100,SAIRAALANTIE 8,Keski-Suomi,Suomi,Kiinteistöasiantuntija,+358142000437,+35845100437,riku.vuorinen,SYN-HYVAKS-000032,,,SMTP:riku.vuorinen@example.invalid,,,fi-FI,Aktiivinen,synthetic-development-data
Jyväskylä,Keski-Suomen hyvinvointialue,Teknologiapalvelut,Salminen Matti,matti.salminen@example.invalid,SYN-HYVAKS-000438,Vakituinen,2024-05-10,Toimipiste,"Hyvinvointialue, Keski-Suomi",Konsernipalvelut,Tietohallinto,Teknologiapalvelut,Teknologiapalvelut,"HYVINVOINTIKATU 12, 40100 Jyväskylä","Toimiala=Konsernipalvelut; Vastuualue=Tietohallinto; Palvelualue=Teknologiapalvelut; Palveluyksikkö=Teknologiapalvelut; Toimipiste=HYVINVOINTIKATU 12, 40100 Jyväskylä",KESKI-SUOMEN HYVINVOINTIALUE,KESKI-SUOMEN HYVINVOINTIALUE,40100,HYVINVOINTIKATU 12,Keski-Suomi,Suomi,Konesaliasiantuntija,+358142000438,+35850100438,matti.salminen,SYN-HYVAKS-000022,,,SMTP:matti.salminen@example.invalid,,,fi-FI,Aktiivinen,synthetic-development-data
Laukaa,Keski-Suomen hyvinvointialue,Tietohallintopalvelut,Aaltonen Kimmo,kimmo.aaltonen@example.invalid,SYN-HYVAKS-000439,Vakituinen,2012-08-01,Toimipiste,"Hyvinvointialue, Keski-Suomi",Konsernipalvelut,Tietohallinto,Tietohallintopalvelut,Tietohallintopalvelut,"TERVEYSTIE 5, 41340 Laukaa","Toimiala=Konsernipalvelut; Vastuualue=Tietohallinto; Palvelualue=Tietohallintopalvelut; Palveluyksikkö=Tietohallintopalvelut; Toimipiste=TERVEYSTIE 5, 41340 Laukaa",KESKI-SUOMEN HYVINVOINTIALUE,KESKI-SUOMEN HYVINVOINTIALUE,41340,TERVEYSTIE 5,Keski-Suomi,Suomi,Laitetukiasiantuntija,+358142000439,+35850100439,kimmo.aaltonen,SYN-HYVAKS-000018,,,SMTP:kimmo.aaltonen@example.invalid,,,fi-FI,Aktiivinen,synthetic-development-data
Viitasaari,Keski-Suomen hyvinvointialue,Tilapalveluiden johtaminen,Lindholm Katri,katri.lindholm@example.invalid,SYN-HYVAKS-000440,Vakituinen,2009-07-11,Toimipiste,"Hyvinvointialue, Keski-Suomi",Konsernipalvelut,Tilapalvelut,Tilapalveluiden johtaminen,Tilapalveluiden johtaminen,"TERVEYSKESKUKSENTIE 2, 44500 Viitasaari","Toimiala=Konsernipalvelut; Vastuualue=Tilapalvelut; Palvelualue=Tilapalveluiden johtaminen; Palveluyksikkö=Tilapalveluiden johtaminen; Toimipiste=TERVEYSKESKUKSENTIE 2, 44500 Viitasaari",KESKI-SUOMEN HYVINVOINTIALUE,KESKI-SUOMEN HYVINVOINTIALUE,44500,TERVEYSKESKUKSENTIE 2,Keski-Suomi,Suomi,Kiinteistöasiantuntija,+358142000440,+35844100440,katri.lindholm,SYN-HYVAKS-000036,,,SMTP:katri.lindholm@example.invalid,,,fi-FI,Aktiivinen,synthetic-development-data
Jyväskylä,Keski-Suomen hyvinvointialue,Palveluprosessien digitalisaatio,Koskela Eemeli,eemeli.koskela@example.invalid,SYN-HYVAKS-000441,Vakituinen,2025-05-30,Toimipiste,"Hyvinvointialue, Keski-Suomi",Konsernipalvelut,Tietohallinto,Palveluprosessien digitalisaatio,Palveluprosessien digitalisaatio,"HOITAJANTIE 1, 40620 Jyväskylä","Toimiala=Konsernipalvelut; Vastuualue=Tietohallinto; Palvelualue=Palveluprosessien digitalisaatio; Palveluyksikkö=Palveluprosessien digitalisaatio; Toimipiste=HOITAJANTIE 1, 40620 Jyväskylä",KESKI-SUOMEN HYVINVOINTIALUE,KESKI-SUOMEN HYVINVOINTIALUE,40620,HOITAJANTIE 1,Keski-Suomi,Suomi,Integraatioasiantuntija,+358142000441,+35845100441,eemeli.koskela,SYN-HYVAKS-000025,,,SMTP:eemeli.koskela@example.invalid,,,en-US,Aktiivinen,synthetic-development-data
Jyväskylä,Keski-Suomen hyvinvointialue,Tilapalveluiden johtaminen,Salonen Henna,henna.salonen@example.invalid,SYN-HYVAKS-000442,Vakituinen,2008-12-04,Toimipiste,"Hyvinvointialue, Keski-Suomi",Konsernipalvelut,Tilapalvelut,Tilapalveluiden johtaminen,Tilapalveluiden johtaminen,"HYVINVOINTIKATU 12, 40100 Jyväskylä","Toimiala=Konsernipalvelut; Vastuualue=Tilapalvelut; Palvelualue=Tilapalveluiden johtaminen; Palveluyksikkö=Tilapalveluiden johtaminen; Toimipiste=HYVINVOINTIKATU 12, 40100 Jyväskylä",KESKI-SUOMEN HYVINVOINTIALUE,KESKI-SUOMEN HYVINVOINTIALUE,40100,HYVINVOINTIKATU 12,Keski-Suomi,Suomi,Kiinteistöasiantuntija,+358142000442,+35844100442,henna.salonen,SYN-HYVAKS-000031,,,SMTP:henna.salonen@example.invalid,,,fi-FI,Aktiivinen,synthetic-development-data
Jyväskylä,Keski-Suomen hyvinvointialue,Viestintäpalvelut,Kallio Matti,matti.kallio@example.invalid,SYN-HYVAKS-000443,Vakituinen,2002-09-15,Toimipiste,"Hyvinvointialue, Keski-Suomi",Konsernipalvelut,Viestintäpalvelut,Viestintäpalvelut,Viestintäpalvelut,"HOITAJANTIE 1, 40620 Jyväskylä","Toimiala=Konsernipalvelut; Vastuualue=Viestintäpalvelut; Palvelualue=Viestintäpalvelut; Palveluyksikkö=Viestintäpalvelut; Toimipiste=HOITAJANTIE 1, 40620 Jyväskylä",KESKI-SUOMEN HYVINVOINTIALUE,KESKI-SUOMEN HYVINVOINTIALUE,40620,HOITAJANTIE 1,Keski-Suomi,Suomi,Verkkoviestinnän asiantuntija,+358142000443,+35845100443,matti.kallio,SYN-HYVAKS-000028,,,SMTP:matti.kallio@example.invalid,,,fi-FI,Aktiivinen,synthetic-development-data
Jyväskylä,Keski-Suomen hyvinvointialue,Projektit ja kehittäminen,Jokinen Laura,laura.jokinen@example.invalid,SYN-HYVAKS-000444,Osa-aikainen,2004-02-21,Toimipiste,"Hyvinvointialue, Keski-Suomi",Konsernipalvelut,Tietohallinto,Projektit ja kehittäminen,Projektit ja kehittäminen,"HYVINVOINTIKATU 12, 40100 Jyväskylä","Toimiala=Konsernipalvelut; Vastuualue=Tietohallinto; Palvelualue=Projektit ja kehittäminen; Palveluyksikkö=Projektit ja kehittäminen; Toimipiste=HYVINVOINTIKATU 12, 40100 Jyväskylä",KESKI-SUOMEN HYVINVOINTIALUE,KESKI-SUOMEN HYVINVOINTIALUE,40100,HYVINVOINTIKATU 12,Keski-Suomi,Suomi,Palvelumuotoilija,+358142000444,+35850100444,laura.jokinen,SYN-HYVAKS-000020,,,SMTP:laura.jokinen@example.invalid,,,fi-FI,Aktiivinen,synthetic-development-data
Jyväskylä,Keski-Suomen hyvinvointialue,Palveluprosessien digitalisaatio,Sipilä Antti,antti.sipila@example.invalid,SYN-HYVAKS-000445,Vakituinen,2011-04-18,Toimipiste,"Hyvinvointialue, Keski-Suomi",Konsernipalvelut,Tietohallinto,Palveluprosessien digitalisaatio,Palveluprosessien digitalisaatio,"HOITAJANTIE 1, 40620 Jyväskylä","Toimiala=Konsernipalvelut; Vastuualue=Tietohallinto; Palvelualue=Palveluprosessien digitalisaatio; Palveluyksikkö=Palveluprosessien digitalisaatio; Toimipiste=HOITAJANTIE 1, 40620 Jyväskylä",KESKI-SUOMEN HYVINVOINTIALUE,KESKI-SUOMEN HYVINVOINTIALUE,40620,HOITAJANTIE 1,Keski-Suomi,Suomi,Tietoasiantuntija,+358142000445,+35844100445,antti.sipila,SYN-HYVAKS-000025,,,SMTP:antti.sipila@example.invalid,,,sv-FI,Aktiivinen,synthetic-development-data
Jämsä,Keski-Suomen hyvinvointialue,Teknologiapalvelut,Saarinen Kalle,kalle.saarinen@example.invalid,SYN-HYVAKS-000446,Vakituinen,2006-10-28,Toimipiste,"Hyvinvointialue, Keski-Suomi",Konsernipalvelut,Tietohallinto,Teknologiapalvelut,Teknologiapalvelut,"SAIRAALANTIE 8, 42100 Jämsä","Toimiala=Konsernipalvelut; Vastuualue=Tietohallinto; Palvelualue=Teknologiapalvelut; Palveluyksikkö=Teknologiapalvelut; Toimipiste=SAIRAALANTIE 8, 42100 Jämsä",KESKI-SUOMEN HYVINVOINTIALUE,KESKI-SUOMEN HYVINVOINTIALUE,42100,SAIRAALANTIE 8,Keski-Suomi,Suomi,Tietoturva-asiantuntija,+358142000446,+35844100446,kalle.saarinen,SYN-HYVAKS-000023,,,SMTP:kalle.saarinen@example.invalid,,,fi-FI,Aktiivinen,synthetic-development-data
Jyväskylä,Keski-Suomen hyvinvointialue,Viestintäpalvelut,Sipilä Riikka,riikka.sipila@example.invalid,SYN-HYVAKS-000447,Vakituinen,2017-01-18,Toimipiste,"Hyvinvointialue, Keski-Suomi",Konsernipalvelut,Viestintäpalvelut,Viestintäpalvelut,Viestintäpalvelut,"HYVINVOINTIKATU 12, 40100 Jyväskylä","Toimiala=Konsernipalvelut; Vastuualue=Viestintäpalvelut; Palvelualue=Viestintäpalvelut; Palveluyksikkö=Viestintäpalvelut; Toimipiste=HYVINVOINTIKATU 12, 40100 Jyväskylä",KESKI-SUOMEN HYVINVOINTIALUE,KESKI-SUOMEN HYVINVOINTIALUE,40100,HYVINVOINTIKATU 12,Keski-Suomi,Suomi,Graafinen suunnittelija,+358142000447,+35840100447,riikka.sipila,SYN-HYVAKS-000029,,,SMTP:riikka.sipila@example.invalid,,,fi-FI,Aktiivinen,synthetic-development-data
Karstula,Keski-Suomen hyvinvointialue,Tilapalveluiden johtaminen,Saarinen Teemu,teemu.saarinen2@example.invalid,SYN-HYVAKS-000448,Vakituinen,2001-05-19,Toimipiste,"Hyvinvointialue, Keski-Suomi",Konsernipalvelut,Tilapalvelut,Tilapalveluiden johtaminen,Tilapalveluiden johtaminen,"HYVINVOINTITIE 6, 43500 Karstula","Toimiala=Konsernipalvelut; Vastuualue=Tilapalvelut; Palvelualue=Tilapalveluiden johtaminen; Palveluyksikkö=Tilapalveluiden johtaminen; Toimipiste=HYVINVOINTITIE 6, 43500 Karstula",KESKI-SUOMEN HYVINVOINTIALUE,KESKI-SUOMEN HYVINVOINTIALUE,43500,HYVINVOINTITIE 6,Keski-Suomi,Suomi,Huoltoinsinööri,+358142000448,+35845100448,teemu.saarinen2,SYN-HYVAKS-000035,,,SMTP:teemu.saarinen2@example.invalid,,,fi-FI,Aktiivinen,synthetic-development-data
Jyväskylä,Keski-Suomen hyvinvointialue,Teknologiapalvelut,Leppänen Riku,riku.leppanen2@example.invalid,SYN-HYVAKS-000449,Osa-aikainen,2004-02-02,Toimipiste,"Hyvinvointialue, Keski-Suomi",Konsernipalvelut,Tietohallinto,Teknologiapalvelut,Teknologiapalvelut,"HYVINVOINTIKATU 12, 40100 Jyväskylä","Toimiala=Konsernipalvelut; Vastuualue=Tietohallinto; Palvelualue=Teknologiapalvelut; Palveluyksikkö=Teknologiapalvelut; Toimipiste=HYVINVOINTIKATU 12, 40100 Jyväskylä",KESKI-SUOMEN HYVINVOINTIALUE,KESKI-SUOMEN HYVINVOINTIALUE,40100,HYVINVOINTIKATU 12,Keski-Suomi,Suomi,Järjestelmäasiantuntija,+358142000449,+35844100449,riku.leppanen2,SYN-HYVAKS-000022,,,SMTP:riku.leppanen2@example.invalid,,,fi-FI,Aktiivinen,synthetic-development-data
Jyväskylä,Keski-Suomen hyvinvointialue,Tietohallintopalvelut,Repo Elina,elina.repo@example.invalid,SYN-HYVAKS-000450,Osa-aikainen,2023-05-16,Toimipiste,"Hyvinvointialue, Keski-Suomi",Konsernipalvelut,Tietohallinto,Tietohallintopalvelut,Tietohallintopalvelut,"HOITAJANTIE 1, 40620 Jyväskylä","Toimiala=Konsernipalvelut; Vastuualue=Tietohallinto; Palvelualue=Tietohallintopalvelut; Palveluyksikkö=Tietohallintopalvelut; Toimipiste=HOITAJANTIE 1, 40620 Jyväskylä",KESKI-SUOMEN HYVINVOINTIALUE,KESKI-SUOMEN HYVINVOINTIALUE,40620,HOITAJANTIE 1,Keski-Suomi,Suomi,Järjestelmäasiantuntija,+358142000450,+35844100450,elina.repo,SYN-HYVAKS-000015,,,SMTP:elina.repo@example.invalid,,,fi-FI,Aktiivinen,synthetic-development-data
Jyväskylä,Keski-Suomen hyvinvointialue,Projektit ja kehittäminen,Hämäläinen Saara,saara.hamalainen@example.invalid,SYN-HYVAKS-000451,Vakituinen,2007-09-01,Toimipiste,"Hyvinvointialue, Keski-Suomi",Konsernipalvelut,Tietohallinto,Projektit ja kehittäminen,Projektit ja kehittäminen,"HOITAJANTIE 1, 40620 Jyväskylä","Toimiala=Konsernipalvelut; Vastuualue=Tietohallinto; Palvelualue=Projektit ja kehittäminen; Palveluyksikkö=Projektit ja kehittäminen; Toimipiste=HOITAJANTIE 1, 40620 Jyväskylä",KESKI-SUOMEN HYVINVOINTIALUE,KESKI-SUOMEN HYVINVOINTIALUE,40620,HOITAJANTIE 1,Keski-Suomi,Suomi,Projektisuunnittelija,+358142000451,+35845100451,saara.hamalainen,SYN-HYVAKS-000019,,,SMTP:saara.hamalainen@example.invalid,,,fi-FI,Aktiivinen,synthetic-development-data
Äänekoski,Keski-Suomen hyvinvointialue,Teknologiapalvelut,Toivonen Heli,heli.toivonen@example.invalid,SYN-HYVAKS-000452,Vakituinen,2012-02-03,Toimipiste,"Hyvinvointialue, Keski-Suomi",Konsernipalvelut,Tietohallinto,Teknologiapalvelut,Teknologiapalvelut,"KESKUSKATU 14, 44100 Äänekoski","Toimiala=Konsernipalvelut; Vastuualue=Tietohallinto; Palvelualue=Teknologiapalvelut; Palveluyksikkö=Teknologiapalvelut; Toimipiste=KESKUSKATU 14, 44100 Äänekoski",KESKI-SUOMEN HYVINVOINTIALUE,KESKI-SUOMEN HYVINVOINTIALUE,44100,KESKUSKATU 14,Keski-Suomi,Suomi,Konesaliasiantuntija,+358142000452,+35844100452,heli.toivonen,SYN-HYVAKS-000024,,,SMTP:heli.toivonen@example.invalid,,,fi-FI,Aktiivinen,synthetic-development-data
Laukaa,Keski-Suomen hyvinvointialue,Tietohallintopalvelut,Salo Sari,sari.salo@example.invalid,SYN-HYVAKS-000453,Vakituinen,2004-07-25,Toimipiste,"Hyvinvointialue, Keski-Suomi",Konsernipalvelut,Tietohallinto,Tietohallintopalvelut,Tietohallintopalvelut,"TERVEYSTIE 5, 41340 Laukaa","Toimiala=Konsernipalvelut; Vastuualue=Tietohallinto; Palvelualue=Tietohallintopalvelut; Palveluyksikkö=Tietohallintopalvelut; Toimipiste=TERVEYSTIE 5, 41340 Laukaa",KESKI-SUOMEN HYVINVOINTIALUE,KESKI-SUOMEN HYVINVOINTIALUE,41340,TERVEYSTIE 5,Keski-Suomi,Suomi,Järjestelmäasiantuntija,+358142000453,+35840100453,sari.salo,SYN-HYVAKS-000018,,,SMTP:sari.salo@example.invalid,,,fi-FI,Aktiivinen,synthetic-development-data
Jyväskylä,Keski-Suomen hyvinvointialue,Viestintäpalvelut,Nurminen Henna,henna.nurminen@example.invalid,SYN-HYVAKS-000454,Vakituinen,2017-10-31,Toimipiste,"Hyvinvointialue, Keski-Suomi",Konsernipalvelut,Viestintäpalvelut,Viestintäpalvelut,Viestintäpalvelut,"HYVINVOINTIKATU 12, 40100 Jyväskylä","Toimiala=Konsernipalvelut; Vastuualue=Viestintäpalvelut; Palvelualue=Viestintäpalvelut; Palveluyksikkö=Viestintäpalvelut; Toimipiste=HYVINVOINTIKATU 12, 40100 Jyväskylä",KESKI-SUOMEN HYVINVOINTIALUE,KESKI-SUOMEN HYVINVOINTIALUE,40100,HYVINVOINTIKATU 12,Keski-Suomi,Suomi,Graafinen suunnittelija,+358142000454,+35845100454,henna.nurminen,SYN-HYVAKS-000029,,,SMTP:henna.nurminen@example.invalid,,,fi-FI,Aktiivinen,synthetic-development-data
Jämsä,Keski-Suomen hyvinvointialue,Teknologiapalvelut,Nurminen Nina,nina.nurminen@example.invalid,SYN-HYVAKS-000455,Vakituinen,2015-05-11,Toimipiste,"Hyvinvointialue, Keski-Suomi",Konsernipalvelut,Tietohallinto,Teknologiapalvelut,Teknologiapalvelut,"SAIRAALANTIE 8, 42100 Jämsä","Toimiala=Konsernipalvelut; Vastuualue=Tietohallinto; Palvelualue=Teknologiapalvelut; Palveluyksikkö=Teknologiapalvelut; Toimipiste=SAIRAALANTIE 8, 42100 Jämsä",KESKI-SUOMEN HYVINVOINTIALUE,KESKI-SUOMEN HYVINVOINTIALUE,42100,SAIRAALANTIE 8,Keski-Suomi,Suomi,Tietoturva-asiantuntija,+358142000455,+35840100455,nina.nurminen,SYN-HYVAKS-000023,,,SMTP:nina.nurminen@example.invalid,,,fi-FI,Aktiivinen,synthetic-development-data
Jyväskylä,Keski-Suomen hyvinvointialue,Tietohallinto yhteiset,Koskela Lauri,lauri.koskela@example.invalid,SYN-HYVAKS-000456,Vakituinen,2023-05-27,Toimipiste,"Hyvinvointialue, Keski-Suomi",Konsernipalvelut,Tietohallinto,Tietohallinto yhteiset,Tietohallinto yhteiset,"HOITAJANTIE 1, 40620 Jyväskylä","Toimiala=Konsernipalvelut; Vastuualue=Tietohallinto; Palvelualue=Tietohallinto yhteiset; Palveluyksikkö=Tietohallinto yhteiset; Toimipiste=HOITAJANTIE 1, 40620 Jyväskylä",KESKI-SUOMEN HYVINVOINTIALUE,KESKI-SUOMEN HYVINVOINTIALUE,40620,HOITAJANTIE 1,Keski-Suomi,Suomi,Hallinnon asiantuntija,+358142000456,+35850100456,lauri.koskela,SYN-HYVAKS-000013,,,SMTP:lauri.koskela@example.invalid,,,fi-FI,Aktiivinen,synthetic-development-data
Äänekoski,Keski-Suomen hyvinvointialue,Teknologiapalvelut,Sillanpää Markus,markus.sillanpaa@example.invalid,SYN-HYVAKS-000457,Vakituinen,2023-07-02,Toimipiste,"Hyvinvointialue, Keski-Suomi",Konsernipalvelut,Tietohallinto,Teknologiapalvelut,Teknologiapalvelut,"KESKUSKATU 14, 44100 Äänekoski","Toimiala=Konsernipalvelut; Vastuualue=Tietohallinto; Palvelualue=Teknologiapalvelut; Palveluyksikkö=Teknologiapalvelut; Toimipiste=KESKUSKATU 14, 44100 Äänekoski",KESKI-SUOMEN HYVINVOINTIALUE,KESKI-SUOMEN HYVINVOINTIALUE,44100,KESKUSKATU 14,Keski-Suomi,Suomi,Palveluarkkitehti,+358142000457,+35850100457,markus.sillanpaa,SYN-HYVAKS-000024,,,SMTP:markus.sillanpaa@example.invalid,,,en-US,Aktiivinen,synthetic-development-data
Jyväskylä,Keski-Suomen hyvinvointialue,Teknologiapalvelut,Mäkinen Jaana,jaana.makinen@example.invalid,SYN-HYVAKS-000458,Vakituinen,2010-10-01,Toimipiste,"Hyvinvointialue, Keski-Suomi",Konsernipalvelut,Tietohallinto,Teknologiapalvelut,Teknologiapalvelut,"HYVINVOINTIKATU 12, 40100 Jyväskylä","Toimiala=Konsernipalvelut; Vastuualue=Tietohallinto; Palvelualue=Teknologiapalvelut; Palveluyksikkö=Teknologiapalvelut; Toimipiste=HYVINVOINTIKATU 12, 40100 Jyväskylä",KESKI-SUOMEN HYVINVOINTIALUE,KESKI-SUOMEN HYVINVOINTIALUE,40100,HYVINVOINTIKATU 12,Keski-Suomi,Suomi,Konesaliasiantuntija,+358142000458,+35850100458,jaana.makinen,SYN-HYVAKS-000022,,,SMTP:jaana.makinen@example.invalid,,,fi-FI,Aktiivinen,synthetic-development-data
Äänekoski,Keski-Suomen hyvinvointialue,Teknologiapalvelut,Manninen Jere,jere.manninen2@example.invalid,SYN-HYVAKS-000459,Vakituinen,2004-05-11,Toimipiste,"Hyvinvointialue, Keski-Suomi",Konsernipalvelut,Tietohallinto,Teknologiapalvelut,Teknologiapalvelut,"KESKUSKATU 14, 44100 Äänekoski","Toimiala=Konsernipalvelut; Vastuualue=Tietohallinto; Palvelualue=Teknologiapalvelut; Palveluyksikkö=Teknologiapalvelut; Toimipiste=KESKUSKATU 14, 44100 Äänekoski",KESKI-SUOMEN HYVINVOINTIALUE,KESKI-SUOMEN HYVINVOINTIALUE,44100,KESKUSKATU 14,Keski-Suomi,Suomi,Konesaliasiantuntija,+358142000459,+35845100459,jere.manninen2,SYN-HYVAKS-000024,,,SMTP:jere.manninen2@example.invalid,,,fi-FI,Aktiivinen,synthetic-development-data
Jämsä,Keski-Suomen hyvinvointialue,Teknologiapalvelut,Kinnunen Leena,leena.kinnunen@example.invalid,SYN-HYVAKS-000460,Määräaikainen,2002-08-18,Toimipiste,"Hyvinvointialue, Keski-Suomi",Konsernipalvelut,Tietohallinto,Teknologiapalvelut,Teknologiapalvelut,"SAIRAALANTIE 8, 42100 Jämsä","Toimiala=Konsernipalvelut; Vastuualue=Tietohallinto; Palvelualue=Teknologiapalvelut; Palveluyksikkö=Teknologiapalvelut; Toimipiste=SAIRAALANTIE 8, 42100 Jämsä",KESKI-SUOMEN HYVINVOINTIALUE,KESKI-SUOMEN HYVINVOINTIALUE,42100,SAIRAALANTIE 8,Keski-Suomi,Suomi,Konesaliasiantuntija,+358142000460,+35850100460,leena.kinnunen,SYN-HYVAKS-000023,,,SMTP:leena.kinnunen@example.invalid,,,fi-FI,Aktiivinen,synthetic-development-data
Jämsä,Keski-Suomen hyvinvointialue,Teknologiapalvelut,Nykänen Outi,outi.nykanen@example.invalid,SYN-HYVAKS-000461,Vakituinen,2022-05-24,Toimipiste,"Hyvinvointialue, Keski-Suomi",Konsernipalvelut,Tietohallinto,Teknologiapalvelut,Teknologiapalvelut,"SAIRAALANTIE 8, 42100 Jämsä","Toimiala=Konsernipalvelut; Vastuualue=Tietohallinto; Palvelualue=Teknologiapalvelut; Palveluyksikkö=Teknologiapalvelut; Toimipiste=SAIRAALANTIE 8, 42100 Jämsä",KESKI-SUOMEN HYVINVOINTIALUE,KESKI-SUOMEN HYVINVOINTIALUE,42100,SAIRAALANTIE 8,Keski-Suomi,Suomi,Teknologia-asiantuntija,+358142000461,+35845100461,outi.nykanen,SYN-HYVAKS-000023,,,SMTP:outi.nykanen@example.invalid,,,fi-FI,Aktiivinen,synthetic-development-data
Laukaa,Keski-Suomen hyvinvointialue,Tietohallintopalvelut,Niemi Tiina,tiina.niemi@example.invalid,SYN-HYVAKS-000462,Määräaikainen,2002-10-20,Toimipiste,"Hyvinvointialue, Keski-Suomi",Konsernipalvelut,Tietohallinto,Tietohallintopalvelut,Tietohallintopalvelut,"TERVEYSTIE 5, 41340 Laukaa","Toimiala=Konsernipalvelut; Vastuualue=Tietohallinto; Palvelualue=Tietohallintopalvelut; Palveluyksikkö=Tietohallintopalvelut; Toimipiste=TERVEYSTIE 5, 41340 Laukaa",KESKI-SUOMEN HYVINVOINTIALUE,KESKI-SUOMEN HYVINVOINTIALUE,41340,TERVEYSTIE 5,Keski-Suomi,Suomi,Tietohallinnon asiantuntija,+358142000462,+35844100462,tiina.niemi,SYN-HYVAKS-000018,,,SMTP:tiina.niemi@example.invalid,,,fi-FI,Aktiivinen,synthetic-development-data
Karstula,Keski-Suomen hyvinvointialue,Tilapalveluiden johtaminen,Lindholm Timo,timo.lindholm@example.invalid,SYN-HYVAKS-000463,Vakituinen,2009-04-28,Toimipiste,"Hyvinvointialue, Keski-Suomi",Konsernipalvelut,Tilapalvelut,Tilapalveluiden johtaminen,Tilapalveluiden johtaminen,"HYVINVOINTITIE 6, 43500 Karstula","Toimiala=Konsernipalvelut; Vastuualue=Tilapalvelut; Palvelualue=Tilapalveluiden johtaminen; Palveluyksikkö=Tilapalveluiden johtaminen; Toimipiste=HYVINVOINTITIE 6, 43500 Karstula",KESKI-SUOMEN HYVINVOINTIALUE,KESKI-SUOMEN HYVINVOINTIALUE,43500,HYVINVOINTITIE 6,Keski-Suomi,Suomi,Huoltoinsinööri,+358142000463,+35845100463,timo.lindholm,SYN-HYVAKS-000035,,,SMTP:timo.lindholm@example.invalid,,,fi-FI,Aktiivinen,synthetic-development-data
Jyväskylä,Keski-Suomen hyvinvointialue,Palveluprosessien digitalisaatio,Hakala Sami,sami.hakala@example.invalid,SYN-HYVAKS-000464,Vakituinen,2020-03-20,Toimipiste,"Hyvinvointialue, Keski-Suomi",Konsernipalvelut,Tietohallinto,Palveluprosessien digitalisaatio,Palveluprosessien digitalisaatio,"HOITAJANTIE 1, 40620 Jyväskylä","Toimiala=Konsernipalvelut; Vastuualue=Tietohallinto; Palvelualue=Palveluprosessien digitalisaatio; Palveluyksikkö=Palveluprosessien digitalisaatio; Toimipiste=HOITAJANTIE 1, 40620 Jyväskylä",KESKI-SUOMEN HYVINVOINTIALUE,KESKI-SUOMEN HYVINVOINTIALUE,40620,HOITAJANTIE 1,Keski-Suomi,Suomi,Prosessikehittäjä,+358142000464,+35840100464,sami.hakala,SYN-HYVAKS-000025,,,SMTP:sami.hakala@example.invalid,,,fi-FI,Aktiivinen,synthetic-development-data
Jyväskylä,Keski-Suomen hyvinvointialue,Palveluprosessien digitalisaatio,Suomalainen Heikki,heikki.suomalainen@example.invalid,SYN-HYVAKS-000465,Määräaikainen,2003-01-10,Toimipiste,"Hyvinvointialue, Keski-Suomi",Konsernipalvelut,Tietohallinto,Palveluprosessien digitalisaatio,Palveluprosessien digitalisaatio,"HYVINVOINTIKATU 12, 40100 Jyväskylä","Toimiala=Konsernipalvelut; Vastuualue=Tietohallinto; Palvelualue=Palveluprosessien digitalisaatio; Palveluyksikkö=Palveluprosessien digitalisaatio; Toimipiste=HYVINVOINTIKATU 12, 40100 Jyväskylä",KESKI-SUOMEN HYVINVOINTIALUE,KESKI-SUOMEN HYVINVOINTIALUE,40100,HYVINVOINTIKATU 12,Keski-Suomi,Suomi,Prosessikehittäjä,+358142000465,+35840100465,heikki.suomalainen,SYN-HYVAKS-000026,,,SMTP:heikki.suomalainen@example.invalid,,,fi-FI,Aktiivinen,synthetic-development-data
Äänekoski,Keski-Suomen hyvinvointialue,Tietohallintopalvelut,Suomalainen Kimmo,kimmo.suomalainen@example.invalid,SYN-HYVAKS-000466,Vakituinen,2005-04-19,Toimipiste,"Hyvinvointialue, Keski-Suomi",Konsernipalvelut,Tietohallinto,Tietohallintopalvelut,Tietohallintopalvelut,"KESKUSKATU 14, 44100 Äänekoski","Toimiala=Konsernipalvelut; Vastuualue=Tietohallinto; Palvelualue=Tietohallintopalvelut; Palveluyksikkö=Tietohallintopalvelut; Toimipiste=KESKUSKATU 14, 44100 Äänekoski",KESKI-SUOMEN HYVINVOINTIALUE,KESKI-SUOMEN HYVINVOINTIALUE,44100,KESKUSKATU 14,Keski-Suomi,Suomi,Järjestelmäasiantuntija,+358142000466,+35845100466,kimmo.suomalainen,SYN-HYVAKS-000017,,,SMTP:kimmo.suomalainen@example.invalid,,,fi-FI,Aktiivinen,synthetic-development-data
Jyväskylä,Keski-Suomen hyvinvointialue,Teknologiapalvelut,Miettinen Aino,aino.miettinen@example.invalid,SYN-HYVAKS-000467,Sijainen,2008-02-21,Toimipiste,"Hyvinvointialue, Keski-Suomi",Konsernipalvelut,Tietohallinto,Teknologiapalvelut,Teknologiapalvelut,"HOITAJANTIE 1, 40620 Jyväskylä","Toimiala=Konsernipalvelut; Vastuualue=Tietohallinto; Palvelualue=Teknologiapalvelut; Palveluyksikkö=Teknologiapalvelut; Toimipiste=HOITAJANTIE 1, 40620 Jyväskylä",KESKI-SUOMEN HYVINVOINTIALUE,KESKI-SUOMEN HYVINVOINTIALUE,40620,HOITAJANTIE 1,Keski-Suomi,Suomi,Järjestelmäasiantuntija,+358142000467,+35844100467,aino.miettinen,SYN-HYVAKS-000021,,,SMTP:aino.miettinen@example.invalid,,,fi-FI,Aktiivinen,synthetic-development-data
Jyväskylä,Keski-Suomen hyvinvointialue,Tietohallintopalvelut,Ojala Teemu,teemu.ojala@example.invalid,SYN-HYVAKS-000468,Vakituinen,1998-01-11,Toimipiste,"Hyvinvointialue, Keski-Suomi",Konsernipalvelut,Tietohallinto,Tietohallintopalvelut,Tietohallintopalvelut,"HOITAJANTIE 1, 40620 Jyväskylä","Toimiala=Konsernipalvelut; Vastuualue=Tietohallinto; Palvelualue=Tietohallintopalvelut; Palveluyksikkö=Tietohallintopalvelut; Toimipiste=HOITAJANTIE 1, 40620 Jyväskylä",KESKI-SUOMEN HYVINVOINTIALUE,KESKI-SUOMEN HYVINVOINTIALUE,40620,HOITAJANTIE 1,Keski-Suomi,Suomi,Laitetukiasiantuntija,+358142000468,+35850100468,teemu.ojala,SYN-HYVAKS-000015,,,SMTP:teemu.ojala@example.invalid,,,fi-FI,Aktiivinen,synthetic-development-data
Äänekoski,Keski-Suomen hyvinvointialue,Tilapalveluiden johtaminen,Uusitalo Riikka,riikka.uusitalo2@example.invalid,SYN-HYVAKS-000469,Vakituinen,1999-07-16,Toimipiste,"Hyvinvointialue, Keski-Suomi",Konsernipalvelut,Tilapalvelut,Tilapalveluiden johtaminen,Tilapalveluiden johtaminen,"KESKUSKATU 14, 44100 Äänekoski","Toimiala=Konsernipalvelut; Vastuualue=Tilapalvelut; Palvelualue=Tilapalveluiden johtaminen; Palveluyksikkö=Tilapalveluiden johtaminen; Toimipiste=KESKUSKATU 14, 44100 Äänekoski",KESKI-SUOMEN HYVINVOINTIALUE,KESKI-SUOMEN HYVINVOINTIALUE,44100,KESKUSKATU 14,Keski-Suomi,Suomi,Kiinteistöasiantuntija,+358142000469,+35840100469,riikka.uusitalo2,SYN-HYVAKS-000033,,,SMTP:riikka.uusitalo2@example.invalid,,,fi-FI,Aktiivinen,synthetic-development-data
Laukaa,Keski-Suomen hyvinvointialue,Tietohallintopalvelut,Kallio Janne,janne.kallio2@example.invalid,SYN-HYVAKS-000470,Vakituinen,2023-11-10,Toimipiste,"Hyvinvointialue, Keski-Suomi",Konsernipalvelut,Tietohallinto,Tietohallintopalvelut,Tietohallintopalvelut,"TERVEYSTIE 5, 41340 Laukaa","Toimiala=Konsernipalvelut; Vastuualue=Tietohallinto; Palvelualue=Tietohallintopalvelut; Palveluyksikkö=Tietohallintopalvelut; Toimipiste=TERVEYSTIE 5, 41340 Laukaa",KESKI-SUOMEN HYVINVOINTIALUE,KESKI-SUOMEN HYVINVOINTIALUE,41340,TERVEYSTIE 5,Keski-Suomi,Suomi,Laitetukiasiantuntija,+358142000470,+35840100470,janne.kallio2,SYN-HYVAKS-000018,,,SMTP:janne.kallio2@example.invalid,,,fi-FI,Aktiivinen,synthetic-development-data
Jyväskylä,Keski-Suomen hyvinvointialue,Teknologiapalvelut,Ojala Pekka,pekka.ojala2@example.invalid,SYN-HYVAKS-000471,Vakituinen,2021-12-17,Toimipiste,"Hyvinvointialue, Keski-Suomi",Konsernipalvelut,Tietohallinto,Teknologiapalvelut,Teknologiapalvelut,"HYVINVOINTIKATU 12, 40100 Jyväskylä","Toimiala=Konsernipalvelut; Vastuualue=Tietohallinto; Palvelualue=Teknologiapalvelut; Palveluyksikkö=Teknologiapalvelut; Toimipiste=HYVINVOINTIKATU 12, 40100 Jyväskylä",KESKI-SUOMEN HYVINVOINTIALUE,KESKI-SUOMEN HYVINVOINTIALUE,40100,HYVINVOINTIKATU 12,Keski-Suomi,Suomi,Konesaliasiantuntija,+358142000471,+35845100471,pekka.ojala2,SYN-HYVAKS-000022,,,SMTP:pekka.ojala2@example.invalid,,,fi-FI,Aktiivinen,synthetic-development-data
Äänekoski,Keski-Suomen hyvinvointialue,Tilapalveluiden johtaminen,Kolehmainen Tuula,tuula.kolehmainen@example.invalid,SYN-HYVAKS-000472,Vakituinen,2002-12-08,Toimipiste,"Hyvinvointialue, Keski-Suomi",Konsernipalvelut,Tilapalvelut,Tilapalveluiden johtaminen,Tilapalveluiden johtaminen,"KESKUSKATU 14, 44100 Äänekoski","Toimiala=Konsernipalvelut; Vastuualue=Tilapalvelut; Palvelualue=Tilapalveluiden johtaminen; Palveluyksikkö=Tilapalveluiden johtaminen; Toimipiste=KESKUSKATU 14, 44100 Äänekoski",KESKI-SUOMEN HYVINVOINTIALUE,KESKI-SUOMEN HYVINVOINTIALUE,44100,KESKUSKATU 14,Keski-Suomi,Suomi,Huoltoinsinööri,+358142000472,+35844100472,tuula.kolehmainen,SYN-HYVAKS-000033,,,SMTP:tuula.kolehmainen@example.invalid,,,fi-FI,Aktiivinen,synthetic-development-data
Jyväskylä,Keski-Suomen hyvinvointialue,Teknologiapalvelut,Uusitalo Viivi,viivi.uusitalo2@example.invalid,SYN-HYVAKS-000473,Vakituinen,2020-11-29,Toimipiste,"Hyvinvointialue, Keski-Suomi",Konsernipalvelut,Tietohallinto,Teknologiapalvelut,Teknologiapalvelut,"HYVINVOINTIKATU 12, 40100 Jyväskylä","Toimiala=Konsernipalvelut; Vastuualue=Tietohallinto; Palvelualue=Teknologiapalvelut; Palveluyksikkö=Teknologiapalvelut; Toimipiste=HYVINVOINTIKATU 12, 40100 Jyväskylä",KESKI-SUOMEN HYVINVOINTIALUE,KESKI-SUOMEN HYVINVOINTIALUE,40100,HYVINVOINTIKATU 12,Keski-Suomi,Suomi,Palveluarkkitehti,+358142000473,+35850100473,viivi.uusitalo2,SYN-HYVAKS-000022,,,SMTP:viivi.uusitalo2@example.invalid,,,fi-FI,Aktiivinen,synthetic-development-data
Jyväskylä,Keski-Suomen hyvinvointialue,Viestintäpalvelut,Nykänen Kimmo,kimmo.nykanen@example.invalid,SYN-HYVAKS-000474,Vakituinen,2004-12-29,Toimipiste,"Hyvinvointialue, Keski-Suomi",Konsernipalvelut,Viestintäpalvelut,Viestintäpalvelut,Viestintäpalvelut,"HOITAJANTIE 1, 40620 Jyväskylä","Toimiala=Konsernipalvelut; Vastuualue=Viestintäpalvelut; Palvelualue=Viestintäpalvelut; Palveluyksikkö=Viestintäpalvelut; Toimipiste=HOITAJANTIE 1, 40620 Jyväskylä",KESKI-SUOMEN HYVINVOINTIALUE,KESKI-SUOMEN HYVINVOINTIALUE,40620,HOITAJANTIE 1,Keski-Suomi,Suomi,Sisällöntuottaja,+358142000474,+35840100474,kimmo.nykanen,SYN-HYVAKS-000028,,,SMTP:kimmo.nykanen@example.invalid,,,fi-FI,Aktiivinen,synthetic-development-data
Äänekoski,Keski-Suomen hyvinvointialue,Tietohallintopalvelut,Vuorinen Lauri,lauri.vuorinen@example.invalid,SYN-HYVAKS-000475,Osa-aikainen,2021-10-03,Toimipiste,"Hyvinvointialue, Keski-Suomi",Konsernipalvelut,Tietohallinto,Tietohallintopalvelut,Tietohallintopalvelut,"KESKUSKATU 14, 44100 Äänekoski","Toimiala=Konsernipalvelut; Vastuualue=Tietohallinto; Palvelualue=Tietohallintopalvelut; Palveluyksikkö=Tietohallintopalvelut; Toimipiste=KESKUSKATU 14, 44100 Äänekoski",KESKI-SUOMEN HYVINVOINTIALUE,KESKI-SUOMEN HYVINVOINTIALUE,44100,KESKUSKATU 14,Keski-Suomi,Suomi,Järjestelmäasiantuntija,+358142000475,+35840100475,lauri.vuorinen,SYN-HYVAKS-000017,,,SMTP:lauri.vuorinen@example.invalid,,,fi-FI,Aktiivinen,synthetic-development-data
Jyväskylä,Keski-Suomen hyvinvointialue,Teknologiapalvelut,Ahonen Riku,riku.ahonen@example.invalid,SYN-HYVAKS-000476,Osa-aikainen,2014-02-15,Toimipiste,"Hyvinvointialue, Keski-Suomi",Konsernipalvelut,Tietohallinto,Teknologiapalvelut,Teknologiapalvelut,"HYVINVOINTIKATU 12, 40100 Jyväskylä","Toimiala=Konsernipalvelut; Vastuualue=Tietohallinto; Palvelualue=Teknologiapalvelut; Palveluyksikkö=Teknologiapalvelut; Toimipiste=HYVINVOINTIKATU 12, 40100 Jyväskylä",KESKI-SUOMEN HYVINVOINTIALUE,KESKI-SUOMEN HYVINVOINTIALUE,40100,HYVINVOINTIKATU 12,Keski-Suomi,Suomi,Konesaliasiantuntija,+358142000476,+35850100476,riku.ahonen,SYN-HYVAKS-000022,,,SMTP:riku.ahonen@example.invalid,,,fi-FI,Aktiivinen,synthetic-development-data
Viitasaari,Keski-Suomen hyvinvointialue,Tilapalveluiden johtaminen,Leppänen Olli,olli.leppanen@example.invalid,SYN-HYVAKS-000477,Määräaikainen,2015-09-10,Toimipiste,"Hyvinvointialue, Keski-Suomi",Konsernipalvelut,Tilapalvelut,Tilapalveluiden johtaminen,Tilapalveluiden johtaminen,"TERVEYSKESKUKSENTIE 2, 44500 Viitasaari","Toimiala=Konsernipalvelut; Vastuualue=Tilapalvelut; Palvelualue=Tilapalveluiden johtaminen; Palveluyksikkö=Tilapalveluiden johtaminen; Toimipiste=TERVEYSKESKUKSENTIE 2, 44500 Viitasaari",KESKI-SUOMEN HYVINVOINTIALUE,KESKI-SUOMEN HYVINVOINTIALUE,44500,TERVEYSKESKUKSENTIE 2,Keski-Suomi,Suomi,Kiinteistöasiantuntija,+358142000477,+35845100477,olli.leppanen,SYN-HYVAKS-000036,,,SMTP:olli.leppanen@example.invalid,,,fi-FI,Aktiivinen,synthetic-development-data
Jyväskylä,Keski-Suomen hyvinvointialue,Teknologiapalvelut,Vainio Riikka,riikka.vainio@example.invalid,SYN-HYVAKS-000478,Vakituinen,2025-07-01,Toimipiste,"Hyvinvointialue, Keski-Suomi",Konsernipalvelut,Tietohallinto,Teknologiapalvelut,Teknologiapalvelut,"HYVINVOINTIKATU 12, 40100 Jyväskylä","Toimiala=Konsernipalvelut; Vastuualue=Tietohallinto; Palvelualue=Teknologiapalvelut; Palveluyksikkö=Teknologiapalvelut; Toimipiste=HYVINVOINTIKATU 12, 40100 Jyväskylä",KESKI-SUOMEN HYVINVOINTIALUE,KESKI-SUOMEN HYVINVOINTIALUE,40100,HYVINVOINTIKATU 12,Keski-Suomi,Suomi,Verkkoasiantuntija,+358142000478,+35850100478,riikka.vainio,SYN-HYVAKS-000022,,,SMTP:riikka.vainio@example.invalid,,,fi-FI,Aktiivinen,synthetic-development-data
Jyväskylä,Keski-Suomen hyvinvointialue,Teknologiapalvelut,Räsänen Janne,janne.rasanen@example.invalid,SYN-HYVAKS-000479,Vakituinen,2022-06-18,Toimipiste,"Hyvinvointialue, Keski-Suomi",Konsernipalvelut,Tietohallinto,Teknologiapalvelut,Teknologiapalvelut,"HOITAJANTIE 1, 40620 Jyväskylä","Toimiala=Konsernipalvelut; Vastuualue=Tietohallinto; Palvelualue=Teknologiapalvelut; Palveluyksikkö=Teknologiapalvelut; Toimipiste=HOITAJANTIE 1, 40620 Jyväskylä",KESKI-SUOMEN HYVINVOINTIALUE,KESKI-SUOMEN HYVINVOINTIALUE,40620,HOITAJANTIE 1,Keski-Suomi,Suomi,Verkkoasiantuntija,+358142000479,+35840100479,janne.rasanen,SYN-HYVAKS-000021,,,SMTP:janne.rasanen@example.invalid,,,fi-FI,Aktiivinen,synthetic-development-data
Karstula,Keski-Suomen hyvinvointialue,Tilapalveluiden johtaminen,Leppänen Marika,marika.leppanen@example.invalid,SYN-HYVAKS-000480,Vakituinen,2003-04-26,Toimipiste,"Hyvinvointialue, Keski-Suomi",Konsernipalvelut,Tilapalvelut,Tilapalveluiden johtaminen,Tilapalveluiden johtaminen,"HYVINVOINTITIE 6, 43500 Karstula","Toimiala=Konsernipalvelut; Vastuualue=Tilapalvelut; Palvelualue=Tilapalveluiden johtaminen; Palveluyksikkö=Tilapalveluiden johtaminen; Toimipiste=HYVINVOINTITIE 6, 43500 Karstula",KESKI-SUOMEN HYVINVOINTIALUE,KESKI-SUOMEN HYVINVOINTIALUE,43500,HYVINVOINTITIE 6,Keski-Suomi,Suomi,Huoltoinsinööri,+358142000480,+35850100480,marika.leppanen,SYN-HYVAKS-000035,,,SMTP:marika.leppanen@example.invalid,,,fi-FI,Aktiivinen,synthetic-development-data
Jyväskylä,Keski-Suomen hyvinvointialue,Projektit ja kehittäminen,Toivonen Liisa,liisa.toivonen@example.invalid,SYN-HYVAKS-000481,Osa-aikainen,2018-11-23,Toimipiste,"Hyvinvointialue, Keski-Suomi",Konsernipalvelut,Tietohallinto,Projektit ja kehittäminen,Projektit ja kehittäminen,"HOITAJANTIE 1, 40620 Jyväskylä","Toimiala=Konsernipalvelut; Vastuualue=Tietohallinto; Palvelualue=Projektit ja kehittäminen; Palveluyksikkö=Projektit ja kehittäminen; Toimipiste=HOITAJANTIE 1, 40620 Jyväskylä",KESKI-SUOMEN HYVINVOINTIALUE,KESKI-SUOMEN HYVINVOINTIALUE,40620,HOITAJANTIE 1,Keski-Suomi,Suomi,Tuoteomistaja,+358142000481,+35840100481,liisa.toivonen,SYN-HYVAKS-000019,,,SMTP:liisa.toivonen@example.invalid,,,fi-FI,Aktiivinen,synthetic-development-data
Jyväskylä,Keski-Suomen hyvinvointialue,Palveluprosessien digitalisaatio,Ahonen Jere,jere.ahonen@example.invalid,SYN-HYVAKS-000482,Vakituinen,2015-04-03,Toimipiste,"Hyvinvointialue, Keski-Suomi",Konsernipalvelut,Tietohallinto,Palveluprosessien digitalisaatio,Palveluprosessien digitalisaatio,"HOITAJANTIE 1, 40620 Jyväskylä","Toimiala=Konsernipalvelut; Vastuualue=Tietohallinto; Palvelualue=Palveluprosessien digitalisaatio; Palveluyksikkö=Palveluprosessien digitalisaatio; Toimipiste=HOITAJANTIE 1, 40620 Jyväskylä",KESKI-SUOMEN HYVINVOINTIALUE,KESKI-SUOMEN HYVINVOINTIALUE,40620,HOITAJANTIE 1,Keski-Suomi,Suomi,Tietoasiantuntija,+358142000482,+35850100482,jere.ahonen,SYN-HYVAKS-000025,,,SMTP:jere.ahonen@example.invalid,,,fi-FI,Aktiivinen,synthetic-development-data
Jämsä,Keski-Suomen hyvinvointialue,Viestintäpalvelut,Sipilä Riku,riku.sipila@example.invalid,SYN-HYVAKS-000483,Vakituinen,2008-04-26,Toimipiste,"Hyvinvointialue, Keski-Suomi",Konsernipalvelut,Viestintäpalvelut,Viestintäpalvelut,Viestintäpalvelut,"SAIRAALANTIE 8, 42100 Jämsä","Toimiala=Konsernipalvelut; Vastuualue=Viestintäpalvelut; Palvelualue=Viestintäpalvelut; Palveluyksikkö=Viestintäpalvelut; Toimipiste=SAIRAALANTIE 8, 42100 Jämsä",KESKI-SUOMEN HYVINVOINTIALUE,KESKI-SUOMEN HYVINVOINTIALUE,42100,SAIRAALANTIE 8,Keski-Suomi,Suomi,Graafinen suunnittelija,+358142000483,+35850100483,riku.sipila,SYN-HYVAKS-000030,,,SMTP:riku.sipila@example.invalid,,,fi-FI,Aktiivinen,synthetic-development-data
Äänekoski,Keski-Suomen hyvinvointialue,Teknologiapalvelut,Törmänen Emilia,emilia.tormanen@example.invalid,SYN-HYVAKS-000484,Määräaikainen,2005-03-24,Toimipiste,"Hyvinvointialue, Keski-Suomi",Konsernipalvelut,Tietohallinto,Teknologiapalvelut,Teknologiapalvelut,"KESKUSKATU 14, 44100 Äänekoski","Toimiala=Konsernipalvelut; Vastuualue=Tietohallinto; Palvelualue=Teknologiapalvelut; Palveluyksikkö=Teknologiapalvelut; Toimipiste=KESKUSKATU 14, 44100 Äänekoski",KESKI-SUOMEN HYVINVOINTIALUE,KESKI-SUOMEN HYVINVOINTIALUE,44100,KESKUSKATU 14,Keski-Suomi,Suomi,Järjestelmäasiantuntija,+358142000484,+35845100484,emilia.tormanen,SYN-HYVAKS-000024,,,SMTP:emilia.tormanen@example.invalid,,,fi-FI,Aktiivinen,synthetic-development-data
Jyväskylä,Keski-Suomen hyvinvointialue,Tietohallintopalvelut,Roiha Paula,paula.roiha@example.invalid,SYN-HYVAKS-000485,Sijainen,2025-06-08,Toimipiste,"Hyvinvointialue, Keski-Suomi",Konsernipalvelut,Tietohallinto,Tietohallintopalvelut,Tietohallintopalvelut,"HOITAJANTIE 1, 40620 Jyväskylä","Toimiala=Konsernipalvelut; Vastuualue=Tietohallinto; Palvelualue=Tietohallintopalvelut; Palveluyksikkö=Tietohallintopalvelut; Toimipiste=HOITAJANTIE 1, 40620 Jyväskylä",KESKI-SUOMEN HYVINVOINTIALUE,KESKI-SUOMEN HYVINVOINTIALUE,40620,HOITAJANTIE 1,Keski-Suomi,Suomi,Käyttäjätukiasiantuntija,+358142000485,+35840100485,paula.roiha,SYN-HYVAKS-000015,,,SMTP:paula.roiha@example.invalid,,,fi-FI,Aktiivinen,synthetic-development-data
Jämsä,Keski-Suomen hyvinvointialue,Teknologiapalvelut,Rinne Tuula,tuula.rinne@example.invalid,SYN-HYVAKS-000486,Vakituinen,2002-11-01,Toimipiste,"Hyvinvointialue, Keski-Suomi",Konsernipalvelut,Tietohallinto,Teknologiapalvelut,Teknologiapalvelut,"SAIRAALANTIE 8, 42100 Jämsä","Toimiala=Konsernipalvelut; Vastuualue=Tietohallinto; Palvelualue=Teknologiapalvelut; Palveluyksikkö=Teknologiapalvelut; Toimipiste=SAIRAALANTIE 8, 42100 Jämsä",KESKI-SUOMEN HYVINVOINTIALUE,KESKI-SUOMEN HYVINVOINTIALUE,42100,SAIRAALANTIE 8,Keski-Suomi,Suomi,Järjestelmäasiantuntija,+358142000486,+35840100486,tuula.rinne,SYN-HYVAKS-000023,,,SMTP:tuula.rinne@example.invalid,,,fi-FI,Aktiivinen,synthetic-development-data
Äänekoski,Keski-Suomen hyvinvointialue,Tietohallintopalvelut,Manninen Johanna,johanna.manninen@example.invalid,SYN-HYVAKS-000487,Vakituinen,2026-08-17,Toimipiste,"Hyvinvointialue, Keski-Suomi",Konsernipalvelut,Tietohallinto,Tietohallintopalvelut,Tietohallintopalvelut,"KESKUSKATU 14, 44100 Äänekoski","Toimiala=Konsernipalvelut; Vastuualue=Tietohallinto; Palvelualue=Tietohallintopalvelut; Palveluyksikkö=Tietohallintopalvelut; Toimipiste=KESKUSKATU 14, 44100 Äänekoski",KESKI-SUOMEN HYVINVOINTIALUE,KESKI-SUOMEN HYVINVOINTIALUE,44100,KESKUSKATU 14,Keski-Suomi,Suomi,Käyttäjätukiasiantuntija,+358142000487,+35850100487,johanna.manninen,SYN-HYVAKS-000017,,,SMTP:johanna.manninen@example.invalid,,,en-US,Aktiivinen,synthetic-development-data
Jyväskylä,Keski-Suomen hyvinvointialue,Teknologiapalvelut,Lehtinen Vesa,vesa.lehtinen@example.invalid,SYN-HYVAKS-000488,Vakituinen,2022-05-10,Toimipiste,"Hyvinvointialue, Keski-Suomi",Konsernipalvelut,Tietohallinto,Teknologiapalvelut,Teknologiapalvelut,"HYVINVOINTIKATU 12, 40100 Jyväskylä","Toimiala=Konsernipalvelut; Vastuualue=Tietohallinto; Palvelualue=Teknologiapalvelut; Palveluyksikkö=Teknologiapalvelut; Toimipiste=HYVINVOINTIKATU 12, 40100 Jyväskylä",KESKI-SUOMEN HYVINVOINTIALUE,KESKI-SUOMEN HYVINVOINTIALUE,40100,HYVINVOINTIKATU 12,Keski-Suomi,Suomi,Teknologia-asiantuntija,+358142000488,+35840100488,vesa.lehtinen,SYN-HYVAKS-000022,,,SMTP:vesa.lehtinen@example.invalid,,,fi-FI,Aktiivinen,synthetic-development-data
Laukaa,Keski-Suomen hyvinvointialue,Tietohallintopalvelut,Kolehmainen Viivi,viivi.kolehmainen@example.invalid,SYN-HYVAKS-000489,Vakituinen,2019-07-17,Toimipiste,"Hyvinvointialue, Keski-Suomi",Konsernipalvelut,Tietohallinto,Tietohallintopalvelut,Tietohallintopalvelut,"TERVEYSTIE 5, 41340 Laukaa","Toimiala=Konsernipalvelut; Vastuualue=Tietohallinto; Palvelualue=Tietohallintopalvelut; Palveluyksikkö=Tietohallintopalvelut; Toimipiste=TERVEYSTIE 5, 41340 Laukaa",KESKI-SUOMEN HYVINVOINTIALUE,KESKI-SUOMEN HYVINVOINTIALUE,41340,TERVEYSTIE 5,Keski-Suomi,Suomi,Laitetukiasiantuntija,+358142000489,+35844100489,viivi.kolehmainen,SYN-HYVAKS-000018,,,SMTP:viivi.kolehmainen@example.invalid,,,fi-FI,Aktiivinen,synthetic-development-data
Jämsä,Keski-Suomen hyvinvointialue,Viestintäpalvelut,Sipilä Paula,paula.sipila@example.invalid,SYN-HYVAKS-000490,Vakituinen,2020-01-22,Toimipiste,"Hyvinvointialue, Keski-Suomi",Konsernipalvelut,Viestintäpalvelut,Viestintäpalvelut,Viestintäpalvelut,"SAIRAALANTIE 8, 42100 Jämsä","Toimiala=Konsernipalvelut; Vastuualue=Viestintäpalvelut; Palvelualue=Viestintäpalvelut; Palveluyksikkö=Viestintäpalvelut; Toimipiste=SAIRAALANTIE 8, 42100 Jämsä",KESKI-SUOMEN HYVINVOINTIALUE,KESKI-SUOMEN HYVINVOINTIALUE,42100,SAIRAALANTIE 8,Keski-Suomi,Suomi,Viestintäasiantuntija,+358142000490,+35840100490,paula.sipila,SYN-HYVAKS-000030,,,SMTP:paula.sipila@example.invalid,,,fi-FI,Aktiivinen,synthetic-development-data
Laukaa,Keski-Suomen hyvinvointialue,Tietohallintopalvelut,Kallio Sanna,sanna.kallio@example.invalid,SYN-HYVAKS-000491,Määräaikainen,2025-09-19,Toimipiste,"Hyvinvointialue, Keski-Suomi",Konsernipalvelut,Tietohallinto,Tietohallintopalvelut,Tietohallintopalvelut,"TERVEYSTIE 5, 41340 Laukaa","Toimiala=Konsernipalvelut; Vastuualue=Tietohallinto; Palvelualue=Tietohallintopalvelut; Palveluyksikkö=Tietohallintopalvelut; Toimipiste=TERVEYSTIE 5, 41340 Laukaa",KESKI-SUOMEN HYVINVOINTIALUE,KESKI-SUOMEN HYVINVOINTIALUE,41340,TERVEYSTIE 5,Keski-Suomi,Suomi,Laitetukiasiantuntija,+358142000491,+35840100491,sanna.kallio,SYN-HYVAKS-000018,,,SMTP:sanna.kallio@example.invalid,,,fi-FI,Aktiivinen,synthetic-development-data
Jämsä,Keski-Suomen hyvinvointialue,Viestintäpalvelut,Vainio Matti,matti.vainio@example.invalid,SYN-HYVAKS-000492,Vakituinen,2000-09-07,Toimipiste,"Hyvinvointialue, Keski-Suomi",Konsernipalvelut,Viestintäpalvelut,Viestintäpalvelut,Viestintäpalvelut,"SAIRAALANTIE 8, 42100 Jämsä","Toimiala=Konsernipalvelut; Vastuualue=Viestintäpalvelut; Palvelualue=Viestintäpalvelut; Palveluyksikkö=Viestintäpalvelut; Toimipiste=SAIRAALANTIE 8, 42100 Jämsä",KESKI-SUOMEN HYVINVOINTIALUE,KESKI-SUOMEN HYVINVOINTIALUE,42100,SAIRAALANTIE 8,Keski-Suomi,Suomi,Sisällöntuottaja,+358142000492,+35844100492,matti.vainio,SYN-HYVAKS-000030,,,SMTP:matti.vainio@example.invalid,,,fi-FI,Aktiivinen,synthetic-development-data
Äänekoski,Keski-Suomen hyvinvointialue,Teknologiapalvelut,Manninen Mika,mika.manninen@example.invalid,SYN-HYVAKS-000493,Vakituinen,2018-02-02,Toimipiste,"Hyvinvointialue, Keski-Suomi",Konsernipalvelut,Tietohallinto,Teknologiapalvelut,Teknologiapalvelut,"KESKUSKATU 14, 44100 Äänekoski","Toimiala=Konsernipalvelut; Vastuualue=Tietohallinto; Palvelualue=Teknologiapalvelut; Palveluyksikkö=Teknologiapalvelut; Toimipiste=KESKUSKATU 14, 44100 Äänekoski",KESKI-SUOMEN HYVINVOINTIALUE,KESKI-SUOMEN HYVINVOINTIALUE,44100,KESKUSKATU 14,Keski-Suomi,Suomi,Teknologia-asiantuntija,+358142000493,+35845100493,mika.manninen,SYN-HYVAKS-000024,,,SMTP:mika.manninen@example.invalid,,,fi-FI,Aktiivinen,synthetic-development-data
Jyväskylä,Keski-Suomen hyvinvointialue,Palveluprosessien digitalisaatio,Mäkinen Markus,markus.makinen@example.invalid,SYN-HYVAKS-000494,Vakituinen,2026-03-19,Toimipiste,"Hyvinvointialue, Keski-Suomi",Konsernipalvelut,Tietohallinto,Palveluprosessien digitalisaatio,Palveluprosessien digitalisaatio,"HYVINVOINTIKATU 12, 40100 Jyväskylä","Toimiala=Konsernipalvelut; Vastuualue=Tietohallinto; Palvelualue=Palveluprosessien digitalisaatio; Palveluyksikkö=Palveluprosessien digitalisaatio; Toimipiste=HYVINVOINTIKATU 12, 40100 Jyväskylä",KESKI-SUOMEN HYVINVOINTIALUE,KESKI-SUOMEN HYVINVOINTIALUE,40100,HYVINVOINTIKATU 12,Keski-Suomi,Suomi,Prosessikehittäjä,+358142000494,+35844100494,markus.makinen,SYN-HYVAKS-000026,,,SMTP:markus.makinen@example.invalid,,,fi-FI,Aktiivinen,synthetic-development-data
Viitasaari,Keski-Suomen hyvinvointialue,Tilapalveluiden johtaminen,Miettinen Liisa,liisa.miettinen@example.invalid,SYN-HYVAKS-000495,Vakituinen,2003-07-21,Toimipiste,"Hyvinvointialue, Keski-Suomi",Konsernipalvelut,Tilapalvelut,Tilapalveluiden johtaminen,Tilapalveluiden johtaminen,"TERVEYSKESKUKSENTIE 2, 44500 Viitasaari","Toimiala=Konsernipalvelut; Vastuualue=Tilapalvelut; Palvelualue=Tilapalveluiden johtaminen; Palveluyksikkö=Tilapalveluiden johtaminen; Toimipiste=TERVEYSKESKUKSENTIE 2, 44500 Viitasaari",KESKI-SUOMEN HYVINVOINTIALUE,KESKI-SUOMEN HYVINVOINTIALUE,44500,TERVEYSKESKUKSENTIE 2,Keski-Suomi,Suomi,Kiinteistöasiantuntija,+358142000495,+35845100495,liisa.miettinen,SYN-HYVAKS-000036,,,SMTP:liisa.miettinen@example.invalid,,,fi-FI,Aktiivinen,synthetic-development-data
Keuruu,Keski-Suomen hyvinvointialue,Tilapalveluiden johtaminen,Mäkelä Antti,antti.makela@example.invalid,SYN-HYVAKS-000496,Vakituinen,2021-01-07,Toimipiste,"Hyvinvointialue, Keski-Suomi",Konsernipalvelut,Tilapalvelut,Tilapalveluiden johtaminen,Tilapalveluiden johtaminen,"PALVELUTIE 3, 42700 Keuruu","Toimiala=Konsernipalvelut; Vastuualue=Tilapalvelut; Palvelualue=Tilapalveluiden johtaminen; Palveluyksikkö=Tilapalveluiden johtaminen; Toimipiste=PALVELUTIE 3, 42700 Keuruu",KESKI-SUOMEN HYVINVOINTIALUE,KESKI-SUOMEN HYVINVOINTIALUE,42700,PALVELUTIE 3,Keski-Suomi,Suomi,Kiinteistöasiantuntija,+358142000496,+35840100496,antti.makela,SYN-HYVAKS-000034,,,SMTP:antti.makela@example.invalid,,,fi-FI,Aktiivinen,synthetic-development-data
Jyväskylä,Keski-Suomen hyvinvointialue,Tietohallintopalvelut,Rantanen Joonas,joonas.rantanen@example.invalid,SYN-HYVAKS-000497,Osa-aikainen,2014-09-15,Toimipiste,"Hyvinvointialue, Keski-Suomi",Konsernipalvelut,Tietohallinto,Tietohallintopalvelut,Tietohallintopalvelut,"HOITAJANTIE 1, 40620 Jyväskylä","Toimiala=Konsernipalvelut; Vastuualue=Tietohallinto; Palvelualue=Tietohallintopalvelut; Palveluyksikkö=Tietohallintopalvelut; Toimipiste=HOITAJANTIE 1, 40620 Jyväskylä",KESKI-SUOMEN HYVINVOINTIALUE,KESKI-SUOMEN HYVINVOINTIALUE,40620,HOITAJANTIE 1,Keski-Suomi,Suomi,Laitetukiasiantuntija,+358142000497,+35844100497,joonas.rantanen,SYN-HYVAKS-000015,,,SMTP:joonas.rantanen@example.invalid,,,fi-FI,Aktiivinen,synthetic-development-data
Laukaa,Keski-Suomen hyvinvointialue,Tietohallintopalvelut,Saarinen Marika,marika.saarinen@example.invalid,SYN-HYVAKS-000498,Vakituinen,2023-04-05,Toimipiste,"Hyvinvointialue, Keski-Suomi",Konsernipalvelut,Tietohallinto,Tietohallintopalvelut,Tietohallintopalvelut,"TERVEYSTIE 5, 41340 Laukaa","Toimiala=Konsernipalvelut; Vastuualue=Tietohallinto; Palvelualue=Tietohallintopalvelut; Palveluyksikkö=Tietohallintopalvelut; Toimipiste=TERVEYSTIE 5, 41340 Laukaa",KESKI-SUOMEN HYVINVOINTIALUE,KESKI-SUOMEN HYVINVOINTIALUE,41340,TERVEYSTIE 5,Keski-Suomi,Suomi,Käyttäjätukiasiantuntija,+358142000498,+35844100498,marika.saarinen,SYN-HYVAKS-000018,,,SMTP:marika.saarinen@example.invalid,,,fi-FI,Aktiivinen,synthetic-development-data
Keuruu,Keski-Suomen hyvinvointialue,Tilapalveluiden johtaminen,Nieminen Sakari,sakari.nieminen@example.invalid,SYN-HYVAKS-000499,Määräaikainen,2003-02-15,Toimipiste,"Hyvinvointialue, Keski-Suomi",Konsernipalvelut,Tilapalvelut,Tilapalveluiden johtaminen,Tilapalveluiden johtaminen,"PALVELUTIE 3, 42700 Keuruu","Toimiala=Konsernipalvelut; Vastuualue=Tilapalvelut; Palvelualue=Tilapalveluiden johtaminen; Palveluyksikkö=Tilapalveluiden johtaminen; Toimipiste=PALVELUTIE 3, 42700 Keuruu",KESKI-SUOMEN HYVINVOINTIALUE,KESKI-SUOMEN HYVINVOINTIALUE,42700,PALVELUTIE 3,Keski-Suomi,Suomi,Kiinteistöasiantuntija,+358142000499,+35850100499,sakari.nieminen,SYN-HYVAKS-000034,,,SMTP:sakari.nieminen@example.invalid,,,fi-FI,Aktiivinen,synthetic-development-data
Jyväskylä,Keski-Suomen hyvinvointialue,Palveluprosessien digitalisaatio,Lindholm Heli,heli.lindholm@example.invalid,SYN-HYVAKS-000500,Vakituinen,2012-06-24,Toimipiste,"Hyvinvointialue, Keski-Suomi",Konsernipalvelut,Tietohallinto,Palveluprosessien digitalisaatio,Palveluprosessien digitalisaatio,"HYVINVOINTIKATU 12, 40100 Jyväskylä","Toimiala=Konsernipalvelut; Vastuualue=Tietohallinto; Palvelualue=Palveluprosessien digitalisaatio; Palveluyksikkö=Palveluprosessien digitalisaatio; Toimipiste=HYVINVOINTIKATU 12, 40100 Jyväskylä",KESKI-SUOMEN HYVINVOINTIALUE,KESKI-SUOMEN HYVINVOINTIALUE,40100,HYVINVOINTIKATU 12,Keski-Suomi,Suomi,Integraatioasiantuntija,+358142000500,+35844100500,heli.lindholm,SYN-HYVAKS-000026,,,SMTP:heli.lindholm@example.invalid,,,fi-FI,Aktiivinen,synthetic-development-data
Laukaa,Keski-Suomen hyvinvointialue,Palveluprosessien digitalisaatio,Nykänen Tiina,tiina.nykanen@example.invalid,SYN-HYVAKS-000501,Osa-aikainen,2024-04-14,Toimipiste,"Hyvinvointialue, Keski-Suomi",Konsernipalvelut,Tietohallinto,Palveluprosessien digitalisaatio,Palveluprosessien digitalisaatio,"TERVEYSTIE 5, 41340 Laukaa","Toimiala=Konsernipalvelut; Vastuualue=Tietohallinto; Palvelualue=Palveluprosessien digitalisaatio; Palveluyksikkö=Palveluprosessien digitalisaatio; Toimipiste=TERVEYSTIE 5, 41340 Laukaa",KESKI-SUOMEN HYVINVOINTIALUE,KESKI-SUOMEN HYVINVOINTIALUE,41340,TERVEYSTIE 5,Keski-Suomi,Suomi,Tietoasiantuntija,+358142000501,+35840100501,tiina.nykanen,SYN-HYVAKS-000027,,,SMTP:tiina.nykanen@example.invalid,,,fi-FI,Aktiivinen,synthetic-development-data
Jyväskylä,Keski-Suomen hyvinvointialue,Palveluprosessien digitalisaatio,Lindholm Saara,saara.lindholm@example.invalid,SYN-HYVAKS-000502,Vakituinen,2012-01-07,Toimipiste,"Hyvinvointialue, Keski-Suomi",Konsernipalvelut,Tietohallinto,Palveluprosessien digitalisaatio,Palveluprosessien digitalisaatio,"HYVINVOINTIKATU 12, 40100 Jyväskylä","Toimiala=Konsernipalvelut; Vastuualue=Tietohallinto; Palvelualue=Palveluprosessien digitalisaatio; Palveluyksikkö=Palveluprosessien digitalisaatio; Toimipiste=HYVINVOINTIKATU 12, 40100 Jyväskylä",KESKI-SUOMEN HYVINVOINTIALUE,KESKI-SUOMEN HYVINVOINTIALUE,40100,HYVINVOINTIKATU 12,Keski-Suomi,Suomi,Integraatioasiantuntija,+358142000502,+35840100502,saara.lindholm,SYN-HYVAKS-000026,,,SMTP:saara.lindholm@example.invalid,,,fi-FI,Aktiivinen,synthetic-development-data
Jyväskylä,Keski-Suomen hyvinvointialue,Tilapalveluiden johtaminen,Peltonen Veera,veera.peltonen@example.invalid,SYN-HYVAKS-000503,Vakituinen,1999-06-26,Toimipiste,"Hyvinvointialue, Keski-Suomi",Konsernipalvelut,Tilapalvelut,Tilapalveluiden johtaminen,Tilapalveluiden johtaminen,"HYVINVOINTIKATU 12, 40100 Jyväskylä","Toimiala=Konsernipalvelut; Vastuualue=Tilapalvelut; Palvelualue=Tilapalveluiden johtaminen; Palveluyksikkö=Tilapalveluiden johtaminen; Toimipiste=HYVINVOINTIKATU 12, 40100 Jyväskylä",KESKI-SUOMEN HYVINVOINTIALUE,KESKI-SUOMEN HYVINVOINTIALUE,40100,HYVINVOINTIKATU 12,Keski-Suomi,Suomi,Kiinteistöasiantuntija,+358142000503,+35844100503,veera.peltonen,SYN-HYVAKS-000031,,,SMTP:veera.peltonen@example.invalid,,,fi-FI,Aktiivinen,synthetic-development-data
Jämsä,Keski-Suomen hyvinvointialue,Viestintäpalvelut,Uusitalo Antti,antti.uusitalo@example.invalid,SYN-HYVAKS-000504,Vakituinen,2012-06-25,Toimipiste,"Hyvinvointialue, Keski-Suomi",Konsernipalvelut,Viestintäpalvelut,Viestintäpalvelut,Viestintäpalvelut,"SAIRAALANTIE 8, 42100 Jämsä","Toimiala=Konsernipalvelut; Vastuualue=Viestintäpalvelut; Palvelualue=Viestintäpalvelut; Palveluyksikkö=Viestintäpalvelut; Toimipiste=SAIRAALANTIE 8, 42100 Jämsä",KESKI-SUOMEN HYVINVOINTIALUE,KESKI-SUOMEN HYVINVOINTIALUE,42100,SAIRAALANTIE 8,Keski-Suomi,Suomi,Viestintäasiantuntija,+358142000504,+35840100504,antti.uusitalo,SYN-HYVAKS-000030,,,SMTP:antti.uusitalo@example.invalid,,,fi-FI,Aktiivinen,synthetic-development-data
Jyväskylä,Keski-Suomen hyvinvointialue,Teknologiapalvelut,Seppälä Sampo,sampo.seppala@example.invalid,SYN-HYVAKS-000505,Vakituinen,2021-05-12,Toimipiste,"Hyvinvointialue, Keski-Suomi",Konsernipalvelut,Tietohallinto,Teknologiapalvelut,Teknologiapalvelut,"HYVINVOINTIKATU 12, 40100 Jyväskylä","Toimiala=Konsernipalvelut; Vastuualue=Tietohallinto; Palvelualue=Teknologiapalvelut; Palveluyksikkö=Teknologiapalvelut; Toimipiste=HYVINVOINTIKATU 12, 40100 Jyväskylä",KESKI-SUOMEN HYVINVOINTIALUE,KESKI-SUOMEN HYVINVOINTIALUE,40100,HYVINVOINTIKATU 12,Keski-Suomi,Suomi,Tietoturva-asiantuntija,+358142000505,+35850100505,sampo.seppala,SYN-HYVAKS-000022,,,SMTP:sampo.seppala@example.invalid,,,fi-FI,Aktiivinen,synthetic-development-data
Jyväskylä,Keski-Suomen hyvinvointialue,Teknologiapalvelut,Saarinen Tuula,tuula.saarinen@example.invalid,SYN-HYVAKS-000506,Vakituinen,2019-02-20,Toimipiste,"Hyvinvointialue, Keski-Suomi",Konsernipalvelut,Tietohallinto,Teknologiapalvelut,Teknologiapalvelut,"HOITAJANTIE 1, 40620 Jyväskylä","Toimiala=Konsernipalvelut; Vastuualue=Tietohallinto; Palvelualue=Teknologiapalvelut; Palveluyksikkö=Teknologiapalvelut; Toimipiste=HOITAJANTIE 1, 40620 Jyväskylä",KESKI-SUOMEN HYVINVOINTIALUE,KESKI-SUOMEN HYVINVOINTIALUE,40620,HOITAJANTIE 1,Keski-Suomi,Suomi,Järjestelmäasiantuntija,+358142000506,+35850100506,tuula.saarinen,SYN-HYVAKS-000021,,,SMTP:tuula.saarinen@example.invalid,,,fi-FI,Aktiivinen,synthetic-development-data
Jämsä,Keski-Suomen hyvinvointialue,Teknologiapalvelut,Toivonen Juha,juha.toivonen@example.invalid,SYN-HYVAKS-000507,Vakituinen,2023-01-26,Toimipiste,"Hyvinvointialue, Keski-Suomi",Konsernipalvelut,Tietohallinto,Teknologiapalvelut,Teknologiapalvelut,"SAIRAALANTIE 8, 42100 Jämsä","Toimiala=Konsernipalvelut; Vastuualue=Tietohallinto; Palvelualue=Teknologiapalvelut; Palveluyksikkö=Teknologiapalvelut; Toimipiste=SAIRAALANTIE 8, 42100 Jämsä",KESKI-SUOMEN HYVINVOINTIALUE,KESKI-SUOMEN HYVINVOINTIALUE,42100,SAIRAALANTIE 8,Keski-Suomi,Suomi,Teknologia-asiantuntija,+358142000507,+35840100507,juha.toivonen,SYN-HYVAKS-000023,,,SMTP:juha.toivonen@example.invalid,,,fi-FI,Aktiivinen,synthetic-development-data
Jyväskylä,Keski-Suomen hyvinvointialue,Teknologiapalvelut,Savolainen Liisa,liisa.savolainen@example.invalid,SYN-HYVAKS-000508,Vakituinen,2000-01-15,Toimipiste,"Hyvinvointialue, Keski-Suomi",Konsernipalvelut,Tietohallinto,Teknologiapalvelut,Teknologiapalvelut,"HOITAJANTIE 1, 40620 Jyväskylä","Toimiala=Konsernipalvelut; Vastuualue=Tietohallinto; Palvelualue=Teknologiapalvelut; Palveluyksikkö=Teknologiapalvelut; Toimipiste=HOITAJANTIE 1, 40620 Jyväskylä",KESKI-SUOMEN HYVINVOINTIALUE,KESKI-SUOMEN HYVINVOINTIALUE,40620,HOITAJANTIE 1,Keski-Suomi,Suomi,Palveluarkkitehti,+358142000508,+35850100508,liisa.savolainen,SYN-HYVAKS-000021,,,SMTP:liisa.savolainen@example.invalid,,,fi-FI,Aktiivinen,synthetic-development-data
Jämsä,Keski-Suomen hyvinvointialue,Teknologiapalvelut,Törmänen Joonas,joonas.tormanen2@example.invalid,SYN-HYVAKS-000509,Määräaikainen,2013-07-22,Toimipiste,"Hyvinvointialue, Keski-Suomi",Konsernipalvelut,Tietohallinto,Teknologiapalvelut,Teknologiapalvelut,"SAIRAALANTIE 8, 42100 Jämsä","Toimiala=Konsernipalvelut; Vastuualue=Tietohallinto; Palvelualue=Teknologiapalvelut; Palveluyksikkö=Teknologiapalvelut; Toimipiste=SAIRAALANTIE 8, 42100 Jämsä",KESKI-SUOMEN HYVINVOINTIALUE,KESKI-SUOMEN HYVINVOINTIALUE,42100,SAIRAALANTIE 8,Keski-Suomi,Suomi,Tietoturva-asiantuntija,+358142000509,+35840100509,joonas.tormanen2,SYN-HYVAKS-000023,,,SMTP:joonas.tormanen2@example.invalid,,,fi-FI,Aktiivinen,synthetic-development-data
Laukaa,Keski-Suomen hyvinvointialue,Tietohallintopalvelut,Moilanen Sampo,sampo.moilanen@example.invalid,SYN-HYVAKS-000510,Vakituinen,1998-12-30,Toimipiste,"Hyvinvointialue, Keski-Suomi",Konsernipalvelut,Tietohallinto,Tietohallintopalvelut,Tietohallintopalvelut,"TERVEYSTIE 5, 41340 Laukaa","Toimiala=Konsernipalvelut; Vastuualue=Tietohallinto; Palvelualue=Tietohallintopalvelut; Palveluyksikkö=Tietohallintopalvelut; Toimipiste=TERVEYSTIE 5, 41340 Laukaa",KESKI-SUOMEN HYVINVOINTIALUE,KESKI-SUOMEN HYVINVOINTIALUE,41340,TERVEYSTIE 5,Keski-Suomi,Suomi,Laitetukiasiantuntija,+358142000510,+35840100510,sampo.moilanen,SYN-HYVAKS-000018,,,SMTP:sampo.moilanen@example.invalid,,,fi-FI,Aktiivinen,synthetic-development-data
Jyväskylä,Keski-Suomen hyvinvointialue,Palveluprosessien digitalisaatio,Järvinen Satu,satu.jarvinen@example.invalid,SYN-HYVAKS-000511,Vakituinen,2025-05-22,Toimipiste,"Hyvinvointialue, Keski-Suomi",Konsernipalvelut,Tietohallinto,Palveluprosessien digitalisaatio,Palveluprosessien digitalisaatio,"HYVINVOINTIKATU 12, 40100 Jyväskylä","Toimiala=Konsernipalvelut; Vastuualue=Tietohallinto; Palvelualue=Palveluprosessien digitalisaatio; Palveluyksikkö=Palveluprosessien digitalisaatio; Toimipiste=HYVINVOINTIKATU 12, 40100 Jyväskylä",KESKI-SUOMEN HYVINVOINTIALUE,KESKI-SUOMEN HYVINVOINTIALUE,40100,HYVINVOINTIKATU 12,Keski-Suomi,Suomi,Tietoasiantuntija,+358142000511,+35850100511,satu.jarvinen,SYN-HYVAKS-000026,,,SMTP:satu.jarvinen@example.invalid,,,fi-FI,Aktiivinen,synthetic-development-data
Jyväskylä,Keski-Suomen hyvinvointialue,Tietohallintopalvelut,Moilanen Teemu,teemu.moilanen2@example.invalid,SYN-HYVAKS-000512,Vakituinen,2008-08-04,Toimipiste,"Hyvinvointialue, Keski-Suomi",Konsernipalvelut,Tietohallinto,Tietohallintopalvelut,Tietohallintopalvelut,"HOITAJANTIE 1, 40620 Jyväskylä","Toimiala=Konsernipalvelut; Vastuualue=Tietohallinto; Palvelualue=Tietohallintopalvelut; Palveluyksikkö=Tietohallintopalvelut; Toimipiste=HOITAJANTIE 1, 40620 Jyväskylä",KESKI-SUOMEN HYVINVOINTIALUE,KESKI-SUOMEN HYVINVOINTIALUE,40620,HOITAJANTIE 1,Keski-Suomi,Suomi,Tietohallinnon asiantuntija,+358142000512,+35845100512,teemu.moilanen2,SYN-HYVAKS-000015,,,SMTP:teemu.moilanen2@example.invalid,,,fi-FI,Aktiivinen,synthetic-development-data
Keuruu,Keski-Suomen hyvinvointialue,Tilapalveluiden johtaminen,Leppänen Kimmo,kimmo.leppanen@example.invalid,SYN-HYVAKS-000513,Määräaikainen,2012-08-30,Toimipiste,"Hyvinvointialue, Keski-Suomi",Konsernipalvelut,Tilapalvelut,Tilapalveluiden johtaminen,Tilapalveluiden johtaminen,"PALVELUTIE 3, 42700 Keuruu","Toimiala=Konsernipalvelut; Vastuualue=Tilapalvelut; Palvelualue=Tilapalveluiden johtaminen; Palveluyksikkö=Tilapalveluiden johtaminen; Toimipiste=PALVELUTIE 3, 42700 Keuruu",KESKI-SUOMEN HYVINVOINTIALUE,KESKI-SUOMEN HYVINVOINTIALUE,42700,PALVELUTIE 3,Keski-Suomi,Suomi,Huoltoinsinööri,+358142000513,+35844100513,kimmo.leppanen,SYN-HYVAKS-000034,,,SMTP:kimmo.leppanen@example.invalid,,,fi-FI,Aktiivinen,synthetic-development-data
Jyväskylä,Keski-Suomen hyvinvointialue,Tietohallinto yhteiset,Kinnunen Viivi,viivi.kinnunen@example.invalid,SYN-HYVAKS-000514,Vakituinen,2023-04-25,Toimipiste,"Hyvinvointialue, Keski-Suomi",Konsernipalvelut,Tietohallinto,Tietohallinto yhteiset,Tietohallinto yhteiset,"HOITAJANTIE 1, 40620 Jyväskylä","Toimiala=Konsernipalvelut; Vastuualue=Tietohallinto; Palvelualue=Tietohallinto yhteiset; Palveluyksikkö=Tietohallinto yhteiset; Toimipiste=HOITAJANTIE 1, 40620 Jyväskylä",KESKI-SUOMEN HYVINVOINTIALUE,KESKI-SUOMEN HYVINVOINTIALUE,40620,HOITAJANTIE 1,Keski-Suomi,Suomi,Johdon assistentti,+358142000514,+35840100514,viivi.kinnunen,SYN-HYVAKS-000013,,,SMTP:viivi.kinnunen@example.invalid,,,fi-FI,Aktiivinen,synthetic-development-data
Viitasaari,Keski-Suomen hyvinvointialue,Tilapalveluiden johtaminen,Pitkänen Satu,satu.pitkanen@example.invalid,SYN-HYVAKS-000515,Vakituinen,1998-03-03,Toimipiste,"Hyvinvointialue, Keski-Suomi",Konsernipalvelut,Tilapalvelut,Tilapalveluiden johtaminen,Tilapalveluiden johtaminen,"TERVEYSKESKUKSENTIE 2, 44500 Viitasaari","Toimiala=Konsernipalvelut; Vastuualue=Tilapalvelut; Palvelualue=Tilapalveluiden johtaminen; Palveluyksikkö=Tilapalveluiden johtaminen; Toimipiste=TERVEYSKESKUKSENTIE 2, 44500 Viitasaari",KESKI-SUOMEN HYVINVOINTIALUE,KESKI-SUOMEN HYVINVOINTIALUE,44500,TERVEYSKESKUKSENTIE 2,Keski-Suomi,Suomi,Huoltoinsinööri,+358142000515,+35840100515,satu.pitkanen,SYN-HYVAKS-000036,,,SMTP:satu.pitkanen@example.invalid,,,fi-FI,Aktiivinen,synthetic-development-data
Jyväskylä,Keski-Suomen hyvinvointialue,Tilapalveluiden johtaminen,Koskela Anu,anu.koskela@example.invalid,SYN-HYVAKS-000516,Vakituinen,2019-11-08,Toimipiste,"Hyvinvointialue, Keski-Suomi",Konsernipalvelut,Tilapalvelut,Tilapalveluiden johtaminen,Tilapalveluiden johtaminen,"HYVINVOINTIKATU 12, 40100 Jyväskylä","Toimiala=Konsernipalvelut; Vastuualue=Tilapalvelut; Palvelualue=Tilapalveluiden johtaminen; Palveluyksikkö=Tilapalveluiden johtaminen; Toimipiste=HYVINVOINTIKATU 12, 40100 Jyväskylä",KESKI-SUOMEN HYVINVOINTIALUE,KESKI-SUOMEN HYVINVOINTIALUE,40100,HYVINVOINTIKATU 12,Keski-Suomi,Suomi,Kiinteistöasiantuntija,+358142000516,+35845100516,anu.koskela,SYN-HYVAKS-000031,,,SMTP:anu.koskela@example.invalid,,,fi-FI,Aktiivinen,synthetic-development-data
Jyväskylä,Keski-Suomen hyvinvointialue,Teknologiapalvelut,Salo Paula,paula.salo2@example.invalid,SYN-HYVAKS-000517,Vakituinen,2012-01-08,Toimipiste,"Hyvinvointialue, Keski-Suomi",Konsernipalvelut,Tietohallinto,Teknologiapalvelut,Teknologiapalvelut,"HYVINVOINTIKATU 12, 40100 Jyväskylä","Toimiala=Konsernipalvelut; Vastuualue=Tietohallinto; Palvelualue=Teknologiapalvelut; Palveluyksikkö=Teknologiapalvelut; Toimipiste=HYVINVOINTIKATU 12, 40100 Jyväskylä",KESKI-SUOMEN HYVINVOINTIALUE,KESKI-SUOMEN HYVINVOINTIALUE,40100,HYVINVOINTIKATU 12,Keski-Suomi,Suomi,Palveluarkkitehti,+358142000517,+35840100517,paula.salo2,SYN-HYVAKS-000022,,,SMTP:paula.salo2@example.invalid,,,fi-FI,Aktiivinen,synthetic-development-data
Jyväskylä,Keski-Suomen hyvinvointialue,Teknologiapalvelut,Karjalainen Aino,aino.karjalainen@example.invalid,SYN-HYVAKS-000518,Vakituinen,2008-03-07,Toimipiste,"Hyvinvointialue, Keski-Suomi",Konsernipalvelut,Tietohallinto,Teknologiapalvelut,Teknologiapalvelut,"HYVINVOINTIKATU 12, 40100 Jyväskylä","Toimiala=Konsernipalvelut; Vastuualue=Tietohallinto; Palvelualue=Teknologiapalvelut; Palveluyksikkö=Teknologiapalvelut; Toimipiste=HYVINVOINTIKATU 12, 40100 Jyväskylä",KESKI-SUOMEN HYVINVOINTIALUE,KESKI-SUOMEN HYVINVOINTIALUE,40100,HYVINVOINTIKATU 12,Keski-Suomi,Suomi,Verkkoasiantuntija,+358142000518,+35850100518,aino.karjalainen,SYN-HYVAKS-000022,,,SMTP:aino.karjalainen@example.invalid,,,fi-FI,Aktiivinen,synthetic-development-data
Laukaa,Keski-Suomen hyvinvointialue,Tietohallintopalvelut,Jokinen Eemeli,eemeli.jokinen@example.invalid,SYN-HYVAKS-000519,Vakituinen,2024-04-04,Toimipiste,"Hyvinvointialue, Keski-Suomi",Konsernipalvelut,Tietohallinto,Tietohallintopalvelut,Tietohallintopalvelut,"TERVEYSTIE 5, 41340 Laukaa","Toimiala=Konsernipalvelut; Vastuualue=Tietohallinto; Palvelualue=Tietohallintopalvelut; Palveluyksikkö=Tietohallintopalvelut; Toimipiste=TERVEYSTIE 5, 41340 Laukaa",KESKI-SUOMEN HYVINVOINTIALUE,KESKI-SUOMEN HYVINVOINTIALUE,41340,TERVEYSTIE 5,Keski-Suomi,Suomi,Käyttäjätukiasiantuntija,+358142000519,+35850100519,eemeli.jokinen,SYN-HYVAKS-000018,,,SMTP:eemeli.jokinen@example.invalid,,,fi-FI,Aktiivinen,synthetic-development-data
Keuruu,Keski-Suomen hyvinvointialue,Tilapalveluiden johtaminen,Aaltonen Juha,juha.aaltonen@example.invalid,SYN-HYVAKS-000520,Vakituinen,2019-03-06,Toimipiste,"Hyvinvointialue, Keski-Suomi",Konsernipalvelut,Tilapalvelut,Tilapalveluiden johtaminen,Tilapalveluiden johtaminen,"PALVELUTIE 3, 42700 Keuruu","Toimiala=Konsernipalvelut; Vastuualue=Tilapalvelut; Palvelualue=Tilapalveluiden johtaminen; Palveluyksikkö=Tilapalveluiden johtaminen; Toimipiste=PALVELUTIE 3, 42700 Keuruu",KESKI-SUOMEN HYVINVOINTIALUE,KESKI-SUOMEN HYVINVOINTIALUE,42700,PALVELUTIE 3,Keski-Suomi,Suomi,Kiinteistöasiantuntija,+358142000520,+35844100520,juha.aaltonen,SYN-HYVAKS-000034,,,SMTP:juha.aaltonen@example.invalid,,,fi-FI,Aktiivinen,synthetic-development-data
Jyväskylä,Keski-Suomen hyvinvointialue,Tietohallinto yhteiset,Karjalainen Veera,veera.karjalainen@example.invalid,SYN-HYVAKS-000521,Vakituinen,1998-11-04,Toimipiste,"Hyvinvointialue, Keski-Suomi",Konsernipalvelut,Tietohallinto,Tietohallinto yhteiset,Tietohallinto yhteiset,"HYVINVOINTIKATU 12, 40100 Jyväskylä","Toimiala=Konsernipalvelut; Vastuualue=Tietohallinto; Palvelualue=Tietohallinto yhteiset; Palveluyksikkö=Tietohallinto yhteiset; Toimipiste=HYVINVOINTIKATU 12, 40100 Jyväskylä",KESKI-SUOMEN HYVINVOINTIALUE,KESKI-SUOMEN HYVINVOINTIALUE,40100,HYVINVOINTIKATU 12,Keski-Suomi,Suomi,Johdon assistentti,+358142000521,+35840100521,veera.karjalainen,SYN-HYVAKS-000014,,,SMTP:veera.karjalainen@example.invalid,,,fi-FI,Aktiivinen,synthetic-development-data
Viitasaari,Keski-Suomen hyvinvointialue,Tilapalveluiden johtaminen,Mattila Janne,janne.mattila@example.invalid,SYN-HYVAKS-000522,Vakituinen,2010-02-22,Toimipiste,"Hyvinvointialue, Keski-Suomi",Konsernipalvelut,Tilapalvelut,Tilapalveluiden johtaminen,Tilapalveluiden johtaminen,"TERVEYSKESKUKSENTIE 2, 44500 Viitasaari","Toimiala=Konsernipalvelut; Vastuualue=Tilapalvelut; Palvelualue=Tilapalveluiden johtaminen; Palveluyksikkö=Tilapalveluiden johtaminen; Toimipiste=TERVEYSKESKUKSENTIE 2, 44500 Viitasaari",KESKI-SUOMEN HYVINVOINTIALUE,KESKI-SUOMEN HYVINVOINTIALUE,44500,TERVEYSKESKUKSENTIE 2,Keski-Suomi,Suomi,Huoltoinsinööri,+358142000522,+35845100522,janne.mattila,SYN-HYVAKS-000036,,,SMTP:janne.mattila@example.invalid,,,fi-FI,Aktiivinen,synthetic-development-data
Laukaa,Keski-Suomen hyvinvointialue,Palveluprosessien digitalisaatio,Hämäläinen Jaana,jaana.hamalainen@example.invalid,SYN-HYVAKS-000523,Vakituinen,2007-06-20,Toimipiste,"Hyvinvointialue, Keski-Suomi",Konsernipalvelut,Tietohallinto,Palveluprosessien digitalisaatio,Palveluprosessien digitalisaatio,"TERVEYSTIE 5, 41340 Laukaa","Toimiala=Konsernipalvelut; Vastuualue=Tietohallinto; Palvelualue=Palveluprosessien digitalisaatio; Palveluyksikkö=Palveluprosessien digitalisaatio; Toimipiste=TERVEYSTIE 5, 41340 Laukaa",KESKI-SUOMEN HYVINVOINTIALUE,KESKI-SUOMEN HYVINVOINTIALUE,41340,TERVEYSTIE 5,Keski-Suomi,Suomi,Tietoasiantuntija,+358142000523,+35845100523,jaana.hamalainen,SYN-HYVAKS-000027,,,SMTP:jaana.hamalainen@example.invalid,,,fi-FI,Passiivinen,synthetic-development-data
Jyväskylä,Keski-Suomen hyvinvointialue,Tietohallinto yhteiset,Laakso Marika,marika.laakso@example.invalid,SYN-HYVAKS-000524,Vakituinen,2016-07-09,Toimipiste,"Hyvinvointialue, Keski-Suomi",Konsernipalvelut,Tietohallinto,Tietohallinto yhteiset,Tietohallinto yhteiset,"HYVINVOINTIKATU 12, 40100 Jyväskylä","Toimiala=Konsernipalvelut; Vastuualue=Tietohallinto; Palvelualue=Tietohallinto yhteiset; Palveluyksikkö=Tietohallinto yhteiset; Toimipiste=HYVINVOINTIKATU 12, 40100 Jyväskylä",KESKI-SUOMEN HYVINVOINTIALUE,KESKI-SUOMEN HYVINVOINTIALUE,40100,HYVINVOINTIKATU 12,Keski-Suomi,Suomi,Johdon assistentti,+358142000524,+35840100524,marika.laakso,SYN-HYVAKS-000014,,,SMTP:marika.laakso@example.invalid,,,fi-FI,Aktiivinen,synthetic-development-data
Karstula,Keski-Suomen hyvinvointialue,Tilapalveluiden johtaminen,Salminen Lauri,lauri.salminen@example.invalid,SYN-HYVAKS-000525,Vakituinen,2005-09-03,Toimipiste,"Hyvinvointialue, Keski-Suomi",Konsernipalvelut,Tilapalvelut,Tilapalveluiden johtaminen,Tilapalveluiden johtaminen,"HYVINVOINTITIE 6, 43500 Karstula","Toimiala=Konsernipalvelut; Vastuualue=Tilapalvelut; Palvelualue=Tilapalveluiden johtaminen; Palveluyksikkö=Tilapalveluiden johtaminen; Toimipiste=HYVINVOINTITIE 6, 43500 Karstula",KESKI-SUOMEN HYVINVOINTIALUE,KESKI-SUOMEN HYVINVOINTIALUE,43500,HYVINVOINTITIE 6,Keski-Suomi,Suomi,Huoltoinsinööri,+358142000525,+35844100525,lauri.salminen,SYN-HYVAKS-000035,,,SMTP:lauri.salminen@example.invalid,,,fi-FI,Aktiivinen,synthetic-development-data
Karstula,Keski-Suomen hyvinvointialue,Tilapalveluiden johtaminen,Kolehmainen Pekka,pekka.kolehmainen@example.invalid,SYN-HYVAKS-000526,Vakituinen,2014-02-17,Toimipiste,"Hyvinvointialue, Keski-Suomi",Konsernipalvelut,Tilapalvelut,Tilapalveluiden johtaminen,Tilapalveluiden johtaminen,"HYVINVOINTITIE 6, 43500 Karstula","Toimiala=Konsernipalvelut; Vastuualue=Tilapalvelut; Palvelualue=Tilapalveluiden johtaminen; Palveluyksikkö=Tilapalveluiden johtaminen; Toimipiste=HYVINVOINTITIE 6, 43500 Karstula",KESKI-SUOMEN HYVINVOINTIALUE,KESKI-SUOMEN HYVINVOINTIALUE,43500,HYVINVOINTITIE 6,Keski-Suomi,Suomi,Kiinteistöasiantuntija,+358142000526,+35850100526,pekka.kolehmainen,SYN-HYVAKS-000035,,,SMTP:pekka.kolehmainen@example.invalid,,,fi-FI,Aktiivinen,synthetic-development-data
Laukaa,Keski-Suomen hyvinvointialue,Tietohallintopalvelut,Laakso Minna,minna.laakso@example.invalid,SYN-HYVAKS-000527,Vakituinen,2000-11-06,Toimipiste,"Hyvinvointialue, Keski-Suomi",Konsernipalvelut,Tietohallinto,Tietohallintopalvelut,Tietohallintopalvelut,"TERVEYSTIE 5, 41340 Laukaa","Toimiala=Konsernipalvelut; Vastuualue=Tietohallinto; Palvelualue=Tietohallintopalvelut; Palveluyksikkö=Tietohallintopalvelut; Toimipiste=TERVEYSTIE 5, 41340 Laukaa",KESKI-SUOMEN HYVINVOINTIALUE,KESKI-SUOMEN HYVINVOINTIALUE,41340,TERVEYSTIE 5,Keski-Suomi,Suomi,Järjestelmäasiantuntija,+358142000527,+35850100527,minna.laakso,SYN-HYVAKS-000018,,,SMTP:minna.laakso@example.invalid,,,en-US,Aktiivinen,synthetic-development-data
Äänekoski,Keski-Suomen hyvinvointialue,Tietohallintopalvelut,Koskela Heikki,heikki.koskela@example.invalid,SYN-HYVAKS-000528,Vakituinen,2003-07-27,Toimipiste,"Hyvinvointialue, Keski-Suomi",Konsernipalvelut,Tietohallinto,Tietohallintopalvelut,Tietohallintopalvelut,"KESKUSKATU 14, 44100 Äänekoski","Toimiala=Konsernipalvelut; Vastuualue=Tietohallinto; Palvelualue=Tietohallintopalvelut; Palveluyksikkö=Tietohallintopalvelut; Toimipiste=KESKUSKATU 14, 44100 Äänekoski",KESKI-SUOMEN HYVINVOINTIALUE,KESKI-SUOMEN HYVINVOINTIALUE,44100,KESKUSKATU 14,Keski-Suomi,Suomi,Järjestelmäasiantuntija,+358142000528,+35844100528,heikki.koskela,SYN-HYVAKS-000017,,,SMTP:heikki.koskela@example.invalid,,,fi-FI,Aktiivinen,synthetic-development-data
Jämsä,Keski-Suomen hyvinvointialue,Tietohallintopalvelut,Karjalainen Anu,anu.karjalainen@example.invalid,SYN-HYVAKS-000529,Vakituinen,2009-06-08,Toimipiste,"Hyvinvointialue, Keski-Suomi",Konsernipalvelut,Tietohallinto,Tietohallintopalvelut,Tietohallintopalvelut,"SAIRAALANTIE 8, 42100 Jämsä","Toimiala=Konsernipalvelut; Vastuualue=Tietohallinto; Palvelualue=Tietohallintopalvelut; Palveluyksikkö=Tietohallintopalvelut; Toimipiste=SAIRAALANTIE 8, 42100 Jämsä",KESKI-SUOMEN HYVINVOINTIALUE,KESKI-SUOMEN HYVINVOINTIALUE,42100,SAIRAALANTIE 8,Keski-Suomi,Suomi,Tietohallinnon asiantuntija,+358142000529,+35844100529,anu.karjalainen,SYN-HYVAKS-000016,,,SMTP:anu.karjalainen@example.invalid,,,fi-FI,Aktiivinen,synthetic-development-data
Äänekoski,Keski-Suomen hyvinvointialue,Tietohallintopalvelut,Rautio Aino,aino.rautio@example.invalid,SYN-HYVAKS-000530,Vakituinen,2018-06-20,Toimipiste,"Hyvinvointialue, Keski-Suomi",Konsernipalvelut,Tietohallinto,Tietohallintopalvelut,Tietohallintopalvelut,"KESKUSKATU 14, 44100 Äänekoski","Toimiala=Konsernipalvelut; Vastuualue=Tietohallinto; Palvelualue=Tietohallintopalvelut; Palveluyksikkö=Tietohallintopalvelut; Toimipiste=KESKUSKATU 14, 44100 Äänekoski",KESKI-SUOMEN HYVINVOINTIALUE,KESKI-SUOMEN HYVINVOINTIALUE,44100,KESKUSKATU 14,Keski-Suomi,Suomi,Järjestelmäasiantuntija,+358142000530,+35850100530,aino.rautio,SYN-HYVAKS-000017,,,SMTP:aino.rautio@example.invalid,,,en-US,Aktiivinen,synthetic-development-data
Äänekoski,Keski-Suomen hyvinvointialue,Tietohallintopalvelut,Pitkänen Minna,minna.pitkanen@example.invalid,SYN-HYVAKS-000531,Vakituinen,2015-10-30,Toimipiste,"Hyvinvointialue, Keski-Suomi",Konsernipalvelut,Tietohallinto,Tietohallintopalvelut,Tietohallintopalvelut,"KESKUSKATU 14, 44100 Äänekoski","Toimiala=Konsernipalvelut; Vastuualue=Tietohallinto; Palvelualue=Tietohallintopalvelut; Palveluyksikkö=Tietohallintopalvelut; Toimipiste=KESKUSKATU 14, 44100 Äänekoski",KESKI-SUOMEN HYVINVOINTIALUE,KESKI-SUOMEN HYVINVOINTIALUE,44100,KESKUSKATU 14,Keski-Suomi,Suomi,Käyttäjätukiasiantuntija,+358142000531,+35850100531,minna.pitkanen,SYN-HYVAKS-000017,,,SMTP:minna.pitkanen@example.invalid,,,fi-FI,Aktiivinen,synthetic-development-data
Jyväskylä,Keski-Suomen hyvinvointialue,Teknologiapalvelut,Vainio Anu,anu.vainio@example.invalid,SYN-HYVAKS-000532,Vakituinen,2002-04-15,Toimipiste,"Hyvinvointialue, Keski-Suomi",Konsernipalvelut,Tietohallinto,Teknologiapalvelut,Teknologiapalvelut,"HOITAJANTIE 1, 40620 Jyväskylä","Toimiala=Konsernipalvelut; Vastuualue=Tietohallinto; Palvelualue=Teknologiapalvelut; Palveluyksikkö=Teknologiapalvelut; Toimipiste=HOITAJANTIE 1, 40620 Jyväskylä",KESKI-SUOMEN HYVINVOINTIALUE,KESKI-SUOMEN HYVINVOINTIALUE,40620,HOITAJANTIE 1,Keski-Suomi,Suomi,Tietoturva-asiantuntija,+358142000532,+35840100532,anu.vainio,SYN-HYVAKS-000021,,,SMTP:anu.vainio@example.invalid,,,fi-FI,Aktiivinen,synthetic-development-data
Jämsä,Keski-Suomen hyvinvointialue,Teknologiapalvelut,Koskinen Mikael,mikael.koskinen2@example.invalid,SYN-HYVAKS-000533,Määräaikainen,2025-01-26,Toimipiste,"Hyvinvointialue, Keski-Suomi",Konsernipalvelut,Tietohallinto,Teknologiapalvelut,Teknologiapalvelut,"SAIRAALANTIE 8, 42100 Jämsä","Toimiala=Konsernipalvelut; Vastuualue=Tietohallinto; Palvelualue=Teknologiapalvelut; Palveluyksikkö=Teknologiapalvelut; Toimipiste=SAIRAALANTIE 8, 42100 Jämsä",KESKI-SUOMEN HYVINVOINTIALUE,KESKI-SUOMEN HYVINVOINTIALUE,42100,SAIRAALANTIE 8,Keski-Suomi,Suomi,Palveluarkkitehti,+358142000533,+35850100533,mikael.koskinen2,SYN-HYVAKS-000023,,,SMTP:mikael.koskinen2@example.invalid,,,fi-FI,Aktiivinen,synthetic-development-data
Jyväskylä,Keski-Suomen hyvinvointialue,Teknologiapalvelut,Paananen Antti,antti.paananen2@example.invalid,SYN-HYVAKS-000534,Vakituinen,2021-05-23,Toimipiste,"Hyvinvointialue, Keski-Suomi",Konsernipalvelut,Tietohallinto,Teknologiapalvelut,Teknologiapalvelut,"HOITAJANTIE 1, 40620 Jyväskylä","Toimiala=Konsernipalvelut; Vastuualue=Tietohallinto; Palvelualue=Teknologiapalvelut; Palveluyksikkö=Teknologiapalvelut; Toimipiste=HOITAJANTIE 1, 40620 Jyväskylä",KESKI-SUOMEN HYVINVOINTIALUE,KESKI-SUOMEN HYVINVOINTIALUE,40620,HOITAJANTIE 1,Keski-Suomi,Suomi,Konesaliasiantuntija,+358142000534,+35840100534,antti.paananen2,SYN-HYVAKS-000021,,,SMTP:antti.paananen2@example.invalid,,,fi-FI,Poistuva,synthetic-development-data
Jämsä,Keski-Suomen hyvinvointialue,Tietohallintopalvelut,Koskela Joonas,joonas.koskela2@example.invalid,SYN-HYVAKS-000535,Vakituinen,2010-01-14,Toimipiste,"Hyvinvointialue, Keski-Suomi",Konsernipalvelut,Tietohallinto,Tietohallintopalvelut,Tietohallintopalvelut,"SAIRAALANTIE 8, 42100 Jämsä","Toimiala=Konsernipalvelut; Vastuualue=Tietohallinto; Palvelualue=Tietohallintopalvelut; Palveluyksikkö=Tietohallintopalvelut; Toimipiste=SAIRAALANTIE 8, 42100 Jämsä",KESKI-SUOMEN HYVINVOINTIALUE,KESKI-SUOMEN HYVINVOINTIALUE,42100,SAIRAALANTIE 8,Keski-Suomi,Suomi,Tietohallinnon asiantuntija,+358142000535,+35844100535,joonas.koskela2,SYN-HYVAKS-000016,,,SMTP:joonas.koskela2@example.invalid,,,fi-FI,Aktiivinen,synthetic-development-data
Äänekoski,Keski-Suomen hyvinvointialue,Tietohallintopalvelut,Salo Ville,ville.salo@example.invalid,SYN-HYVAKS-000536,Vakituinen,2017-08-08,Toimipiste,"Hyvinvointialue, Keski-Suomi",Konsernipalvelut,Tietohallinto,Tietohallintopalvelut,Tietohallintopalvelut,"KESKUSKATU 14, 44100 Äänekoski","Toimiala=Konsernipalvelut; Vastuualue=Tietohallinto; Palvelualue=Tietohallintopalvelut; Palveluyksikkö=Tietohallintopalvelut; Toimipiste=KESKUSKATU 14, 44100 Äänekoski",KESKI-SUOMEN HYVINVOINTIALUE,KESKI-SUOMEN HYVINVOINTIALUE,44100,KESKUSKATU 14,Keski-Suomi,Suomi,Käyttäjätukiasiantuntija,+358142000536,+35850100536,ville.salo,SYN-HYVAKS-000017,,,SMTP:ville.salo@example.invalid,,,fi-FI,Poistuva,synthetic-development-data
Jyväskylä,Keski-Suomen hyvinvointialue,Tietohallintopalvelut,Manninen Tiina,tiina.manninen@example.invalid,SYN-HYVAKS-000537,Vakituinen,2014-07-27,Toimipiste,"Hyvinvointialue, Keski-Suomi",Konsernipalvelut,Tietohallinto,Tietohallintopalvelut,Tietohallintopalvelut,"HOITAJANTIE 1, 40620 Jyväskylä","Toimiala=Konsernipalvelut; Vastuualue=Tietohallinto; Palvelualue=Tietohallintopalvelut; Palveluyksikkö=Tietohallintopalvelut; Toimipiste=HOITAJANTIE 1, 40620 Jyväskylä",KESKI-SUOMEN HYVINVOINTIALUE,KESKI-SUOMEN HYVINVOINTIALUE,40620,HOITAJANTIE 1,Keski-Suomi,Suomi,Laitetukiasiantuntija,+358142000537,+35840100537,tiina.manninen,SYN-HYVAKS-000015,,,SMTP:tiina.manninen@example.invalid,,,fi-FI,Aktiivinen,synthetic-development-data
Laukaa,Keski-Suomen hyvinvointialue,Tietohallintopalvelut,Karjalainen Mikael,mikael.karjalainen2@example.invalid,SYN-HYVAKS-000538,Vakituinen,2002-11-10,Toimipiste,"Hyvinvointialue, Keski-Suomi",Konsernipalvelut,Tietohallinto,Tietohallintopalvelut,Tietohallintopalvelut,"TERVEYSTIE 5, 41340 Laukaa","Toimiala=Konsernipalvelut; Vastuualue=Tietohallinto; Palvelualue=Tietohallintopalvelut; Palveluyksikkö=Tietohallintopalvelut; Toimipiste=TERVEYSTIE 5, 41340 Laukaa",KESKI-SUOMEN HYVINVOINTIALUE,KESKI-SUOMEN HYVINVOINTIALUE,41340,TERVEYSTIE 5,Keski-Suomi,Suomi,Tietohallinnon asiantuntija,+358142000538,+35840100538,mikael.karjalainen2,SYN-HYVAKS-000018,,,SMTP:mikael.karjalainen2@example.invalid,,,fi-FI,Aktiivinen,synthetic-development-data
Jyväskylä,Keski-Suomen hyvinvointialue,Palveluprosessien digitalisaatio,Repo Satu,satu.repo@example.invalid,SYN-HYVAKS-000539,Vakituinen,2016-05-20,Toimipiste,"Hyvinvointialue, Keski-Suomi",Konsernipalvelut,Tietohallinto,Palveluprosessien digitalisaatio,Palveluprosessien digitalisaatio,"HOITAJANTIE 1, 40620 Jyväskylä","Toimiala=Konsernipalvelut; Vastuualue=Tietohallinto; Palvelualue=Palveluprosessien digitalisaatio; Palveluyksikkö=Palveluprosessien digitalisaatio; Toimipiste=HOITAJANTIE 1, 40620 Jyväskylä",KESKI-SUOMEN HYVINVOINTIALUE,KESKI-SUOMEN HYVINVOINTIALUE,40620,HOITAJANTIE 1,Keski-Suomi,Suomi,Prosessikehittäjä,+358142000539,+35844100539,satu.repo,SYN-HYVAKS-000025,,,SMTP:satu.repo@example.invalid,,,sv-FI,Aktiivinen,synthetic-development-data
Äänekoski,Keski-Suomen hyvinvointialue,Teknologiapalvelut,Sipilä Veera,veera.sipila@example.invalid,SYN-HYVAKS-000540,Vakituinen,2023-07-03,Toimipiste,"Hyvinvointialue, Keski-Suomi",Konsernipalvelut,Tietohallinto,Teknologiapalvelut,Teknologiapalvelut,"KESKUSKATU 14, 44100 Äänekoski","Toimiala=Konsernipalvelut; Vastuualue=Tietohallinto; Palvelualue=Teknologiapalvelut; Palveluyksikkö=Teknologiapalvelut; Toimipiste=KESKUSKATU 14, 44100 Äänekoski",KESKI-SUOMEN HYVINVOINTIALUE,KESKI-SUOMEN HYVINVOINTIALUE,44100,KESKUSKATU 14,Keski-Suomi,Suomi,Järjestelmäasiantuntija,+358142000540,+35840100540,veera.sipila,SYN-HYVAKS-000024,,,SMTP:veera.sipila@example.invalid,,,fi-FI,Aktiivinen,synthetic-development-data
Jyväskylä,Keski-Suomen hyvinvointialue,Projektit ja kehittäminen,Hirvonen Aino,aino.hirvonen@example.invalid,SYN-HYVAKS-000541,Vakituinen,2018-12-15,Toimipiste,"Hyvinvointialue, Keski-Suomi",Konsernipalvelut,Tietohallinto,Projektit ja kehittäminen,Projektit ja kehittäminen,"HOITAJANTIE 1, 40620 Jyväskylä","Toimiala=Konsernipalvelut; Vastuualue=Tietohallinto; Palvelualue=Projektit ja kehittäminen; Palveluyksikkö=Projektit ja kehittäminen; Toimipiste=HOITAJANTIE 1, 40620 Jyväskylä",KESKI-SUOMEN HYVINVOINTIALUE,KESKI-SUOMEN HYVINVOINTIALUE,40620,HOITAJANTIE 1,Keski-Suomi,Suomi,Tuoteomistaja,+358142000541,+35844100541,aino.hirvonen,SYN-HYVAKS-000019,,,SMTP:aino.hirvonen@example.invalid,,,fi-FI,Aktiivinen,synthetic-development-data
Jyväskylä,Keski-Suomen hyvinvointialue,Tietohallintopalvelut,Nykänen Liisa,liisa.nykanen@example.invalid,SYN-HYVAKS-000542,Vakituinen,2022-08-28,Toimipiste,"Hyvinvointialue, Keski-Suomi",Konsernipalvelut,Tietohallinto,Tietohallintopalvelut,Tietohallintopalvelut,"HOITAJANTIE 1, 40620 Jyväskylä","Toimiala=Konsernipalvelut; Vastuualue=Tietohallinto; Palvelualue=Tietohallintopalvelut; Palveluyksikkö=Tietohallintopalvelut; Toimipiste=HOITAJANTIE 1, 40620 Jyväskylä",KESKI-SUOMEN HYVINVOINTIALUE,KESKI-SUOMEN HYVINVOINTIALUE,40620,HOITAJANTIE 1,Keski-Suomi,Suomi,Laitetukiasiantuntija,+358142000542,+35844100542,liisa.nykanen,SYN-HYVAKS-000015,,,SMTP:liisa.nykanen@example.invalid,,,fi-FI,Aktiivinen,synthetic-development-data
Jyväskylä,Keski-Suomen hyvinvointialue,Teknologiapalvelut,Suomalainen Sakari,sakari.suomalainen@example.invalid,SYN-HYVAKS-000543,Vakituinen,2021-04-13,Toimipiste,"Hyvinvointialue, Keski-Suomi",Konsernipalvelut,Tietohallinto,Teknologiapalvelut,Teknologiapalvelut,"HOITAJANTIE 1, 40620 Jyväskylä","Toimiala=Konsernipalvelut; Vastuualue=Tietohallinto; Palvelualue=Teknologiapalvelut; Palveluyksikkö=Teknologiapalvelut; Toimipiste=HOITAJANTIE 1, 40620 Jyväskylä",KESKI-SUOMEN HYVINVOINTIALUE,KESKI-SUOMEN HYVINVOINTIALUE,40620,HOITAJANTIE 1,Keski-Suomi,Suomi,Palveluarkkitehti,+358142000543,+35850100543,sakari.suomalainen,SYN-HYVAKS-000021,,,SMTP:sakari.suomalainen@example.invalid,,,fi-FI,Poistuva,synthetic-development-data
Jyväskylä,Keski-Suomen hyvinvointialue,Tilapalveluiden johtaminen,Ylitalo Matti,matti.ylitalo2@example.invalid,SYN-HYVAKS-000544,Vakituinen,2016-07-19,Toimipiste,"Hyvinvointialue, Keski-Suomi",Konsernipalvelut,Tilapalvelut,Tilapalveluiden johtaminen,Tilapalveluiden johtaminen,"HYVINVOINTIKATU 12, 40100 Jyväskylä","Toimiala=Konsernipalvelut; Vastuualue=Tilapalvelut; Palvelualue=Tilapalveluiden johtaminen; Palveluyksikkö=Tilapalveluiden johtaminen; Toimipiste=HYVINVOINTIKATU 12, 40100 Jyväskylä",KESKI-SUOMEN HYVINVOINTIALUE,KESKI-SUOMEN HYVINVOINTIALUE,40100,HYVINVOINTIKATU 12,Keski-Suomi,Suomi,Huoltoinsinööri,+358142000544,+35844100544,matti.ylitalo2,SYN-HYVAKS-000031,,,SMTP:matti.ylitalo2@example.invalid,,,fi-FI,Aktiivinen,synthetic-development-data
Jyväskylä,Keski-Suomen hyvinvointialue,Tietohallintopalvelut,Kolehmainen Jaana,jaana.kolehmainen@example.invalid,SYN-HYVAKS-000545,Vakituinen,2023-01-07,Toimipiste,"Hyvinvointialue, Keski-Suomi",Konsernipalvelut,Tietohallinto,Tietohallintopalvelut,Tietohallintopalvelut,"HOITAJANTIE 1, 40620 Jyväskylä","Toimiala=Konsernipalvelut; Vastuualue=Tietohallinto; Palvelualue=Tietohallintopalvelut; Palveluyksikkö=Tietohallintopalvelut; Toimipiste=HOITAJANTIE 1, 40620 Jyväskylä",KESKI-SUOMEN HYVINVOINTIALUE,KESKI-SUOMEN HYVINVOINTIALUE,40620,HOITAJANTIE 1,Keski-Suomi,Suomi,Järjestelmäasiantuntija,+358142000545,+35840100545,jaana.kolehmainen,SYN-HYVAKS-000015,,,SMTP:jaana.kolehmainen@example.invalid,,,fi-FI,Aktiivinen,synthetic-development-data
Jyväskylä,Keski-Suomen hyvinvointialue,Palveluprosessien digitalisaatio,Mäkinen Pekka,pekka.makinen@example.invalid,SYN-HYVAKS-000546,Vakituinen,2018-06-21,Toimipiste,"Hyvinvointialue, Keski-Suomi",Konsernipalvelut,Tietohallinto,Palveluprosessien digitalisaatio,Palveluprosessien digitalisaatio,"HYVINVOINTIKATU 12, 40100 Jyväskylä","Toimiala=Konsernipalvelut; Vastuualue=Tietohallinto; Palvelualue=Palveluprosessien digitalisaatio; Palveluyksikkö=Palveluprosessien digitalisaatio; Toimipiste=HYVINVOINTIKATU 12, 40100 Jyväskylä",KESKI-SUOMEN HYVINVOINTIALUE,KESKI-SUOMEN HYVINVOINTIALUE,40100,HYVINVOINTIKATU 12,Keski-Suomi,Suomi,Prosessikehittäjä,+358142000546,+35845100546,pekka.makinen,SYN-HYVAKS-000026,,,SMTP:pekka.makinen@example.invalid,,,fi-FI,Aktiivinen,synthetic-development-data
Jämsä,Keski-Suomen hyvinvointialue,Tietohallintopalvelut,Savolainen Heli,heli.savolainen@example.invalid,SYN-HYVAKS-000547,Määräaikainen,2019-06-14,Toimipiste,"Hyvinvointialue, Keski-Suomi",Konsernipalvelut,Tietohallinto,Tietohallintopalvelut,Tietohallintopalvelut,"SAIRAALANTIE 8, 42100 Jämsä","Toimiala=Konsernipalvelut; Vastuualue=Tietohallinto; Palvelualue=Tietohallintopalvelut; Palveluyksikkö=Tietohallintopalvelut; Toimipiste=SAIRAALANTIE 8, 42100 Jämsä",KESKI-SUOMEN HYVINVOINTIALUE,KESKI-SUOMEN HYVINVOINTIALUE,42100,SAIRAALANTIE 8,Keski-Suomi,Suomi,Järjestelmäasiantuntija,+358142000547,+35840100547,heli.savolainen,SYN-HYVAKS-000016,,,SMTP:heli.savolainen@example.invalid,,,fi-FI,Aktiivinen,synthetic-development-data
Viitasaari,Keski-Suomen hyvinvointialue,Tilapalveluiden johtaminen,Väisänen Tiina,tiina.vaisanen@example.invalid,SYN-HYVAKS-000548,Vakituinen,2025-04-08,Toimipiste,"Hyvinvointialue, Keski-Suomi",Konsernipalvelut,Tilapalvelut,Tilapalveluiden johtaminen,Tilapalveluiden johtaminen,"TERVEYSKESKUKSENTIE 2, 44500 Viitasaari","Toimiala=Konsernipalvelut; Vastuualue=Tilapalvelut; Palvelualue=Tilapalveluiden johtaminen; Palveluyksikkö=Tilapalveluiden johtaminen; Toimipiste=TERVEYSKESKUKSENTIE 2, 44500 Viitasaari",KESKI-SUOMEN HYVINVOINTIALUE,KESKI-SUOMEN HYVINVOINTIALUE,44500,TERVEYSKESKUKSENTIE 2,Keski-Suomi,Suomi,Kiinteistöasiantuntija,+358142000548,+35850100548,tiina.vaisanen,SYN-HYVAKS-000036,,,SMTP:tiina.vaisanen@example.invalid,,,fi-FI,Aktiivinen,synthetic-development-data
Jyväskylä,Keski-Suomen hyvinvointialue,Tietohallinto yhteiset,Kallio Saara,saara.kallio@example.invalid,SYN-HYVAKS-000549,Vakituinen,2002-03-06,Toimipiste,"Hyvinvointialue, Keski-Suomi",Konsernipalvelut,Tietohallinto,Tietohallinto yhteiset,Tietohallinto yhteiset,"HYVINVOINTIKATU 12, 40100 Jyväskylä","Toimiala=Konsernipalvelut; Vastuualue=Tietohallinto; Palvelualue=Tietohallinto yhteiset; Palveluyksikkö=Tietohallinto yhteiset; Toimipiste=HYVINVOINTIKATU 12, 40100 Jyväskylä",KESKI-SUOMEN HYVINVOINTIALUE,KESKI-SUOMEN HYVINVOINTIALUE,40100,HYVINVOINTIKATU 12,Keski-Suomi,Suomi,Tietohallinnon suunnittelija,+358142000549,+35845100549,saara.kallio,SYN-HYVAKS-000014,,,SMTP:saara.kallio@example.invalid,,,fi-FI,Aktiivinen,synthetic-development-data
Jyväskylä,Keski-Suomen hyvinvointialue,Viestintäpalvelut,Paananen Henna,henna.paananen@example.invalid,SYN-HYVAKS-000550,Vakituinen,2017-06-29,Toimipiste,"Hyvinvointialue, Keski-Suomi",Konsernipalvelut,Viestintäpalvelut,Viestintäpalvelut,Viestintäpalvelut,"HOITAJANTIE 1, 40620 Jyväskylä","Toimiala=Konsernipalvelut; Vastuualue=Viestintäpalvelut; Palvelualue=Viestintäpalvelut; Palveluyksikkö=Viestintäpalvelut; Toimipiste=HOITAJANTIE 1, 40620 Jyväskylä",KESKI-SUOMEN HYVINVOINTIALUE,KESKI-SUOMEN HYVINVOINTIALUE,40620,HOITAJANTIE 1,Keski-Suomi,Suomi,Graafinen suunnittelija,+358142000550,+35840100550,henna.paananen,SYN-HYVAKS-000028,,,SMTP:henna.paananen@example.invalid,,,fi-FI,Aktiivinen,synthetic-development-data
Jämsä,Keski-Suomen hyvinvointialue,Tilapalveluiden johtaminen,Manninen Henna,henna.manninen@example.invalid,SYN-HYVAKS-000551,Vakituinen,2025-07-03,Toimipiste,"Hyvinvointialue, Keski-Suomi",Konsernipalvelut,Tilapalvelut,Tilapalveluiden johtaminen,Tilapalveluiden johtaminen,"SAIRAALANTIE 8, 42100 Jämsä","Toimiala=Konsernipalvelut; Vastuualue=Tilapalvelut; Palvelualue=Tilapalveluiden johtaminen; Palveluyksikkö=Tilapalveluiden johtaminen; Toimipiste=SAIRAALANTIE 8, 42100 Jämsä",KESKI-SUOMEN HYVINVOINTIALUE,KESKI-SUOMEN HYVINVOINTIALUE,42100,SAIRAALANTIE 8,Keski-Suomi,Suomi,Kiinteistöasiantuntija,+358142000551,+35844100551,henna.manninen,SYN-HYVAKS-000032,,,SMTP:henna.manninen@example.invalid,,,fi-FI,Aktiivinen,synthetic-development-data
Äänekoski,Keski-Suomen hyvinvointialue,Teknologiapalvelut,Vuorinen Elina,elina.vuorinen@example.invalid,SYN-HYVAKS-000552,Sijainen,2001-05-17,Toimipiste,"Hyvinvointialue, Keski-Suomi",Konsernipalvelut,Tietohallinto,Teknologiapalvelut,Teknologiapalvelut,"KESKUSKATU 14, 44100 Äänekoski","Toimiala=Konsernipalvelut; Vastuualue=Tietohallinto; Palvelualue=Teknologiapalvelut; Palveluyksikkö=Teknologiapalvelut; Toimipiste=KESKUSKATU 14, 44100 Äänekoski",KESKI-SUOMEN HYVINVOINTIALUE,KESKI-SUOMEN HYVINVOINTIALUE,44100,KESKUSKATU 14,Keski-Suomi,Suomi,Verkkoasiantuntija,+358142000552,+35844100552,elina.vuorinen,SYN-HYVAKS-000024,,,SMTP:elina.vuorinen@example.invalid,,,fi-FI,Aktiivinen,synthetic-development-data
Jyväskylä,Keski-Suomen hyvinvointialue,Viestintäpalvelut,Hakala Tuomas,tuomas.hakala@example.invalid,SYN-HYVAKS-000553,Vakituinen,2004-05-14,Toimipiste,"Hyvinvointialue, Keski-Suomi",Konsernipalvelut,Viestintäpalvelut,Viestintäpalvelut,Viestintäpalvelut,"HYVINVOINTIKATU 12, 40100 Jyväskylä","Toimiala=Konsernipalvelut; Vastuualue=Viestintäpalvelut; Palvelualue=Viestintäpalvelut; Palveluyksikkö=Viestintäpalvelut; Toimipiste=HYVINVOINTIKATU 12, 40100 Jyväskylä",KESKI-SUOMEN HYVINVOINTIALUE,KESKI-SUOMEN HYVINVOINTIALUE,40100,HYVINVOINTIKATU 12,Keski-Suomi,Suomi,Graafinen suunnittelija,+358142000553,+35845100553,tuomas.hakala,SYN-HYVAKS-000029,,,SMTP:tuomas.hakala@example.invalid,,,fi-FI,Aktiivinen,synthetic-development-data
Viitasaari,Keski-Suomen hyvinvointialue,Tilapalveluiden johtaminen,Törmänen Marika,marika.tormanen@example.invalid,SYN-HYVAKS-000554,Määräaikainen,2015-07-19,Toimipiste,"Hyvinvointialue, Keski-Suomi",Konsernipalvelut,Tilapalvelut,Tilapalveluiden johtaminen,Tilapalveluiden johtaminen,"TERVEYSKESKUKSENTIE 2, 44500 Viitasaari","Toimiala=Konsernipalvelut; Vastuualue=Tilapalvelut; Palvelualue=Tilapalveluiden johtaminen; Palveluyksikkö=Tilapalveluiden johtaminen; Toimipiste=TERVEYSKESKUKSENTIE 2, 44500 Viitasaari",KESKI-SUOMEN HYVINVOINTIALUE,KESKI-SUOMEN HYVINVOINTIALUE,44500,TERVEYSKESKUKSENTIE 2,Keski-Suomi,Suomi,Huoltoinsinööri,+358142000554,+35844100554,marika.tormanen,SYN-HYVAKS-000036,,,SMTP:marika.tormanen@example.invalid,,,fi-FI,Aktiivinen,synthetic-development-data
Jämsä,Keski-Suomen hyvinvointialue,Teknologiapalvelut,Takala Olli,olli.takala@example.invalid,SYN-HYVAKS-000555,Vakituinen,2021-12-26,Toimipiste,"Hyvinvointialue, Keski-Suomi",Konsernipalvelut,Tietohallinto,Teknologiapalvelut,Teknologiapalvelut,"SAIRAALANTIE 8, 42100 Jämsä","Toimiala=Konsernipalvelut; Vastuualue=Tietohallinto; Palvelualue=Teknologiapalvelut; Palveluyksikkö=Teknologiapalvelut; Toimipiste=SAIRAALANTIE 8, 42100 Jämsä",KESKI-SUOMEN HYVINVOINTIALUE,KESKI-SUOMEN HYVINVOINTIALUE,42100,SAIRAALANTIE 8,Keski-Suomi,Suomi,Järjestelmäasiantuntija,+358142000555,+35845100555,olli.takala,SYN-HYVAKS-000023,,,SMTP:olli.takala@example.invalid,,,fi-FI,Aktiivinen,synthetic-development-data
Jämsä,Keski-Suomen hyvinvointialue,Tietohallintopalvelut,Niemi Kalle,kalle.niemi@example.invalid,SYN-HYVAKS-000556,Vakituinen,2012-03-17,Toimipiste,"Hyvinvointialue, Keski-Suomi",Konsernipalvelut,Tietohallinto,Tietohallintopalvelut,Tietohallintopalvelut,"SAIRAALANTIE 8, 42100 Jämsä","Toimiala=Konsernipalvelut; Vastuualue=Tietohallinto; Palvelualue=Tietohallintopalvelut; Palveluyksikkö=Tietohallintopalvelut; Toimipiste=SAIRAALANTIE 8, 42100 Jämsä",KESKI-SUOMEN HYVINVOINTIALUE,KESKI-SUOMEN HYVINVOINTIALUE,42100,SAIRAALANTIE 8,Keski-Suomi,Suomi,Järjestelmäasiantuntija,+358142000556,+35840100556,kalle.niemi,SYN-HYVAKS-000016,,,SMTP:kalle.niemi@example.invalid,,,fi-FI,Aktiivinen,synthetic-development-data
Jyväskylä,Keski-Suomen hyvinvointialue,Tietohallintopalvelut,Toivonen Janne,janne.toivonen@example.invalid,SYN-HYVAKS-000557,Vakituinen,2009-09-11,Toimipiste,"Hyvinvointialue, Keski-Suomi",Konsernipalvelut,Tietohallinto,Tietohallintopalvelut,Tietohallintopalvelut,"HOITAJANTIE 1, 40620 Jyväskylä","Toimiala=Konsernipalvelut; Vastuualue=Tietohallinto; Palvelualue=Tietohallintopalvelut; Palveluyksikkö=Tietohallintopalvelut; Toimipiste=HOITAJANTIE 1, 40620 Jyväskylä",KESKI-SUOMEN HYVINVOINTIALUE,KESKI-SUOMEN HYVINVOINTIALUE,40620,HOITAJANTIE 1,Keski-Suomi,Suomi,Laitetukiasiantuntija,+358142000557,+35840100557,janne.toivonen,SYN-HYVAKS-000015,,,SMTP:janne.toivonen@example.invalid,,,fi-FI,Aktiivinen,synthetic-development-data
Jyväskylä,Keski-Suomen hyvinvointialue,Teknologiapalvelut,Kallio Veera,veera.kallio@example.invalid,SYN-HYVAKS-000558,Vakituinen,2025-07-12,Toimipiste,"Hyvinvointialue, Keski-Suomi",Konsernipalvelut,Tietohallinto,Teknologiapalvelut,Teknologiapalvelut,"HOITAJANTIE 1, 40620 Jyväskylä","Toimiala=Konsernipalvelut; Vastuualue=Tietohallinto; Palvelualue=Teknologiapalvelut; Palveluyksikkö=Teknologiapalvelut; Toimipiste=HOITAJANTIE 1, 40620 Jyväskylä",KESKI-SUOMEN HYVINVOINTIALUE,KESKI-SUOMEN HYVINVOINTIALUE,40620,HOITAJANTIE 1,Keski-Suomi,Suomi,Palveluarkkitehti,+358142000558,+35840100558,veera.kallio,SYN-HYVAKS-000021,,,SMTP:veera.kallio@example.invalid,,,fi-FI,Aktiivinen,synthetic-development-data
Keuruu,Keski-Suomen hyvinvointialue,Tilapalveluiden johtaminen,Uusitalo Janne,janne.uusitalo@example.invalid,SYN-HYVAKS-000559,Vakituinen,2005-09-24,Toimipiste,"Hyvinvointialue, Keski-Suomi",Konsernipalvelut,Tilapalvelut,Tilapalveluiden johtaminen,Tilapalveluiden johtaminen,"PALVELUTIE 3, 42700 Keuruu","Toimiala=Konsernipalvelut; Vastuualue=Tilapalvelut; Palvelualue=Tilapalveluiden johtaminen; Palveluyksikkö=Tilapalveluiden johtaminen; Toimipiste=PALVELUTIE 3, 42700 Keuruu",KESKI-SUOMEN HYVINVOINTIALUE,KESKI-SUOMEN HYVINVOINTIALUE,42700,PALVELUTIE 3,Keski-Suomi,Suomi,Huoltoinsinööri,+358142000559,+35845100559,janne.uusitalo,SYN-HYVAKS-000034,,,SMTP:janne.uusitalo@example.invalid,,,fi-FI,Aktiivinen,synthetic-development-data
Äänekoski,Keski-Suomen hyvinvointialue,Teknologiapalvelut,Mäkelä Henna,henna.makela3@example.invalid,SYN-HYVAKS-000560,Sijainen,2003-06-16,Toimipiste,"Hyvinvointialue, Keski-Suomi",Konsernipalvelut,Tietohallinto,Teknologiapalvelut,Teknologiapalvelut,"KESKUSKATU 14, 44100 Äänekoski","Toimiala=Konsernipalvelut; Vastuualue=Tietohallinto; Palvelualue=Teknologiapalvelut; Palveluyksikkö=Teknologiapalvelut; Toimipiste=KESKUSKATU 14, 44100 Äänekoski",KESKI-SUOMEN HYVINVOINTIALUE,KESKI-SUOMEN HYVINVOINTIALUE,44100,KESKUSKATU 14,Keski-Suomi,Suomi,Palveluarkkitehti,+358142000560,+35840100560,henna.makela3,SYN-HYVAKS-000024,,,SMTP:henna.makela3@example.invalid,,,fi-FI,Aktiivinen,synthetic-development-data
Jämsä,Keski-Suomen hyvinvointialue,Teknologiapalvelut,Ahonen Anni,anni.ahonen@example.invalid,SYN-HYVAKS-000561,Vakituinen,2015-07-07,Toimipiste,"Hyvinvointialue, Keski-Suomi",Konsernipalvelut,Tietohallinto,Teknologiapalvelut,Teknologiapalvelut,"SAIRAALANTIE 8, 42100 Jämsä","Toimiala=Konsernipalvelut; Vastuualue=Tietohallinto; Palvelualue=Teknologiapalvelut; Palveluyksikkö=Teknologiapalvelut; Toimipiste=SAIRAALANTIE 8, 42100 Jämsä",KESKI-SUOMEN HYVINVOINTIALUE,KESKI-SUOMEN HYVINVOINTIALUE,42100,SAIRAALANTIE 8,Keski-Suomi,Suomi,Palveluarkkitehti,+358142000561,+35850100561,anni.ahonen,SYN-HYVAKS-000023,,,SMTP:anni.ahonen@example.invalid,,,fi-FI,Aktiivinen,synthetic-development-data
Karstula,Keski-Suomen hyvinvointialue,Tilapalveluiden johtaminen,Saarinen Minna,minna.saarinen@example.invalid,SYN-HYVAKS-000562,Vakituinen,2012-07-26,Toimipiste,"Hyvinvointialue, Keski-Suomi",Konsernipalvelut,Tilapalvelut,Tilapalveluiden johtaminen,Tilapalveluiden johtaminen,"HYVINVOINTITIE 6, 43500 Karstula","Toimiala=Konsernipalvelut; Vastuualue=Tilapalvelut; Palvelualue=Tilapalveluiden johtaminen; Palveluyksikkö=Tilapalveluiden johtaminen; Toimipiste=HYVINVOINTITIE 6, 43500 Karstula",KESKI-SUOMEN HYVINVOINTIALUE,KESKI-SUOMEN HYVINVOINTIALUE,43500,HYVINVOINTITIE 6,Keski-Suomi,Suomi,Huoltoinsinööri,+358142000562,+35845100562,minna.saarinen,SYN-HYVAKS-000035,,,SMTP:minna.saarinen@example.invalid,,,fi-FI,Aktiivinen,synthetic-development-data
Jyväskylä,Keski-Suomen hyvinvointialue,Teknologiapalvelut,Jokinen Eeva,eeva.jokinen@example.invalid,SYN-HYVAKS-000563,Vakituinen,2021-04-24,Toimipiste,"Hyvinvointialue, Keski-Suomi",Konsernipalvelut,Tietohallinto,Teknologiapalvelut,Teknologiapalvelut,"HOITAJANTIE 1, 40620 Jyväskylä","Toimiala=Konsernipalvelut; Vastuualue=Tietohallinto; Palvelualue=Teknologiapalvelut; Palveluyksikkö=Teknologiapalvelut; Toimipiste=HOITAJANTIE 1, 40620 Jyväskylä",KESKI-SUOMEN HYVINVOINTIALUE,KESKI-SUOMEN HYVINVOINTIALUE,40620,HOITAJANTIE 1,Keski-Suomi,Suomi,Järjestelmäasiantuntija,+358142000563,+35850100563,eeva.jokinen,SYN-HYVAKS-000021,,,SMTP:eeva.jokinen@example.invalid,,,fi-FI,Aktiivinen,synthetic-development-data
Jyväskylä,Keski-Suomen hyvinvointialue,Teknologiapalvelut,Hakala Eeva,eeva.hakala2@example.invalid,SYN-HYVAKS-000564,Vakituinen,2012-05-19,Toimipiste,"Hyvinvointialue, Keski-Suomi",Konsernipalvelut,Tietohallinto,Teknologiapalvelut,Teknologiapalvelut,"HOITAJANTIE 1, 40620 Jyväskylä","Toimiala=Konsernipalvelut; Vastuualue=Tietohallinto; Palvelualue=Teknologiapalvelut; Palveluyksikkö=Teknologiapalvelut; Toimipiste=HOITAJANTIE 1, 40620 Jyväskylä",KESKI-SUOMEN HYVINVOINTIALUE,KESKI-SUOMEN HYVINVOINTIALUE,40620,HOITAJANTIE 1,Keski-Suomi,Suomi,Palveluarkkitehti,+358142000564,+35850100564,eeva.hakala2,SYN-HYVAKS-000021,,,SMTP:eeva.hakala2@example.invalid,,,fi-FI,Aktiivinen,synthetic-development-data
Jyväskylä,Keski-Suomen hyvinvointialue,Tietohallintopalvelut,Aaltonen Jukka,jukka.aaltonen@example.invalid,SYN-HYVAKS-000565,Osa-aikainen,2021-07-15,Toimipiste,"Hyvinvointialue, Keski-Suomi",Konsernipalvelut,Tietohallinto,Tietohallintopalvelut,Tietohallintopalvelut,"HOITAJANTIE 1, 40620 Jyväskylä","Toimiala=Konsernipalvelut; Vastuualue=Tietohallinto; Palvelualue=Tietohallintopalvelut; Palveluyksikkö=Tietohallintopalvelut; Toimipiste=HOITAJANTIE 1, 40620 Jyväskylä",KESKI-SUOMEN HYVINVOINTIALUE,KESKI-SUOMEN HYVINVOINTIALUE,40620,HOITAJANTIE 1,Keski-Suomi,Suomi,Järjestelmäasiantuntija,+358142000565,+35844100565,jukka.aaltonen,SYN-HYVAKS-000015,,,SMTP:jukka.aaltonen@example.invalid,,,fi-FI,Aktiivinen,synthetic-development-data
Jyväskylä,Keski-Suomen hyvinvointialue,Tilapalveluiden johtaminen,Törmänen Eeva,eeva.tormanen@example.invalid,SYN-HYVAKS-000566,Vakituinen,1998-03-04,Toimipiste,"Hyvinvointialue, Keski-Suomi",Konsernipalvelut,Tilapalvelut,Tilapalveluiden johtaminen,Tilapalveluiden johtaminen,"HYVINVOINTIKATU 12, 40100 Jyväskylä","Toimiala=Konsernipalvelut; Vastuualue=Tilapalvelut; Palvelualue=Tilapalveluiden johtaminen; Palveluyksikkö=Tilapalveluiden johtaminen; Toimipiste=HYVINVOINTIKATU 12, 40100 Jyväskylä",KESKI-SUOMEN HYVINVOINTIALUE,KESKI-SUOMEN HYVINVOINTIALUE,40100,HYVINVOINTIKATU 12,Keski-Suomi,Suomi,Kiinteistöasiantuntija,+358142000566,+35840100566,eeva.tormanen,SYN-HYVAKS-000031,,,SMTP:eeva.tormanen@example.invalid,,,fi-FI,Aktiivinen,synthetic-development-data
Karstula,Keski-Suomen hyvinvointialue,Tilapalveluiden johtaminen,Salminen Pekka,pekka.salminen2@example.invalid,SYN-HYVAKS-000567,Vakituinen,2008-08-15,Toimipiste,"Hyvinvointialue, Keski-Suomi",Konsernipalvelut,Tilapalvelut,Tilapalveluiden johtaminen,Tilapalveluiden johtaminen,"HYVINVOINTITIE 6, 43500 Karstula","Toimiala=Konsernipalvelut; Vastuualue=Tilapalvelut; Palvelualue=Tilapalveluiden johtaminen; Palveluyksikkö=Tilapalveluiden johtaminen; Toimipiste=HYVINVOINTITIE 6, 43500 Karstula",KESKI-SUOMEN HYVINVOINTIALUE,KESKI-SUOMEN HYVINVOINTIALUE,43500,HYVINVOINTITIE 6,Keski-Suomi,Suomi,Huoltoinsinööri,+358142000567,+35845100567,pekka.salminen2,SYN-HYVAKS-000035,,,SMTP:pekka.salminen2@example.invalid,,,fi-FI,Aktiivinen,synthetic-development-data
Jyväskylä,Keski-Suomen hyvinvointialue,Tilapalveluiden johtaminen,Salo Henna,henna.salo@example.invalid,SYN-HYVAKS-000568,Vakituinen,2009-03-10,Toimipiste,"Hyvinvointialue, Keski-Suomi",Konsernipalvelut,Tilapalvelut,Tilapalveluiden johtaminen,Tilapalveluiden johtaminen,"HYVINVOINTIKATU 12, 40100 Jyväskylä","Toimiala=Konsernipalvelut; Vastuualue=Tilapalvelut; Palvelualue=Tilapalveluiden johtaminen; Palveluyksikkö=Tilapalveluiden johtaminen; Toimipiste=HYVINVOINTIKATU 12, 40100 Jyväskylä",KESKI-SUOMEN HYVINVOINTIALUE,KESKI-SUOMEN HYVINVOINTIALUE,40100,HYVINVOINTIKATU 12,Keski-Suomi,Suomi,Huoltoinsinööri,+358142000568,+35840100568,henna.salo,SYN-HYVAKS-000031,,,SMTP:henna.salo@example.invalid,,,fi-FI,Poistuva,synthetic-development-data
Jämsä,Keski-Suomen hyvinvointialue,Teknologiapalvelut,Hämäläinen Mikael,mikael.hamalainen@example.invalid,SYN-HYVAKS-000569,Vakituinen,2015-04-12,Toimipiste,"Hyvinvointialue, Keski-Suomi",Konsernipalvelut,Tietohallinto,Teknologiapalvelut,Teknologiapalvelut,"SAIRAALANTIE 8, 42100 Jämsä","Toimiala=Konsernipalvelut; Vastuualue=Tietohallinto; Palvelualue=Teknologiapalvelut; Palveluyksikkö=Teknologiapalvelut; Toimipiste=SAIRAALANTIE 8, 42100 Jämsä",KESKI-SUOMEN HYVINVOINTIALUE,KESKI-SUOMEN HYVINVOINTIALUE,42100,SAIRAALANTIE 8,Keski-Suomi,Suomi,Teknologia-asiantuntija,+358142000569,+35844100569,mikael.hamalainen,SYN-HYVAKS-000023,,,SMTP:mikael.hamalainen@example.invalid,,,fi-FI,Aktiivinen,synthetic-development-data
Jyväskylä,Keski-Suomen hyvinvointialue,Teknologiapalvelut,Seppälä Eeva,eeva.seppala@example.invalid,SYN-HYVAKS-000570,Vakituinen,2025-10-22,Toimipiste,"Hyvinvointialue, Keski-Suomi",Konsernipalvelut,Tietohallinto,Teknologiapalvelut,Teknologiapalvelut,"HYVINVOINTIKATU 12, 40100 Jyväskylä","Toimiala=Konsernipalvelut; Vastuualue=Tietohallinto; Palvelualue=Teknologiapalvelut; Palveluyksikkö=Teknologiapalvelut; Toimipiste=HYVINVOINTIKATU 12, 40100 Jyväskylä",KESKI-SUOMEN HYVINVOINTIALUE,KESKI-SUOMEN HYVINVOINTIALUE,40100,HYVINVOINTIKATU 12,Keski-Suomi,Suomi,Konesaliasiantuntija,+358142000570,+35840100570,eeva.seppala,SYN-HYVAKS-000022,,,SMTP:eeva.seppala@example.invalid,,,fi-FI,Aktiivinen,synthetic-development-data
Laukaa,Keski-Suomen hyvinvointialue,Tietohallintopalvelut,Karjalainen Jukka,jukka.karjalainen@example.invalid,SYN-HYVAKS-000571,Vakituinen,2004-04-17,Toimipiste,"Hyvinvointialue, Keski-Suomi",Konsernipalvelut,Tietohallinto,Tietohallintopalvelut,Tietohallintopalvelut,"TERVEYSTIE 5, 41340 Laukaa","Toimiala=Konsernipalvelut; Vastuualue=Tietohallinto; Palvelualue=Tietohallintopalvelut; Palveluyksikkö=Tietohallintopalvelut; Toimipiste=TERVEYSTIE 5, 41340 Laukaa",KESKI-SUOMEN HYVINVOINTIALUE,KESKI-SUOMEN HYVINVOINTIALUE,41340,TERVEYSTIE 5,Keski-Suomi,Suomi,Järjestelmäasiantuntija,+358142000571,+35844100571,jukka.karjalainen,SYN-HYVAKS-000018,,,SMTP:jukka.karjalainen@example.invalid,,,fi-FI,Aktiivinen,synthetic-development-data
Jyväskylä,Keski-Suomen hyvinvointialue,Tietohallintopalvelut,Pitkänen Laura,laura.pitkanen@example.invalid,SYN-HYVAKS-000572,Määräaikainen,2021-11-14,Toimipiste,"Hyvinvointialue, Keski-Suomi",Konsernipalvelut,Tietohallinto,Tietohallintopalvelut,Tietohallintopalvelut,"HOITAJANTIE 1, 40620 Jyväskylä","Toimiala=Konsernipalvelut; Vastuualue=Tietohallinto; Palvelualue=Tietohallintopalvelut; Palveluyksikkö=Tietohallintopalvelut; Toimipiste=HOITAJANTIE 1, 40620 Jyväskylä",KESKI-SUOMEN HYVINVOINTIALUE,KESKI-SUOMEN HYVINVOINTIALUE,40620,HOITAJANTIE 1,Keski-Suomi,Suomi,Laitetukiasiantuntija,+358142000572,+35840100572,laura.pitkanen,SYN-HYVAKS-000015,,,SMTP:laura.pitkanen@example.invalid,,,fi-FI,Aktiivinen,synthetic-development-data
Karstula,Keski-Suomen hyvinvointialue,Tilapalveluiden johtaminen,Karjalainen Tomi,tomi.karjalainen@example.invalid,SYN-HYVAKS-000573,Vakituinen,2004-10-21,Toimipiste,"Hyvinvointialue, Keski-Suomi",Konsernipalvelut,Tilapalvelut,Tilapalveluiden johtaminen,Tilapalveluiden johtaminen,"HYVINVOINTITIE 6, 43500 Karstula","Toimiala=Konsernipalvelut; Vastuualue=Tilapalvelut; Palvelualue=Tilapalveluiden johtaminen; Palveluyksikkö=Tilapalveluiden johtaminen; Toimipiste=HYVINVOINTITIE 6, 43500 Karstula",KESKI-SUOMEN HYVINVOINTIALUE,KESKI-SUOMEN HYVINVOINTIALUE,43500,HYVINVOINTITIE 6,Keski-Suomi,Suomi,Huoltoinsinööri,+358142000573,+35844100573,tomi.karjalainen,SYN-HYVAKS-000035,,,SMTP:tomi.karjalainen@example.invalid,,,fi-FI,Aktiivinen,synthetic-development-data
Äänekoski,Keski-Suomen hyvinvointialue,Tietohallintopalvelut,Hämäläinen Joonas,joonas.hamalainen@example.invalid,SYN-HYVAKS-000574,Määräaikainen,2026-03-16,Toimipiste,"Hyvinvointialue, Keski-Suomi",Konsernipalvelut,Tietohallinto,Tietohallintopalvelut,Tietohallintopalvelut,"KESKUSKATU 14, 44100 Äänekoski","Toimiala=Konsernipalvelut; Vastuualue=Tietohallinto; Palvelualue=Tietohallintopalvelut; Palveluyksikkö=Tietohallintopalvelut; Toimipiste=KESKUSKATU 14, 44100 Äänekoski",KESKI-SUOMEN HYVINVOINTIALUE,KESKI-SUOMEN HYVINVOINTIALUE,44100,KESKUSKATU 14,Keski-Suomi,Suomi,Laitetukiasiantuntija,+358142000574,+35840100574,joonas.hamalainen,SYN-HYVAKS-000017,,,SMTP:joonas.hamalainen@example.invalid,,,fi-FI,Aktiivinen,synthetic-development-data
Jyväskylä,Keski-Suomen hyvinvointialue,Palveluprosessien digitalisaatio,Savolainen Kaisa,kaisa.savolainen@example.invalid,SYN-HYVAKS-000575,Vakituinen,2004-11-06,Toimipiste,"Hyvinvointialue, Keski-Suomi",Konsernipalvelut,Tietohallinto,Palveluprosessien digitalisaatio,Palveluprosessien digitalisaatio,"HOITAJANTIE 1, 40620 Jyväskylä","Toimiala=Konsernipalvelut; Vastuualue=Tietohallinto; Palvelualue=Palveluprosessien digitalisaatio; Palveluyksikkö=Palveluprosessien digitalisaatio; Toimipiste=HOITAJANTIE 1, 40620 Jyväskylä",KESKI-SUOMEN HYVINVOINTIALUE,KESKI-SUOMEN HYVINVOINTIALUE,40620,HOITAJANTIE 1,Keski-Suomi,Suomi,Integraatioasiantuntija,+358142000575,+35844100575,kaisa.savolainen,SYN-HYVAKS-000025,,,SMTP:kaisa.savolainen@example.invalid,,,fi-FI,Aktiivinen,synthetic-development-data
Viitasaari,Keski-Suomen hyvinvointialue,Tilapalveluiden johtaminen,Hämäläinen Anu,anu.hamalainen@example.invalid,SYN-HYVAKS-000576,Vakituinen,2026-02-05,Toimipiste,"Hyvinvointialue, Keski-Suomi",Konsernipalvelut,Tilapalvelut,Tilapalveluiden johtaminen,Tilapalveluiden johtaminen,"TERVEYSKESKUKSENTIE 2, 44500 Viitasaari","Toimiala=Konsernipalvelut; Vastuualue=Tilapalvelut; Palvelualue=Tilapalveluiden johtaminen; Palveluyksikkö=Tilapalveluiden johtaminen; Toimipiste=TERVEYSKESKUKSENTIE 2, 44500 Viitasaari",KESKI-SUOMEN HYVINVOINTIALUE,KESKI-SUOMEN HYVINVOINTIALUE,44500,TERVEYSKESKUKSENTIE 2,Keski-Suomi,Suomi,Huoltoinsinööri,+358142000576,+35845100576,anu.hamalainen,SYN-HYVAKS-000036,,,SMTP:anu.hamalainen@example.invalid,,,fi-FI,Aktiivinen,synthetic-development-data
Jyväskylä,Keski-Suomen hyvinvointialue,Projektit ja kehittäminen,Rantanen Kalle,kalle.rantanen@example.invalid,SYN-HYVAKS-000577,Vakituinen,2003-08-04,Toimipiste,"Hyvinvointialue, Keski-Suomi",Konsernipalvelut,Tietohallinto,Projektit ja kehittäminen,Projektit ja kehittäminen,"HYVINVOINTIKATU 12, 40100 Jyväskylä","Toimiala=Konsernipalvelut; Vastuualue=Tietohallinto; Palvelualue=Projektit ja kehittäminen; Palveluyksikkö=Projektit ja kehittäminen; Toimipiste=HYVINVOINTIKATU 12, 40100 Jyväskylä",KESKI-SUOMEN HYVINVOINTIALUE,KESKI-SUOMEN HYVINVOINTIALUE,40100,HYVINVOINTIKATU 12,Keski-Suomi,Suomi,Palvelumuotoilija,+358142000577,+35840100577,kalle.rantanen,SYN-HYVAKS-000020,,,SMTP:kalle.rantanen@example.invalid,,,fi-FI,Aktiivinen,synthetic-development-data
Jyväskylä,Keski-Suomen hyvinvointialue,Teknologiapalvelut,Savolainen Matti,matti.savolainen@example.invalid,SYN-HYVAKS-000578,Vakituinen,2017-09-02,Toimipiste,"Hyvinvointialue, Keski-Suomi",Konsernipalvelut,Tietohallinto,Teknologiapalvelut,Teknologiapalvelut,"HOITAJANTIE 1, 40620 Jyväskylä","Toimiala=Konsernipalvelut; Vastuualue=Tietohallinto; Palvelualue=Teknologiapalvelut; Palveluyksikkö=Teknologiapalvelut; Toimipiste=HOITAJANTIE 1, 40620 Jyväskylä",KESKI-SUOMEN HYVINVOINTIALUE,KESKI-SUOMEN HYVINVOINTIALUE,40620,HOITAJANTIE 1,Keski-Suomi,Suomi,Tietoturva-asiantuntija,+358142000578,+35840100578,matti.savolainen,SYN-HYVAKS-000021,,,SMTP:matti.savolainen@example.invalid,,,fi-FI,Aktiivinen,synthetic-development-data
Viitasaari,Keski-Suomen hyvinvointialue,Tilapalveluiden johtaminen,Uusitalo Emilia,emilia.uusitalo@example.invalid,SYN-HYVAKS-000579,Vakituinen,2006-08-06,Toimipiste,"Hyvinvointialue, Keski-Suomi",Konsernipalvelut,Tilapalvelut,Tilapalveluiden johtaminen,Tilapalveluiden johtaminen,"TERVEYSKESKUKSENTIE 2, 44500 Viitasaari","Toimiala=Konsernipalvelut; Vastuualue=Tilapalvelut; Palvelualue=Tilapalveluiden johtaminen; Palveluyksikkö=Tilapalveluiden johtaminen; Toimipiste=TERVEYSKESKUKSENTIE 2, 44500 Viitasaari",KESKI-SUOMEN HYVINVOINTIALUE,KESKI-SUOMEN HYVINVOINTIALUE,44500,TERVEYSKESKUKSENTIE 2,Keski-Suomi,Suomi,Kiinteistöasiantuntija,+358142000579,+35850100579,emilia.uusitalo,SYN-HYVAKS-000036,,,SMTP:emilia.uusitalo@example.invalid,,,fi-FI,Aktiivinen,synthetic-development-data
Jyväskylä,Keski-Suomen hyvinvointialue,Tietohallinto yhteiset,Lahtinen Marika,marika.lahtinen@example.invalid,SYN-HYVAKS-000580,Vakituinen,2005-06-22,Toimipiste,"Hyvinvointialue, Keski-Suomi",Konsernipalvelut,Tietohallinto,Tietohallinto yhteiset,Tietohallinto yhteiset,"HYVINVOINTIKATU 12, 40100 Jyväskylä","Toimiala=Konsernipalvelut; Vastuualue=Tietohallinto; Palvelualue=Tietohallinto yhteiset; Palveluyksikkö=Tietohallinto yhteiset; Toimipiste=HYVINVOINTIKATU 12, 40100 Jyväskylä",KESKI-SUOMEN HYVINVOINTIALUE,KESKI-SUOMEN HYVINVOINTIALUE,40100,HYVINVOINTIKATU 12,Keski-Suomi,Suomi,Tietohallinnon suunnittelija,+358142000580,+35850100580,marika.lahtinen,SYN-HYVAKS-000014,,,SMTP:marika.lahtinen@example.invalid,,,fi-FI,Aktiivinen,synthetic-development-data
Äänekoski,Keski-Suomen hyvinvointialue,Tietohallintopalvelut,Törmänen Satu,satu.tormanen@example.invalid,SYN-HYVAKS-000581,Sijainen,2003-06-04,Toimipiste,"Hyvinvointialue, Keski-Suomi",Konsernipalvelut,Tietohallinto,Tietohallintopalvelut,Tietohallintopalvelut,"KESKUSKATU 14, 44100 Äänekoski","Toimiala=Konsernipalvelut; Vastuualue=Tietohallinto; Palvelualue=Tietohallintopalvelut; Palveluyksikkö=Tietohallintopalvelut; Toimipiste=KESKUSKATU 14, 44100 Äänekoski",KESKI-SUOMEN HYVINVOINTIALUE,KESKI-SUOMEN HYVINVOINTIALUE,44100,KESKUSKATU 14,Keski-Suomi,Suomi,Laitetukiasiantuntija,+358142000581,+35840100581,satu.tormanen,SYN-HYVAKS-000017,,,SMTP:satu.tormanen@example.invalid,,,fi-FI,Aktiivinen,synthetic-development-data
Jämsä,Keski-Suomen hyvinvointialue,Tietohallintopalvelut,Mäkinen Leena,leena.makinen@example.invalid,SYN-HYVAKS-000582,Vakituinen,2012-08-17,Toimipiste,"Hyvinvointialue, Keski-Suomi",Konsernipalvelut,Tietohallinto,Tietohallintopalvelut,Tietohallintopalvelut,"SAIRAALANTIE 8, 42100 Jämsä","Toimiala=Konsernipalvelut; Vastuualue=Tietohallinto; Palvelualue=Tietohallintopalvelut; Palveluyksikkö=Tietohallintopalvelut; Toimipiste=SAIRAALANTIE 8, 42100 Jämsä",KESKI-SUOMEN HYVINVOINTIALUE,KESKI-SUOMEN HYVINVOINTIALUE,42100,SAIRAALANTIE 8,Keski-Suomi,Suomi,Järjestelmäasiantuntija,+358142000582,+35844100582,leena.makinen,SYN-HYVAKS-000016,,,SMTP:leena.makinen@example.invalid,,,fi-FI,Passiivinen,synthetic-development-data
Jyväskylä,Keski-Suomen hyvinvointialue,Projektit ja kehittäminen,Sillanpää Jere,jere.sillanpaa@example.invalid,SYN-HYVAKS-000583,Vakituinen,2008-10-13,Toimipiste,"Hyvinvointialue, Keski-Suomi",Konsernipalvelut,Tietohallinto,Projektit ja kehittäminen,Projektit ja kehittäminen,"HYVINVOINTIKATU 12, 40100 Jyväskylä","Toimiala=Konsernipalvelut; Vastuualue=Tietohallinto; Palvelualue=Projektit ja kehittäminen; Palveluyksikkö=Projektit ja kehittäminen; Toimipiste=HYVINVOINTIKATU 12, 40100 Jyväskylä",KESKI-SUOMEN HYVINVOINTIALUE,KESKI-SUOMEN HYVINVOINTIALUE,40100,HYVINVOINTIKATU 12,Keski-Suomi,Suomi,Palvelumuotoilija,+358142000583,+35840100583,jere.sillanpaa,SYN-HYVAKS-000020,,,SMTP:jere.sillanpaa@example.invalid,,,fi-FI,Aktiivinen,synthetic-development-data
Äänekoski,Keski-Suomen hyvinvointialue,Tietohallintopalvelut,Rantanen Katri,katri.rantanen@example.invalid,SYN-HYVAKS-000584,Vakituinen,2003-08-13,Toimipiste,"Hyvinvointialue, Keski-Suomi",Konsernipalvelut,Tietohallinto,Tietohallintopalvelut,Tietohallintopalvelut,"KESKUSKATU 14, 44100 Äänekoski","Toimiala=Konsernipalvelut; Vastuualue=Tietohallinto; Palvelualue=Tietohallintopalvelut; Palveluyksikkö=Tietohallintopalvelut; Toimipiste=KESKUSKATU 14, 44100 Äänekoski",KESKI-SUOMEN HYVINVOINTIALUE,KESKI-SUOMEN HYVINVOINTIALUE,44100,KESKUSKATU 14,Keski-Suomi,Suomi,Tietohallinnon asiantuntija,+358142000584,+35840100584,katri.rantanen,SYN-HYVAKS-000017,,,SMTP:katri.rantanen@example.invalid,,,fi-FI,Aktiivinen,synthetic-development-data
Äänekoski,Keski-Suomen hyvinvointialue,Teknologiapalvelut,Koskela Joonas,joonas.koskela3@example.invalid,SYN-HYVAKS-000585,Määräaikainen,2025-07-21,Toimipiste,"Hyvinvointialue, Keski-Suomi",Konsernipalvelut,Tietohallinto,Teknologiapalvelut,Teknologiapalvelut,"KESKUSKATU 14, 44100 Äänekoski","Toimiala=Konsernipalvelut; Vastuualue=Tietohallinto; Palvelualue=Teknologiapalvelut; Palveluyksikkö=Teknologiapalvelut; Toimipiste=KESKUSKATU 14, 44100 Äänekoski",KESKI-SUOMEN HYVINVOINTIALUE,KESKI-SUOMEN HYVINVOINTIALUE,44100,KESKUSKATU 14,Keski-Suomi,Suomi,Verkkoasiantuntija,+358142000585,+35844100585,joonas.koskela3,SYN-HYVAKS-000024,,,SMTP:joonas.koskela3@example.invalid,,,fi-FI,Aktiivinen,synthetic-development-data
Keuruu,Keski-Suomen hyvinvointialue,Tilapalveluiden johtaminen,Peltonen Kaisa,kaisa.peltonen@example.invalid,SYN-HYVAKS-000586,Vakituinen,1999-08-21,Toimipiste,"Hyvinvointialue, Keski-Suomi",Konsernipalvelut,Tilapalvelut,Tilapalveluiden johtaminen,Tilapalveluiden johtaminen,"PALVELUTIE 3, 42700 Keuruu","Toimiala=Konsernipalvelut; Vastuualue=Tilapalvelut; Palvelualue=Tilapalveluiden johtaminen; Palveluyksikkö=Tilapalveluiden johtaminen; Toimipiste=PALVELUTIE 3, 42700 Keuruu",KESKI-SUOMEN HYVINVOINTIALUE,KESKI-SUOMEN HYVINVOINTIALUE,42700,PALVELUTIE 3,Keski-Suomi,Suomi,Huoltoinsinööri,+358142000586,+35845100586,kaisa.peltonen,SYN-HYVAKS-000034,,,SMTP:kaisa.peltonen@example.invalid,,,en-US,Aktiivinen,synthetic-development-data
Jyväskylä,Keski-Suomen hyvinvointialue,Palveluprosessien digitalisaatio,Toivonen Minna,minna.toivonen@example.invalid,SYN-HYVAKS-000587,Vakituinen,2010-10-13,Toimipiste,"Hyvinvointialue, Keski-Suomi",Konsernipalvelut,Tietohallinto,Palveluprosessien digitalisaatio,Palveluprosessien digitalisaatio,"HOITAJANTIE 1, 40620 Jyväskylä","Toimiala=Konsernipalvelut; Vastuualue=Tietohallinto; Palvelualue=Palveluprosessien digitalisaatio; Palveluyksikkö=Palveluprosessien digitalisaatio; Toimipiste=HOITAJANTIE 1, 40620 Jyväskylä",KESKI-SUOMEN HYVINVOINTIALUE,KESKI-SUOMEN HYVINVOINTIALUE,40620,HOITAJANTIE 1,Keski-Suomi,Suomi,Prosessikehittäjä,+358142000587,+35840100587,minna.toivonen,SYN-HYVAKS-000025,,,SMTP:minna.toivonen@example.invalid,,,fi-FI,Aktiivinen,synthetic-development-data
Viitasaari,Keski-Suomen hyvinvointialue,Tilapalveluiden johtaminen,Kinnunen Nina,nina.kinnunen@example.invalid,SYN-HYVAKS-000588,Vakituinen,2020-09-13,Toimipiste,"Hyvinvointialue, Keski-Suomi",Konsernipalvelut,Tilapalvelut,Tilapalveluiden johtaminen,Tilapalveluiden johtaminen,"TERVEYSKESKUKSENTIE 2, 44500 Viitasaari","Toimiala=Konsernipalvelut; Vastuualue=Tilapalvelut; Palvelualue=Tilapalveluiden johtaminen; Palveluyksikkö=Tilapalveluiden johtaminen; Toimipiste=TERVEYSKESKUKSENTIE 2, 44500 Viitasaari",KESKI-SUOMEN HYVINVOINTIALUE,KESKI-SUOMEN HYVINVOINTIALUE,44500,TERVEYSKESKUKSENTIE 2,Keski-Suomi,Suomi,Kiinteistöasiantuntija,+358142000588,+35845100588,nina.kinnunen,SYN-HYVAKS-000036,,,SMTP:nina.kinnunen@example.invalid,,,fi-FI,Aktiivinen,synthetic-development-data
Jyväskylä,Keski-Suomen hyvinvointialue,Tietohallinto yhteiset,Peltonen Jaana,jaana.peltonen2@example.invalid,SYN-HYVAKS-000589,Vakituinen,2001-06-29,Toimipiste,"Hyvinvointialue, Keski-Suomi",Konsernipalvelut,Tietohallinto,Tietohallinto yhteiset,Tietohallinto yhteiset,"HOITAJANTIE 1, 40620 Jyväskylä","Toimiala=Konsernipalvelut; Vastuualue=Tietohallinto; Palvelualue=Tietohallinto yhteiset; Palveluyksikkö=Tietohallinto yhteiset; Toimipiste=HOITAJANTIE 1, 40620 Jyväskylä",KESKI-SUOMEN HYVINVOINTIALUE,KESKI-SUOMEN HYVINVOINTIALUE,40620,HOITAJANTIE 1,Keski-Suomi,Suomi,Johdon assistentti,+358142000589,+35850100589,jaana.peltonen2,SYN-HYVAKS-000013,,,SMTP:jaana.peltonen2@example.invalid,,,fi-FI,Aktiivinen,synthetic-development-data
Viitasaari,Keski-Suomen hyvinvointialue,Tilapalveluiden johtaminen,Salminen Heli,heli.salminen@example.invalid,SYN-HYVAKS-000590,Osa-aikainen,1998-02-28,Toimipiste,"Hyvinvointialue, Keski-Suomi",Konsernipalvelut,Tilapalvelut,Tilapalveluiden johtaminen,Tilapalveluiden johtaminen,"TERVEYSKESKUKSENTIE 2, 44500 Viitasaari","Toimiala=Konsernipalvelut; Vastuualue=Tilapalvelut; Palvelualue=Tilapalveluiden johtaminen; Palveluyksikkö=Tilapalveluiden johtaminen; Toimipiste=TERVEYSKESKUKSENTIE 2, 44500 Viitasaari",KESKI-SUOMEN HYVINVOINTIALUE,KESKI-SUOMEN HYVINVOINTIALUE,44500,TERVEYSKESKUKSENTIE 2,Keski-Suomi,Suomi,Huoltoinsinööri,+358142000590,+35850100590,heli.salminen,SYN-HYVAKS-000036,,,SMTP:heli.salminen@example.invalid,,,fi-FI,Aktiivinen,synthetic-development-data
Jyväskylä,Keski-Suomen hyvinvointialue,Teknologiapalvelut,Seppälä Kimmo,kimmo.seppala@example.invalid,SYN-HYVAKS-000591,Vakituinen,2009-06-11,Toimipiste,"Hyvinvointialue, Keski-Suomi",Konsernipalvelut,Tietohallinto,Teknologiapalvelut,Teknologiapalvelut,"HOITAJANTIE 1, 40620 Jyväskylä","Toimiala=Konsernipalvelut; Vastuualue=Tietohallinto; Palvelualue=Teknologiapalvelut; Palveluyksikkö=Teknologiapalvelut; Toimipiste=HOITAJANTIE 1, 40620 Jyväskylä",KESKI-SUOMEN HYVINVOINTIALUE,KESKI-SUOMEN HYVINVOINTIALUE,40620,HOITAJANTIE 1,Keski-Suomi,Suomi,Teknologia-asiantuntija,+358142000591,+35840100591,kimmo.seppala,SYN-HYVAKS-000021,,,SMTP:kimmo.seppala@example.invalid,,,fi-FI,Aktiivinen,synthetic-development-data
Jyväskylä,Keski-Suomen hyvinvointialue,Teknologiapalvelut,Mäkinen Tomi,tomi.makinen2@example.invalid,SYN-HYVAKS-000592,Vakituinen,2000-10-14,Toimipiste,"Hyvinvointialue, Keski-Suomi",Konsernipalvelut,Tietohallinto,Teknologiapalvelut,Teknologiapalvelut,"HOITAJANTIE 1, 40620 Jyväskylä","Toimiala=Konsernipalvelut; Vastuualue=Tietohallinto; Palvelualue=Teknologiapalvelut; Palveluyksikkö=Teknologiapalvelut; Toimipiste=HOITAJANTIE 1, 40620 Jyväskylä",KESKI-SUOMEN HYVINVOINTIALUE,KESKI-SUOMEN HYVINVOINTIALUE,40620,HOITAJANTIE 1,Keski-Suomi,Suomi,Tietoturva-asiantuntija,+358142000592,+35844100592,tomi.makinen2,SYN-HYVAKS-000021,,,SMTP:tomi.makinen2@example.invalid,,,fi-FI,Aktiivinen,synthetic-development-data
Jyväskylä,Keski-Suomen hyvinvointialue,Palveluprosessien digitalisaatio,Salo Jukka,jukka.salo@example.invalid,SYN-HYVAKS-000593,Vakituinen,2018-02-15,Toimipiste,"Hyvinvointialue, Keski-Suomi",Konsernipalvelut,Tietohallinto,Palveluprosessien digitalisaatio,Palveluprosessien digitalisaatio,"HYVINVOINTIKATU 12, 40100 Jyväskylä","Toimiala=Konsernipalvelut; Vastuualue=Tietohallinto; Palvelualue=Palveluprosessien digitalisaatio; Palveluyksikkö=Palveluprosessien digitalisaatio; Toimipiste=HYVINVOINTIKATU 12, 40100 Jyväskylä",KESKI-SUOMEN HYVINVOINTIALUE,KESKI-SUOMEN HYVINVOINTIALUE,40100,HYVINVOINTIKATU 12,Keski-Suomi,Suomi,Tietoasiantuntija,+358142000593,+35844100593,jukka.salo,SYN-HYVAKS-000026,,,SMTP:jukka.salo@example.invalid,,,fi-FI,Aktiivinen,synthetic-development-data
Jyväskylä,Keski-Suomen hyvinvointialue,Tietohallintopalvelut,Kinnunen Vesa,vesa.kinnunen@example.invalid,SYN-HYVAKS-000594,Vakituinen,2021-05-12,Toimipiste,"Hyvinvointialue, Keski-Suomi",Konsernipalvelut,Tietohallinto,Tietohallintopalvelut,Tietohallintopalvelut,"HOITAJANTIE 1, 40620 Jyväskylä","Toimiala=Konsernipalvelut; Vastuualue=Tietohallinto; Palvelualue=Tietohallintopalvelut; Palveluyksikkö=Tietohallintopalvelut; Toimipiste=HOITAJANTIE 1, 40620 Jyväskylä",KESKI-SUOMEN HYVINVOINTIALUE,KESKI-SUOMEN HYVINVOINTIALUE,40620,HOITAJANTIE 1,Keski-Suomi,Suomi,Tietohallinnon asiantuntija,+358142000594,+35840100594,vesa.kinnunen,SYN-HYVAKS-000015,,,SMTP:vesa.kinnunen@example.invalid,,,fi-FI,Aktiivinen,synthetic-development-data
Jämsä,Keski-Suomen hyvinvointialue,Tietohallintopalvelut,Seppälä Juha,juha.seppala@example.invalid,SYN-HYVAKS-000595,Vakituinen,2004-03-15,Toimipiste,"Hyvinvointialue, Keski-Suomi",Konsernipalvelut,Tietohallinto,Tietohallintopalvelut,Tietohallintopalvelut,"SAIRAALANTIE 8, 42100 Jämsä","Toimiala=Konsernipalvelut; Vastuualue=Tietohallinto; Palvelualue=Tietohallintopalvelut; Palveluyksikkö=Tietohallintopalvelut; Toimipiste=SAIRAALANTIE 8, 42100 Jämsä",KESKI-SUOMEN HYVINVOINTIALUE,KESKI-SUOMEN HYVINVOINTIALUE,42100,SAIRAALANTIE 8,Keski-Suomi,Suomi,Laitetukiasiantuntija,+358142000595,+35844100595,juha.seppala,SYN-HYVAKS-000016,,,SMTP:juha.seppala@example.invalid,,,fi-FI,Aktiivinen,synthetic-development-data
Viitasaari,Keski-Suomen hyvinvointialue,Tilapalveluiden johtaminen,Moilanen Joonas,joonas.moilanen@example.invalid,SYN-HYVAKS-000596,Vakituinen,2009-05-18,Toimipiste,"Hyvinvointialue, Keski-Suomi",Konsernipalvelut,Tilapalvelut,Tilapalveluiden johtaminen,Tilapalveluiden johtaminen,"TERVEYSKESKUKSENTIE 2, 44500 Viitasaari","Toimiala=Konsernipalvelut; Vastuualue=Tilapalvelut; Palvelualue=Tilapalveluiden johtaminen; Palveluyksikkö=Tilapalveluiden johtaminen; Toimipiste=TERVEYSKESKUKSENTIE 2, 44500 Viitasaari",KESKI-SUOMEN HYVINVOINTIALUE,KESKI-SUOMEN HYVINVOINTIALUE,44500,TERVEYSKESKUKSENTIE 2,Keski-Suomi,Suomi,Huoltoinsinööri,+358142000596,+35844100596,joonas.moilanen,SYN-HYVAKS-000036,,,SMTP:joonas.moilanen@example.invalid,,,fi-FI,Aktiivinen,synthetic-development-data
Jämsä,Keski-Suomen hyvinvointialue,Viestintäpalvelut,Lahtinen Tuula,tuula.lahtinen@example.invalid,SYN-HYVAKS-000597,Vakituinen,2001-06-03,Toimipiste,"Hyvinvointialue, Keski-Suomi",Konsernipalvelut,Viestintäpalvelut,Viestintäpalvelut,Viestintäpalvelut,"SAIRAALANTIE 8, 42100 Jämsä","Toimiala=Konsernipalvelut; Vastuualue=Viestintäpalvelut; Palvelualue=Viestintäpalvelut; Palveluyksikkö=Viestintäpalvelut; Toimipiste=SAIRAALANTIE 8, 42100 Jämsä",KESKI-SUOMEN HYVINVOINTIALUE,KESKI-SUOMEN HYVINVOINTIALUE,42100,SAIRAALANTIE 8,Keski-Suomi,Suomi,Graafinen suunnittelija,+358142000597,+35844100597,tuula.lahtinen,SYN-HYVAKS-000030,,,SMTP:tuula.lahtinen@example.invalid,,,fi-FI,Aktiivinen,synthetic-development-data
Laukaa,Keski-Suomen hyvinvointialue,Tietohallintopalvelut,Sipilä Joonas,joonas.sipila2@example.invalid,SYN-HYVAKS-000598,Vakituinen,2014-10-16,Toimipiste,"Hyvinvointialue, Keski-Suomi",Konsernipalvelut,Tietohallinto,Tietohallintopalvelut,Tietohallintopalvelut,"TERVEYSTIE 5, 41340 Laukaa","Toimiala=Konsernipalvelut; Vastuualue=Tietohallinto; Palvelualue=Tietohallintopalvelut; Palveluyksikkö=Tietohallintopalvelut; Toimipiste=TERVEYSTIE 5, 41340 Laukaa",KESKI-SUOMEN HYVINVOINTIALUE,KESKI-SUOMEN HYVINVOINTIALUE,41340,TERVEYSTIE 5,Keski-Suomi,Suomi,Tietohallinnon asiantuntija,+358142000598,+35850100598,joonas.sipila2,SYN-HYVAKS-000018,,,SMTP:joonas.sipila2@example.invalid,,,fi-FI,Aktiivinen,synthetic-development-data
Jämsä,Keski-Suomen hyvinvointialue,Tietohallintopalvelut,Kolehmainen Sanna,sanna.kolehmainen@example.invalid,SYN-HYVAKS-000599,Vakituinen,2009-03-24,Toimipiste,"Hyvinvointialue, Keski-Suomi",Konsernipalvelut,Tietohallinto,Tietohallintopalvelut,Tietohallintopalvelut,"SAIRAALANTIE 8, 42100 Jämsä","Toimiala=Konsernipalvelut; Vastuualue=Tietohallinto; Palvelualue=Tietohallintopalvelut; Palveluyksikkö=Tietohallintopalvelut; Toimipiste=SAIRAALANTIE 8, 42100 Jämsä",KESKI-SUOMEN HYVINVOINTIALUE,KESKI-SUOMEN HYVINVOINTIALUE,42100,SAIRAALANTIE 8,Keski-Suomi,Suomi,Laitetukiasiantuntija,+358142000599,+35850100599,sanna.kolehmainen,SYN-HYVAKS-000016,,,SMTP:sanna.kolehmainen@example.invalid,,,fi-FI,Aktiivinen,synthetic-development-data
Jyväskylä,Keski-Suomen hyvinvointialue,Teknologiapalvelut,Seppälä Laura,laura.seppala@example.invalid,SYN-HYVAKS-000600,Vakituinen,2004-03-08,Toimipiste,"Hyvinvointialue, Keski-Suomi",Konsernipalvelut,Tietohallinto,Teknologiapalvelut,Teknologiapalvelut,"HOITAJANTIE 1, 40620 Jyväskylä","Toimiala=Konsernipalvelut; Vastuualue=Tietohallinto; Palvelualue=Teknologiapalvelut; Palveluyksikkö=Teknologiapalvelut; Toimipiste=HOITAJANTIE 1, 40620 Jyväskylä",KESKI-SUOMEN HYVINVOINTIALUE,KESKI-SUOMEN HYVINVOINTIALUE,40620,HOITAJANTIE 1,Keski-Suomi,Suomi,Verkkoasiantuntija,+358142000600,+35844100600,laura.seppala,SYN-HYVAKS-000021,,,SMTP:laura.seppala@example.invalid,,,fi-FI,Poistuva,synthetic-development-data
Jyväskylä,Keski-Suomen hyvinvointialue,Teknologiapalvelut,Mäkelä Riikka,riikka.makela@example.invalid,SYN-HYVAKS-000601,Vakituinen,2008-10-17,Toimipiste,"Hyvinvointialue, Keski-Suomi",Konsernipalvelut,Tietohallinto,Teknologiapalvelut,Teknologiapalvelut,"HYVINVOINTIKATU 12, 40100 Jyväskylä","Toimiala=Konsernipalvelut; Vastuualue=Tietohallinto; Palvelualue=Teknologiapalvelut; Palveluyksikkö=Teknologiapalvelut; Toimipiste=HYVINVOINTIKATU 12, 40100 Jyväskylä",KESKI-SUOMEN HYVINVOINTIALUE,KESKI-SUOMEN HYVINVOINTIALUE,40100,HYVINVOINTIKATU 12,Keski-Suomi,Suomi,Palveluarkkitehti,+358142000601,+35840100601,riikka.makela,SYN-HYVAKS-000022,,,SMTP:riikka.makela@example.invalid,,,fi-FI,Aktiivinen,synthetic-development-data
Jyväskylä,Keski-Suomen hyvinvointialue,Tilapalveluiden johtaminen,Roiha Liisa,liisa.roiha@example.invalid,SYN-HYVAKS-000602,Sijainen,2014-04-22,Toimipiste,"Hyvinvointialue, Keski-Suomi",Konsernipalvelut,Tilapalvelut,Tilapalveluiden johtaminen,Tilapalveluiden johtaminen,"HYVINVOINTIKATU 12, 40100 Jyväskylä","Toimiala=Konsernipalvelut; Vastuualue=Tilapalvelut; Palvelualue=Tilapalveluiden johtaminen; Palveluyksikkö=Tilapalveluiden johtaminen; Toimipiste=HYVINVOINTIKATU 12, 40100 Jyväskylä",KESKI-SUOMEN HYVINVOINTIALUE,KESKI-SUOMEN HYVINVOINTIALUE,40100,HYVINVOINTIKATU 12,Keski-Suomi,Suomi,Huoltoinsinööri,+358142000602,+35850100602,liisa.roiha,SYN-HYVAKS-000031,,,SMTP:liisa.roiha@example.invalid,,,fi-FI,Aktiivinen,synthetic-development-data
Äänekoski,Keski-Suomen hyvinvointialue,Tilapalveluiden johtaminen,Pitkänen Juha,juha.pitkanen3@example.invalid,SYN-HYVAKS-000603,Määräaikainen,1999-11-25,Toimipiste,"Hyvinvointialue, Keski-Suomi",Konsernipalvelut,Tilapalvelut,Tilapalveluiden johtaminen,Tilapalveluiden johtaminen,"KESKUSKATU 14, 44100 Äänekoski","Toimiala=Konsernipalvelut; Vastuualue=Tilapalvelut; Palvelualue=Tilapalveluiden johtaminen; Palveluyksikkö=Tilapalveluiden johtaminen; Toimipiste=KESKUSKATU 14, 44100 Äänekoski",KESKI-SUOMEN HYVINVOINTIALUE,KESKI-SUOMEN HYVINVOINTIALUE,44100,KESKUSKATU 14,Keski-Suomi,Suomi,Huoltoinsinööri,+358142000603,+35840100603,juha.pitkanen3,SYN-HYVAKS-000033,,,SMTP:juha.pitkanen3@example.invalid,,,fi-FI,Aktiivinen,synthetic-development-data
Jämsä,Keski-Suomen hyvinvointialue,Tilapalveluiden johtaminen,Takala Antti,antti.takala@example.invalid,SYN-HYVAKS-000604,Osa-aikainen,2013-04-01,Toimipiste,"Hyvinvointialue, Keski-Suomi",Konsernipalvelut,Tilapalvelut,Tilapalveluiden johtaminen,Tilapalveluiden johtaminen,"SAIRAALANTIE 8, 42100 Jämsä","Toimiala=Konsernipalvelut; Vastuualue=Tilapalvelut; Palvelualue=Tilapalveluiden johtaminen; Palveluyksikkö=Tilapalveluiden johtaminen; Toimipiste=SAIRAALANTIE 8, 42100 Jämsä",KESKI-SUOMEN HYVINVOINTIALUE,KESKI-SUOMEN HYVINVOINTIALUE,42100,SAIRAALANTIE 8,Keski-Suomi,Suomi,Kiinteistöasiantuntija,+358142000604,+35840100604,antti.takala,SYN-HYVAKS-000032,,,SMTP:antti.takala@example.invalid,,,fi-FI,Aktiivinen,synthetic-development-data
Jyväskylä,Keski-Suomen hyvinvointialue,Palveluprosessien digitalisaatio,Koskela Meri,meri.koskela2@example.invalid,SYN-HYVAKS-000605,Vakituinen,2022-02-12,Toimipiste,"Hyvinvointialue, Keski-Suomi",Konsernipalvelut,Tietohallinto,Palveluprosessien digitalisaatio,Palveluprosessien digitalisaatio,"HYVINVOINTIKATU 12, 40100 Jyväskylä","Toimiala=Konsernipalvelut; Vastuualue=Tietohallinto; Palvelualue=Palveluprosessien digitalisaatio; Palveluyksikkö=Palveluprosessien digitalisaatio; Toimipiste=HYVINVOINTIKATU 12, 40100 Jyväskylä",KESKI-SUOMEN HYVINVOINTIALUE,KESKI-SUOMEN HYVINVOINTIALUE,40100,HYVINVOINTIKATU 12,Keski-Suomi,Suomi,Tietoasiantuntija,+358142000605,+35845100605,meri.koskela2,SYN-HYVAKS-000026,,,SMTP:meri.koskela2@example.invalid,,,fi-FI,Aktiivinen,synthetic-development-data
Jämsä,Keski-Suomen hyvinvointialue,Tilapalveluiden johtaminen,Suomalainen Outi,outi.suomalainen2@example.invalid,SYN-HYVAKS-000606,Vakituinen,2010-09-30,Toimipiste,"Hyvinvointialue, Keski-Suomi",Konsernipalvelut,Tilapalvelut,Tilapalveluiden johtaminen,Tilapalveluiden johtaminen,"SAIRAALANTIE 8, 42100 Jämsä","Toimiala=Konsernipalvelut; Vastuualue=Tilapalvelut; Palvelualue=Tilapalveluiden johtaminen; Palveluyksikkö=Tilapalveluiden johtaminen; Toimipiste=SAIRAALANTIE 8, 42100 Jämsä",KESKI-SUOMEN HYVINVOINTIALUE,KESKI-SUOMEN HYVINVOINTIALUE,42100,SAIRAALANTIE 8,Keski-Suomi,Suomi,Huoltoinsinööri,+358142000606,+35845100606,outi.suomalainen2,SYN-HYVAKS-000032,,,SMTP:outi.suomalainen2@example.invalid,,,fi-FI,Aktiivinen,synthetic-development-data
Jyväskylä,Keski-Suomen hyvinvointialue,Palveluprosessien digitalisaatio,Virtanen Jere,jere.virtanen@example.invalid,SYN-HYVAKS-000607,Vakituinen,2011-07-24,Toimipiste,"Hyvinvointialue, Keski-Suomi",Konsernipalvelut,Tietohallinto,Palveluprosessien digitalisaatio,Palveluprosessien digitalisaatio,"HOITAJANTIE 1, 40620 Jyväskylä","Toimiala=Konsernipalvelut; Vastuualue=Tietohallinto; Palvelualue=Palveluprosessien digitalisaatio; Palveluyksikkö=Palveluprosessien digitalisaatio; Toimipiste=HOITAJANTIE 1, 40620 Jyväskylä",KESKI-SUOMEN HYVINVOINTIALUE,KESKI-SUOMEN HYVINVOINTIALUE,40620,HOITAJANTIE 1,Keski-Suomi,Suomi,Prosessikehittäjä,+358142000607,+35850100607,jere.virtanen,SYN-HYVAKS-000025,,,SMTP:jere.virtanen@example.invalid,,,fi-FI,Aktiivinen,synthetic-development-data
Äänekoski,Keski-Suomen hyvinvointialue,Tietohallintopalvelut,Nurminen Timo,timo.nurminen@example.invalid,SYN-HYVAKS-000608,Vakituinen,2000-05-21,Toimipiste,"Hyvinvointialue, Keski-Suomi",Konsernipalvelut,Tietohallinto,Tietohallintopalvelut,Tietohallintopalvelut,"KESKUSKATU 14, 44100 Äänekoski","Toimiala=Konsernipalvelut; Vastuualue=Tietohallinto; Palvelualue=Tietohallintopalvelut; Palveluyksikkö=Tietohallintopalvelut; Toimipiste=KESKUSKATU 14, 44100 Äänekoski",KESKI-SUOMEN HYVINVOINTIALUE,KESKI-SUOMEN HYVINVOINTIALUE,44100,KESKUSKATU 14,Keski-Suomi,Suomi,Järjestelmäasiantuntija,+358142000608,+35844100608,timo.nurminen,SYN-HYVAKS-000017,,,SMTP:timo.nurminen@example.invalid,,,fi-FI,Aktiivinen,synthetic-development-data
Laukaa,Keski-Suomen hyvinvointialue,Palveluprosessien digitalisaatio,Tuominen Henna,henna.tuominen@example.invalid,SYN-HYVAKS-000609,Vakituinen,2004-08-28,Toimipiste,"Hyvinvointialue, Keski-Suomi",Konsernipalvelut,Tietohallinto,Palveluprosessien digitalisaatio,Palveluprosessien digitalisaatio,"TERVEYSTIE 5, 41340 Laukaa","Toimiala=Konsernipalvelut; Vastuualue=Tietohallinto; Palvelualue=Palveluprosessien digitalisaatio; Palveluyksikkö=Palveluprosessien digitalisaatio; Toimipiste=TERVEYSTIE 5, 41340 Laukaa",KESKI-SUOMEN HYVINVOINTIALUE,KESKI-SUOMEN HYVINVOINTIALUE,41340,TERVEYSTIE 5,Keski-Suomi,Suomi,Prosessikehittäjä,+358142000609,+35840100609,henna.tuominen,SYN-HYVAKS-000027,,,SMTP:henna.tuominen@example.invalid,,,fi-FI,Aktiivinen,synthetic-development-data
Jämsä,Keski-Suomen hyvinvointialue,Tietohallintopalvelut,Salonen Sami,sami.salonen@example.invalid,SYN-HYVAKS-000610,Vakituinen,2012-09-02,Toimipiste,"Hyvinvointialue, Keski-Suomi",Konsernipalvelut,Tietohallinto,Tietohallintopalvelut,Tietohallintopalvelut,"SAIRAALANTIE 8, 42100 Jämsä","Toimiala=Konsernipalvelut; Vastuualue=Tietohallinto; Palvelualue=Tietohallintopalvelut; Palveluyksikkö=Tietohallintopalvelut; Toimipiste=SAIRAALANTIE 8, 42100 Jämsä",KESKI-SUOMEN HYVINVOINTIALUE,KESKI-SUOMEN HYVINVOINTIALUE,42100,SAIRAALANTIE 8,Keski-Suomi,Suomi,Käyttäjätukiasiantuntija,+358142000610,+35840100610,sami.salonen,SYN-HYVAKS-000016,,,SMTP:sami.salonen@example.invalid,,,fi-FI,Aktiivinen,synthetic-development-data
Jämsä,Keski-Suomen hyvinvointialue,Tietohallintopalvelut,Hakala Outi,outi.hakala@example.invalid,SYN-HYVAKS-000611,Vakituinen,2014-06-06,Toimipiste,"Hyvinvointialue, Keski-Suomi",Konsernipalvelut,Tietohallinto,Tietohallintopalvelut,Tietohallintopalvelut,"SAIRAALANTIE 8, 42100 Jämsä","Toimiala=Konsernipalvelut; Vastuualue=Tietohallinto; Palvelualue=Tietohallintopalvelut; Palveluyksikkö=Tietohallintopalvelut; Toimipiste=SAIRAALANTIE 8, 42100 Jämsä",KESKI-SUOMEN HYVINVOINTIALUE,KESKI-SUOMEN HYVINVOINTIALUE,42100,SAIRAALANTIE 8,Keski-Suomi,Suomi,Käyttäjätukiasiantuntija,+358142000611,+35845100611,outi.hakala,SYN-HYVAKS-000016,,,SMTP:outi.hakala@example.invalid,,,fi-FI,Aktiivinen,synthetic-development-data
Laukaa,Keski-Suomen hyvinvointialue,Palveluprosessien digitalisaatio,Salo Satu,satu.salo@example.invalid,SYN-HYVAKS-000612,Vakituinen,2010-12-25,Toimipiste,"Hyvinvointialue, Keski-Suomi",Konsernipalvelut,Tietohallinto,Palveluprosessien digitalisaatio,Palveluprosessien digitalisaatio,"TERVEYSTIE 5, 41340 Laukaa","Toimiala=Konsernipalvelut; Vastuualue=Tietohallinto; Palvelualue=Palveluprosessien digitalisaatio; Palveluyksikkö=Palveluprosessien digitalisaatio; Toimipiste=TERVEYSTIE 5, 41340 Laukaa",KESKI-SUOMEN HYVINVOINTIALUE,KESKI-SUOMEN HYVINVOINTIALUE,41340,TERVEYSTIE 5,Keski-Suomi,Suomi,Integraatioasiantuntija,+358142000612,+35844100612,satu.salo,SYN-HYVAKS-000027,,,SMTP:satu.salo@example.invalid,,,fi-FI,Aktiivinen,synthetic-development-data
Jyväskylä,Keski-Suomen hyvinvointialue,Palveluprosessien digitalisaatio,Salonen Nina,nina.salonen@example.invalid,SYN-HYVAKS-000613,Vakituinen,2002-11-16,Toimipiste,"Hyvinvointialue, Keski-Suomi",Konsernipalvelut,Tietohallinto,Palveluprosessien digitalisaatio,Palveluprosessien digitalisaatio,"HYVINVOINTIKATU 12, 40100 Jyväskylä","Toimiala=Konsernipalvelut; Vastuualue=Tietohallinto; Palvelualue=Palveluprosessien digitalisaatio; Palveluyksikkö=Palveluprosessien digitalisaatio; Toimipiste=HYVINVOINTIKATU 12, 40100 Jyväskylä",KESKI-SUOMEN HYVINVOINTIALUE,KESKI-SUOMEN HYVINVOINTIALUE,40100,HYVINVOINTIKATU 12,Keski-Suomi,Suomi,Digitalisaatioasiantuntija,+358142000613,+35850100613,nina.salonen,SYN-HYVAKS-000026,,,SMTP:nina.salonen@example.invalid,,,fi-FI,Aktiivinen,synthetic-development-data
Jyväskylä,Keski-Suomen hyvinvointialue,Palveluprosessien digitalisaatio,Tuominen Eeva,eeva.tuominen@example.invalid,SYN-HYVAKS-000614,Vakituinen,2024-10-31,Toimipiste,"Hyvinvointialue, Keski-Suomi",Konsernipalvelut,Tietohallinto,Palveluprosessien digitalisaatio,Palveluprosessien digitalisaatio,"HYVINVOINTIKATU 12, 40100 Jyväskylä","Toimiala=Konsernipalvelut; Vastuualue=Tietohallinto; Palvelualue=Palveluprosessien digitalisaatio; Palveluyksikkö=Palveluprosessien digitalisaatio; Toimipiste=HYVINVOINTIKATU 12, 40100 Jyväskylä",KESKI-SUOMEN HYVINVOINTIALUE,KESKI-SUOMEN HYVINVOINTIALUE,40100,HYVINVOINTIKATU 12,Keski-Suomi,Suomi,Integraatioasiantuntija,+358142000614,+35850100614,eeva.tuominen,SYN-HYVAKS-000026,,,SMTP:eeva.tuominen@example.invalid,,,fi-FI,Aktiivinen,synthetic-development-data
Äänekoski,Keski-Suomen hyvinvointialue,Tilapalveluiden johtaminen,Nieminen Sari,sari.nieminen2@example.invalid,SYN-HYVAKS-000615,Määräaikainen,2023-07-16,Toimipiste,"Hyvinvointialue, Keski-Suomi",Konsernipalvelut,Tilapalvelut,Tilapalveluiden johtaminen,Tilapalveluiden johtaminen,"KESKUSKATU 14, 44100 Äänekoski","Toimiala=Konsernipalvelut; Vastuualue=Tilapalvelut; Palvelualue=Tilapalveluiden johtaminen; Palveluyksikkö=Tilapalveluiden johtaminen; Toimipiste=KESKUSKATU 14, 44100 Äänekoski",KESKI-SUOMEN HYVINVOINTIALUE,KESKI-SUOMEN HYVINVOINTIALUE,44100,KESKUSKATU 14,Keski-Suomi,Suomi,Huoltoinsinööri,+358142000615,+35845100615,sari.nieminen2,SYN-HYVAKS-000033,,,SMTP:sari.nieminen2@example.invalid,,,fi-FI,Aktiivinen,synthetic-development-data
Jyväskylä,Keski-Suomen hyvinvointialue,Teknologiapalvelut,Ahonen Anu,anu.ahonen@example.invalid,SYN-HYVAKS-000616,Määräaikainen,2004-07-30,Toimipiste,"Hyvinvointialue, Keski-Suomi",Konsernipalvelut,Tietohallinto,Teknologiapalvelut,Teknologiapalvelut,"HYVINVOINTIKATU 12, 40100 Jyväskylä","Toimiala=Konsernipalvelut; Vastuualue=Tietohallinto; Palvelualue=Teknologiapalvelut; Palveluyksikkö=Teknologiapalvelut; Toimipiste=HYVINVOINTIKATU 12, 40100 Jyväskylä",KESKI-SUOMEN HYVINVOINTIALUE,KESKI-SUOMEN HYVINVOINTIALUE,40100,HYVINVOINTIKATU 12,Keski-Suomi,Suomi,Järjestelmäasiantuntija,+358142000616,+35850100616,anu.ahonen,SYN-HYVAKS-000022,,,SMTP:anu.ahonen@example.invalid,,,fi-FI,Aktiivinen,synthetic-development-data
Jämsä,Keski-Suomen hyvinvointialue,Viestintäpalvelut,Savolainen Jere,jere.savolainen@example.invalid,SYN-HYVAKS-000617,Vakituinen,2020-08-11,Toimipiste,"Hyvinvointialue, Keski-Suomi",Konsernipalvelut,Viestintäpalvelut,Viestintäpalvelut,Viestintäpalvelut,"SAIRAALANTIE 8, 42100 Jämsä","Toimiala=Konsernipalvelut; Vastuualue=Viestintäpalvelut; Palvelualue=Viestintäpalvelut; Palveluyksikkö=Viestintäpalvelut; Toimipiste=SAIRAALANTIE 8, 42100 Jämsä",KESKI-SUOMEN HYVINVOINTIALUE,KESKI-SUOMEN HYVINVOINTIALUE,42100,SAIRAALANTIE 8,Keski-Suomi,Suomi,Graafinen suunnittelija,+358142000617,+35850100617,jere.savolainen,SYN-HYVAKS-000030,,,SMTP:jere.savolainen@example.invalid,,,fi-FI,Aktiivinen,synthetic-development-data
Jämsä,Keski-Suomen hyvinvointialue,Teknologiapalvelut,Räsänen Veera,veera.rasanen@example.invalid,SYN-HYVAKS-000618,Osa-aikainen,2008-01-03,Toimipiste,"Hyvinvointialue, Keski-Suomi",Konsernipalvelut,Tietohallinto,Teknologiapalvelut,Teknologiapalvelut,"SAIRAALANTIE 8, 42100 Jämsä","Toimiala=Konsernipalvelut; Vastuualue=Tietohallinto; Palvelualue=Teknologiapalvelut; Palveluyksikkö=Teknologiapalvelut; Toimipiste=SAIRAALANTIE 8, 42100 Jämsä",KESKI-SUOMEN HYVINVOINTIALUE,KESKI-SUOMEN HYVINVOINTIALUE,42100,SAIRAALANTIE 8,Keski-Suomi,Suomi,Konesaliasiantuntija,+358142000618,+35840100618,veera.rasanen,SYN-HYVAKS-000023,,,SMTP:veera.rasanen@example.invalid,,,fi-FI,Aktiivinen,synthetic-development-data
Jyväskylä,Keski-Suomen hyvinvointialue,Projektit ja kehittäminen,Mäkelä Leena,leena.makela@example.invalid,SYN-HYVAKS-000619,Vakituinen,2021-03-27,Toimipiste,"Hyvinvointialue, Keski-Suomi",Konsernipalvelut,Tietohallinto,Projektit ja kehittäminen,Projektit ja kehittäminen,"HOITAJANTIE 1, 40620 Jyväskylä","Toimiala=Konsernipalvelut; Vastuualue=Tietohallinto; Palvelualue=Projektit ja kehittäminen; Palveluyksikkö=Projektit ja kehittäminen; Toimipiste=HOITAJANTIE 1, 40620 Jyväskylä",KESKI-SUOMEN HYVINVOINTIALUE,KESKI-SUOMEN HYVINVOINTIALUE,40620,HOITAJANTIE 1,Keski-Suomi,Suomi,Projektisuunnittelija,+358142000619,+35850100619,leena.makela,SYN-HYVAKS-000019,,,SMTP:leena.makela@example.invalid,,,fi-FI,Aktiivinen,synthetic-development-data
Karstula,Keski-Suomen hyvinvointialue,Tilapalveluiden johtaminen,Salminen Anni,anni.salminen@example.invalid,SYN-HYVAKS-000620,Vakituinen,2018-09-19,Toimipiste,"Hyvinvointialue, Keski-Suomi",Konsernipalvelut,Tilapalvelut,Tilapalveluiden johtaminen,Tilapalveluiden johtaminen,"HYVINVOINTITIE 6, 43500 Karstula","Toimiala=Konsernipalvelut; Vastuualue=Tilapalvelut; Palvelualue=Tilapalveluiden johtaminen; Palveluyksikkö=Tilapalveluiden johtaminen; Toimipiste=HYVINVOINTITIE 6, 43500 Karstula",KESKI-SUOMEN HYVINVOINTIALUE,KESKI-SUOMEN HYVINVOINTIALUE,43500,HYVINVOINTITIE 6,Keski-Suomi,Suomi,Kiinteistöasiantuntija,+358142000620,+35840100620,anni.salminen,SYN-HYVAKS-000035,,,SMTP:anni.salminen@example.invalid,,,fi-FI,Aktiivinen,synthetic-development-data
Jyväskylä,Keski-Suomen hyvinvointialue,Tietohallinto yhteiset,Lehtinen Juha,juha.lehtinen@example.invalid,SYN-HYVAKS-000621,Vakituinen,2022-08-29,Toimipiste,"Hyvinvointialue, Keski-Suomi",Konsernipalvelut,Tietohallinto,Tietohallinto yhteiset,Tietohallinto yhteiset,"HYVINVOINTIKATU 12, 40100 Jyväskylä","Toimiala=Konsernipalvelut; Vastuualue=Tietohallinto; Palvelualue=Tietohallinto yhteiset; Palveluyksikkö=Tietohallinto yhteiset; Toimipiste=HYVINVOINTIKATU 12, 40100 Jyväskylä",KESKI-SUOMEN HYVINVOINTIALUE,KESKI-SUOMEN HYVINVOINTIALUE,40100,HYVINVOINTIKATU 12,Keski-Suomi,Suomi,Johdon assistentti,+358142000621,+35844100621,juha.lehtinen,SYN-HYVAKS-000014,,,SMTP:juha.lehtinen@example.invalid,,,fi-FI,Aktiivinen,synthetic-development-data
Jyväskylä,Keski-Suomen hyvinvointialue,Tietohallinto yhteiset,Salonen Janne,janne.salonen2@example.invalid,SYN-HYVAKS-000622,Vakituinen,2001-04-11,Toimipiste,"Hyvinvointialue, Keski-Suomi",Konsernipalvelut,Tietohallinto,Tietohallinto yhteiset,Tietohallinto yhteiset,"HOITAJANTIE 1, 40620 Jyväskylä","Toimiala=Konsernipalvelut; Vastuualue=Tietohallinto; Palvelualue=Tietohallinto yhteiset; Palveluyksikkö=Tietohallinto yhteiset; Toimipiste=HOITAJANTIE 1, 40620 Jyväskylä",KESKI-SUOMEN HYVINVOINTIALUE,KESKI-SUOMEN HYVINVOINTIALUE,40620,HOITAJANTIE 1,Keski-Suomi,Suomi,Tietohallinnon suunnittelija,+358142000622,+35844100622,janne.salonen2,SYN-HYVAKS-000013,,,SMTP:janne.salonen2@example.invalid,,,fi-FI,Aktiivinen,synthetic-development-data
Jyväskylä,Keski-Suomen hyvinvointialue,Tietohallintopalvelut,Väisänen Sari,sari.vaisanen@example.invalid,SYN-HYVAKS-000623,Vakituinen,2017-09-24,Toimipiste,"Hyvinvointialue, Keski-Suomi",Konsernipalvelut,Tietohallinto,Tietohallintopalvelut,Tietohallintopalvelut,"HOITAJANTIE 1, 40620 Jyväskylä","Toimiala=Konsernipalvelut; Vastuualue=Tietohallinto; Palvelualue=Tietohallintopalvelut; Palveluyksikkö=Tietohallintopalvelut; Toimipiste=HOITAJANTIE 1, 40620 Jyväskylä",KESKI-SUOMEN HYVINVOINTIALUE,KESKI-SUOMEN HYVINVOINTIALUE,40620,HOITAJANTIE 1,Keski-Suomi,Suomi,Laitetukiasiantuntija,+358142000623,+35845100623,sari.vaisanen,SYN-HYVAKS-000015,,,SMTP:sari.vaisanen@example.invalid,,,fi-FI,Aktiivinen,synthetic-development-data
Jyväskylä,Keski-Suomen hyvinvointialue,Tilapalveluiden johtaminen,Mattila Nina,nina.mattila@example.invalid,SYN-HYVAKS-000624,Vakituinen,2013-08-08,Toimipiste,"Hyvinvointialue, Keski-Suomi",Konsernipalvelut,Tilapalvelut,Tilapalveluiden johtaminen,Tilapalveluiden johtaminen,"HYVINVOINTIKATU 12, 40100 Jyväskylä","Toimiala=Konsernipalvelut; Vastuualue=Tilapalvelut; Palvelualue=Tilapalveluiden johtaminen; Palveluyksikkö=Tilapalveluiden johtaminen; Toimipiste=HYVINVOINTIKATU 12, 40100 Jyväskylä",KESKI-SUOMEN HYVINVOINTIALUE,KESKI-SUOMEN HYVINVOINTIALUE,40100,HYVINVOINTIKATU 12,Keski-Suomi,Suomi,Kiinteistöasiantuntija,+358142000624,+35840100624,nina.mattila,SYN-HYVAKS-000031,,,SMTP:nina.mattila@example.invalid,,,fi-FI,Passiivinen,synthetic-development-data
Keuruu,Keski-Suomen hyvinvointialue,Tilapalveluiden johtaminen,Manninen Heikki,heikki.manninen@example.invalid,SYN-HYVAKS-000625,Vakituinen,2019-04-06,Toimipiste,"Hyvinvointialue, Keski-Suomi",Konsernipalvelut,Tilapalvelut,Tilapalveluiden johtaminen,Tilapalveluiden johtaminen,"PALVELUTIE 3, 42700 Keuruu","Toimiala=Konsernipalvelut; Vastuualue=Tilapalvelut; Palvelualue=Tilapalveluiden johtaminen; Palveluyksikkö=Tilapalveluiden johtaminen; Toimipiste=PALVELUTIE 3, 42700 Keuruu",KESKI-SUOMEN HYVINVOINTIALUE,KESKI-SUOMEN HYVINVOINTIALUE,42700,PALVELUTIE 3,Keski-Suomi,Suomi,Huoltoinsinööri,+358142000625,+35840100625,heikki.manninen,SYN-HYVAKS-000034,,,SMTP:heikki.manninen@example.invalid,,,fi-FI,Aktiivinen,synthetic-development-data
Jämsä,Keski-Suomen hyvinvointialue,Tietohallintopalvelut,Niemi Joonas,joonas.niemi@example.invalid,SYN-HYVAKS-000626,Osa-aikainen,2012-05-02,Toimipiste,"Hyvinvointialue, Keski-Suomi",Konsernipalvelut,Tietohallinto,Tietohallintopalvelut,Tietohallintopalvelut,"SAIRAALANTIE 8, 42100 Jämsä","Toimiala=Konsernipalvelut; Vastuualue=Tietohallinto; Palvelualue=Tietohallintopalvelut; Palveluyksikkö=Tietohallintopalvelut; Toimipiste=SAIRAALANTIE 8, 42100 Jämsä",KESKI-SUOMEN HYVINVOINTIALUE,KESKI-SUOMEN HYVINVOINTIALUE,42100,SAIRAALANTIE 8,Keski-Suomi,Suomi,Laitetukiasiantuntija,+358142000626,+35850100626,joonas.niemi,SYN-HYVAKS-000016,,,SMTP:joonas.niemi@example.invalid,,,sv-FI,Aktiivinen,synthetic-development-data
Jyväskylä,Keski-Suomen hyvinvointialue,Teknologiapalvelut,Koskinen Tuomas,tuomas.koskinen@example.invalid,SYN-HYVAKS-000627,Osa-aikainen,2020-03-05,Toimipiste,"Hyvinvointialue, Keski-Suomi",Konsernipalvelut,Tietohallinto,Teknologiapalvelut,Teknologiapalvelut,"HOITAJANTIE 1, 40620 Jyväskylä","Toimiala=Konsernipalvelut; Vastuualue=Tietohallinto; Palvelualue=Teknologiapalvelut; Palveluyksikkö=Teknologiapalvelut; Toimipiste=HOITAJANTIE 1, 40620 Jyväskylä",KESKI-SUOMEN HYVINVOINTIALUE,KESKI-SUOMEN HYVINVOINTIALUE,40620,HOITAJANTIE 1,Keski-Suomi,Suomi,Konesaliasiantuntija,+358142000627,+35845100627,tuomas.koskinen,SYN-HYVAKS-000021,,,SMTP:tuomas.koskinen@example.invalid,,,fi-FI,Aktiivinen,synthetic-development-data
Äänekoski,Keski-Suomen hyvinvointialue,Teknologiapalvelut,Hirvonen Janne,janne.hirvonen@example.invalid,SYN-HYVAKS-000628,Sijainen,2017-01-07,Toimipiste,"Hyvinvointialue, Keski-Suomi",Konsernipalvelut,Tietohallinto,Teknologiapalvelut,Teknologiapalvelut,"KESKUSKATU 14, 44100 Äänekoski","Toimiala=Konsernipalvelut; Vastuualue=Tietohallinto; Palvelualue=Teknologiapalvelut; Palveluyksikkö=Teknologiapalvelut; Toimipiste=KESKUSKATU 14, 44100 Äänekoski",KESKI-SUOMEN HYVINVOINTIALUE,KESKI-SUOMEN HYVINVOINTIALUE,44100,KESKUSKATU 14,Keski-Suomi,Suomi,Järjestelmäasiantuntija,+358142000628,+35845100628,janne.hirvonen,SYN-HYVAKS-000024,,,SMTP:janne.hirvonen@example.invalid,,,en-US,Poistuva,synthetic-development-data
Viitasaari,Keski-Suomen hyvinvointialue,Tilapalveluiden johtaminen,Hakala Sanna,sanna.hakala@example.invalid,SYN-HYVAKS-000629,Vakituinen,2016-10-03,Toimipiste,"Hyvinvointialue, Keski-Suomi",Konsernipalvelut,Tilapalvelut,Tilapalveluiden johtaminen,Tilapalveluiden johtaminen,"TERVEYSKESKUKSENTIE 2, 44500 Viitasaari","Toimiala=Konsernipalvelut; Vastuualue=Tilapalvelut; Palvelualue=Tilapalveluiden johtaminen; Palveluyksikkö=Tilapalveluiden johtaminen; Toimipiste=TERVEYSKESKUKSENTIE 2, 44500 Viitasaari",KESKI-SUOMEN HYVINVOINTIALUE,KESKI-SUOMEN HYVINVOINTIALUE,44500,TERVEYSKESKUKSENTIE 2,Keski-Suomi,Suomi,Huoltoinsinööri,+358142000629,+35845100629,sanna.hakala,SYN-HYVAKS-000036,,,SMTP:sanna.hakala@example.invalid,,,fi-FI,Aktiivinen,synthetic-development-data
Jyväskylä,Keski-Suomen hyvinvointialue,Viestintäpalvelut,Peltonen Antti,antti.peltonen@example.invalid,SYN-HYVAKS-000630,Vakituinen,2015-06-18,Toimipiste,"Hyvinvointialue, Keski-Suomi",Konsernipalvelut,Viestintäpalvelut,Viestintäpalvelut,Viestintäpalvelut,"HYVINVOINTIKATU 12, 40100 Jyväskylä","Toimiala=Konsernipalvelut; Vastuualue=Viestintäpalvelut; Palvelualue=Viestintäpalvelut; Palveluyksikkö=Viestintäpalvelut; Toimipiste=HYVINVOINTIKATU 12, 40100 Jyväskylä",KESKI-SUOMEN HYVINVOINTIALUE,KESKI-SUOMEN HYVINVOINTIALUE,40100,HYVINVOINTIKATU 12,Keski-Suomi,Suomi,Verkkoviestinnän asiantuntija,+358142000630,+35845100630,antti.peltonen,SYN-HYVAKS-000029,,,SMTP:antti.peltonen@example.invalid,,,sv-FI,Aktiivinen,synthetic-development-data
Jyväskylä,Keski-Suomen hyvinvointialue,Teknologiapalvelut,Ahonen Riku,riku.ahonen2@example.invalid,SYN-HYVAKS-000631,Vakituinen,2002-03-30,Toimipiste,"Hyvinvointialue, Keski-Suomi",Konsernipalvelut,Tietohallinto,Teknologiapalvelut,Teknologiapalvelut,"HOITAJANTIE 1, 40620 Jyväskylä","Toimiala=Konsernipalvelut; Vastuualue=Tietohallinto; Palvelualue=Teknologiapalvelut; Palveluyksikkö=Teknologiapalvelut; Toimipiste=HOITAJANTIE 1, 40620 Jyväskylä",KESKI-SUOMEN HYVINVOINTIALUE,KESKI-SUOMEN HYVINVOINTIALUE,40620,HOITAJANTIE 1,Keski-Suomi,Suomi,Järjestelmäasiantuntija,+358142000631,+35850100631,riku.ahonen2,SYN-HYVAKS-000021,,,SMTP:riku.ahonen2@example.invalid,,,fi-FI,Aktiivinen,synthetic-development-data
Äänekoski,Keski-Suomen hyvinvointialue,Tietohallintopalvelut,Rautio Matti,matti.rautio@example.invalid,SYN-HYVAKS-000632,Vakituinen,2000-01-03,Toimipiste,"Hyvinvointialue, Keski-Suomi",Konsernipalvelut,Tietohallinto,Tietohallintopalvelut,Tietohallintopalvelut,"KESKUSKATU 14, 44100 Äänekoski","Toimiala=Konsernipalvelut; Vastuualue=Tietohallinto; Palvelualue=Tietohallintopalvelut; Palveluyksikkö=Tietohallintopalvelut; Toimipiste=KESKUSKATU 14, 44100 Äänekoski",KESKI-SUOMEN HYVINVOINTIALUE,KESKI-SUOMEN HYVINVOINTIALUE,44100,KESKUSKATU 14,Keski-Suomi,Suomi,Laitetukiasiantuntija,+358142000632,+35845100632,matti.rautio,SYN-HYVAKS-000017,,,SMTP:matti.rautio@example.invalid,,,fi-FI,Aktiivinen,synthetic-development-data
Äänekoski,Keski-Suomen hyvinvointialue,Tietohallintopalvelut,Repo Sakari,sakari.repo@example.invalid,SYN-HYVAKS-000633,Vakituinen,1998-11-19,Toimipiste,"Hyvinvointialue, Keski-Suomi",Konsernipalvelut,Tietohallinto,Tietohallintopalvelut,Tietohallintopalvelut,"KESKUSKATU 14, 44100 Äänekoski","Toimiala=Konsernipalvelut; Vastuualue=Tietohallinto; Palvelualue=Tietohallintopalvelut; Palveluyksikkö=Tietohallintopalvelut; Toimipiste=KESKUSKATU 14, 44100 Äänekoski",KESKI-SUOMEN HYVINVOINTIALUE,KESKI-SUOMEN HYVINVOINTIALUE,44100,KESKUSKATU 14,Keski-Suomi,Suomi,Laitetukiasiantuntija,+358142000633,+35840100633,sakari.repo,SYN-HYVAKS-000017,,,SMTP:sakari.repo@example.invalid,,,fi-FI,Aktiivinen,synthetic-development-data
Jyväskylä,Keski-Suomen hyvinvointialue,Projektit ja kehittäminen,Peltonen Meri,meri.peltonen@example.invalid,SYN-HYVAKS-000634,Vakituinen,2024-04-24,Toimipiste,"Hyvinvointialue, Keski-Suomi",Konsernipalvelut,Tietohallinto,Projektit ja kehittäminen,Projektit ja kehittäminen,"HYVINVOINTIKATU 12, 40100 Jyväskylä","Toimiala=Konsernipalvelut; Vastuualue=Tietohallinto; Palvelualue=Projektit ja kehittäminen; Palveluyksikkö=Projektit ja kehittäminen; Toimipiste=HYVINVOINTIKATU 12, 40100 Jyväskylä",KESKI-SUOMEN HYVINVOINTIALUE,KESKI-SUOMEN HYVINVOINTIALUE,40100,HYVINVOINTIKATU 12,Keski-Suomi,Suomi,Tuoteomistaja,+358142000634,+35845100634,meri.peltonen,SYN-HYVAKS-000020,,,SMTP:meri.peltonen@example.invalid,,,fi-FI,Aktiivinen,synthetic-development-data
Keuruu,Keski-Suomen hyvinvointialue,Tilapalveluiden johtaminen,Koskinen Riku,riku.koskinen@example.invalid,SYN-HYVAKS-000635,Vakituinen,2014-03-18,Toimipiste,"Hyvinvointialue, Keski-Suomi",Konsernipalvelut,Tilapalvelut,Tilapalveluiden johtaminen,Tilapalveluiden johtaminen,"PALVELUTIE 3, 42700 Keuruu","Toimiala=Konsernipalvelut; Vastuualue=Tilapalvelut; Palvelualue=Tilapalveluiden johtaminen; Palveluyksikkö=Tilapalveluiden johtaminen; Toimipiste=PALVELUTIE 3, 42700 Keuruu",KESKI-SUOMEN HYVINVOINTIALUE,KESKI-SUOMEN HYVINVOINTIALUE,42700,PALVELUTIE 3,Keski-Suomi,Suomi,Huoltoinsinööri,+358142000635,+35840100635,riku.koskinen,SYN-HYVAKS-000034,,,SMTP:riku.koskinen@example.invalid,,,fi-FI,Aktiivinen,synthetic-development-data
Jyväskylä,Keski-Suomen hyvinvointialue,Projektit ja kehittäminen,Niemi Mikael,mikael.niemi@example.invalid,SYN-HYVAKS-000636,Vakituinen,2004-12-29,Toimipiste,"Hyvinvointialue, Keski-Suomi",Konsernipalvelut,Tietohallinto,Projektit ja kehittäminen,Projektit ja kehittäminen,"HOITAJANTIE 1, 40620 Jyväskylä","Toimiala=Konsernipalvelut; Vastuualue=Tietohallinto; Palvelualue=Projektit ja kehittäminen; Palveluyksikkö=Projektit ja kehittäminen; Toimipiste=HOITAJANTIE 1, 40620 Jyväskylä",KESKI-SUOMEN HYVINVOINTIALUE,KESKI-SUOMEN HYVINVOINTIALUE,40620,HOITAJANTIE 1,Keski-Suomi,Suomi,Projektisuunnittelija,+358142000636,+35840100636,mikael.niemi,SYN-HYVAKS-000019,,,SMTP:mikael.niemi@example.invalid,,,fi-FI,Aktiivinen,synthetic-development-data
Jyväskylä,Keski-Suomen hyvinvointialue,Teknologiapalvelut,Salo Saara,saara.salo@example.invalid,SYN-HYVAKS-000637,Vakituinen,2017-04-03,Toimipiste,"Hyvinvointialue, Keski-Suomi",Konsernipalvelut,Tietohallinto,Teknologiapalvelut,Teknologiapalvelut,"HOITAJANTIE 1, 40620 Jyväskylä","Toimiala=Konsernipalvelut; Vastuualue=Tietohallinto; Palvelualue=Teknologiapalvelut; Palveluyksikkö=Teknologiapalvelut; Toimipiste=HOITAJANTIE 1, 40620 Jyväskylä",KESKI-SUOMEN HYVINVOINTIALUE,KESKI-SUOMEN HYVINVOINTIALUE,40620,HOITAJANTIE 1,Keski-Suomi,Suomi,Palveluarkkitehti,+358142000637,+35840100637,saara.salo,SYN-HYVAKS-000021,,,SMTP:saara.salo@example.invalid,,,fi-FI,Aktiivinen,synthetic-development-data
Jämsä,Keski-Suomen hyvinvointialue,Teknologiapalvelut,Nieminen Jere,jere.nieminen@example.invalid,SYN-HYVAKS-000638,Vakituinen,2006-09-22,Toimipiste,"Hyvinvointialue, Keski-Suomi",Konsernipalvelut,Tietohallinto,Teknologiapalvelut,Teknologiapalvelut,"SAIRAALANTIE 8, 42100 Jämsä","Toimiala=Konsernipalvelut; Vastuualue=Tietohallinto; Palvelualue=Teknologiapalvelut; Palveluyksikkö=Teknologiapalvelut; Toimipiste=SAIRAALANTIE 8, 42100 Jämsä",KESKI-SUOMEN HYVINVOINTIALUE,KESKI-SUOMEN HYVINVOINTIALUE,42100,SAIRAALANTIE 8,Keski-Suomi,Suomi,Järjestelmäasiantuntija,+358142000638,+35850100638,jere.nieminen,SYN-HYVAKS-000023,,,SMTP:jere.nieminen@example.invalid,,,fi-FI,Aktiivinen,synthetic-development-data
Äänekoski,Keski-Suomen hyvinvointialue,Tilapalveluiden johtaminen,Virtanen Henna,henna.virtanen@example.invalid,SYN-HYVAKS-000639,Vakituinen,1999-11-19,Toimipiste,"Hyvinvointialue, Keski-Suomi",Konsernipalvelut,Tilapalvelut,Tilapalveluiden johtaminen,Tilapalveluiden johtaminen,"KESKUSKATU 14, 44100 Äänekoski","Toimiala=Konsernipalvelut; Vastuualue=Tilapalvelut; Palvelualue=Tilapalveluiden johtaminen; Palveluyksikkö=Tilapalveluiden johtaminen; Toimipiste=KESKUSKATU 14, 44100 Äänekoski",KESKI-SUOMEN HYVINVOINTIALUE,KESKI-SUOMEN HYVINVOINTIALUE,44100,KESKUSKATU 14,Keski-Suomi,Suomi,Kiinteistöasiantuntija,+358142000639,+35844100639,henna.virtanen,SYN-HYVAKS-000033,,,SMTP:henna.virtanen@example.invalid,,,fi-FI,Aktiivinen,synthetic-development-data
Jämsä,Keski-Suomen hyvinvointialue,Tilapalveluiden johtaminen,Mäkelä Timo,timo.makela@example.invalid,SYN-HYVAKS-000640,Vakituinen,2001-01-29,Toimipiste,"Hyvinvointialue, Keski-Suomi",Konsernipalvelut,Tilapalvelut,Tilapalveluiden johtaminen,Tilapalveluiden johtaminen,"SAIRAALANTIE 8, 42100 Jämsä","Toimiala=Konsernipalvelut; Vastuualue=Tilapalvelut; Palvelualue=Tilapalveluiden johtaminen; Palveluyksikkö=Tilapalveluiden johtaminen; Toimipiste=SAIRAALANTIE 8, 42100 Jämsä",KESKI-SUOMEN HYVINVOINTIALUE,KESKI-SUOMEN HYVINVOINTIALUE,42100,SAIRAALANTIE 8,Keski-Suomi,Suomi,Huoltoinsinööri,+358142000640,+35844100640,timo.makela,SYN-HYVAKS-000032,,,SMTP:timo.makela@example.invalid,,,fi-FI,Aktiivinen,synthetic-development-data
Jämsä,Keski-Suomen hyvinvointialue,Tilapalveluiden johtaminen,Nieminen Nina,nina.nieminen@example.invalid,SYN-HYVAKS-000641,Määräaikainen,2013-01-07,Toimipiste,"Hyvinvointialue, Keski-Suomi",Konsernipalvelut,Tilapalvelut,Tilapalveluiden johtaminen,Tilapalveluiden johtaminen,"SAIRAALANTIE 8, 42100 Jämsä","Toimiala=Konsernipalvelut; Vastuualue=Tilapalvelut; Palvelualue=Tilapalveluiden johtaminen; Palveluyksikkö=Tilapalveluiden johtaminen; Toimipiste=SAIRAALANTIE 8, 42100 Jämsä",KESKI-SUOMEN HYVINVOINTIALUE,KESKI-SUOMEN HYVINVOINTIALUE,42100,SAIRAALANTIE 8,Keski-Suomi,Suomi,Huoltoinsinööri,+358142000641,+35840100641,nina.nieminen,SYN-HYVAKS-000032,,,SMTP:nina.nieminen@example.invalid,,,fi-FI,Aktiivinen,synthetic-development-data
Jyväskylä,Keski-Suomen hyvinvointialue,Teknologiapalvelut,Moilanen Henna,henna.moilanen@example.invalid,SYN-HYVAKS-000642,Vakituinen,2010-04-04,Toimipiste,"Hyvinvointialue, Keski-Suomi",Konsernipalvelut,Tietohallinto,Teknologiapalvelut,Teknologiapalvelut,"HYVINVOINTIKATU 12, 40100 Jyväskylä","Toimiala=Konsernipalvelut; Vastuualue=Tietohallinto; Palvelualue=Teknologiapalvelut; Palveluyksikkö=Teknologiapalvelut; Toimipiste=HYVINVOINTIKATU 12, 40100 Jyväskylä",KESKI-SUOMEN HYVINVOINTIALUE,KESKI-SUOMEN HYVINVOINTIALUE,40100,HYVINVOINTIKATU 12,Keski-Suomi,Suomi,Järjestelmäasiantuntija,+358142000642,+35840100642,henna.moilanen,SYN-HYVAKS-000022,,,SMTP:henna.moilanen@example.invalid,,,fi-FI,Aktiivinen,synthetic-development-data
Jyväskylä,Keski-Suomen hyvinvointialue,Tietohallintopalvelut,Niemi Viivi,viivi.niemi@example.invalid,SYN-HYVAKS-000643,Vakituinen,2022-09-28,Toimipiste,"Hyvinvointialue, Keski-Suomi",Konsernipalvelut,Tietohallinto,Tietohallintopalvelut,Tietohallintopalvelut,"HOITAJANTIE 1, 40620 Jyväskylä","Toimiala=Konsernipalvelut; Vastuualue=Tietohallinto; Palvelualue=Tietohallintopalvelut; Palveluyksikkö=Tietohallintopalvelut; Toimipiste=HOITAJANTIE 1, 40620 Jyväskylä",KESKI-SUOMEN HYVINVOINTIALUE,KESKI-SUOMEN HYVINVOINTIALUE,40620,HOITAJANTIE 1,Keski-Suomi,Suomi,Järjestelmäasiantuntija,+358142000643,+35840100643,viivi.niemi,SYN-HYVAKS-000015,,,SMTP:viivi.niemi@example.invalid,,,fi-FI,Aktiivinen,synthetic-development-data
Jyväskylä,Keski-Suomen hyvinvointialue,Palveluprosessien digitalisaatio,Aaltonen Joonas,joonas.aaltonen@example.invalid,SYN-HYVAKS-000644,Vakituinen,2023-02-27,Toimipiste,"Hyvinvointialue, Keski-Suomi",Konsernipalvelut,Tietohallinto,Palveluprosessien digitalisaatio,Palveluprosessien digitalisaatio,"HOITAJANTIE 1, 40620 Jyväskylä","Toimiala=Konsernipalvelut; Vastuualue=Tietohallinto; Palvelualue=Palveluprosessien digitalisaatio; Palveluyksikkö=Palveluprosessien digitalisaatio; Toimipiste=HOITAJANTIE 1, 40620 Jyväskylä",KESKI-SUOMEN HYVINVOINTIALUE,KESKI-SUOMEN HYVINVOINTIALUE,40620,HOITAJANTIE 1,Keski-Suomi,Suomi,Digitalisaatioasiantuntija,+358142000644,+35850100644,joonas.aaltonen,SYN-HYVAKS-000025,,,SMTP:joonas.aaltonen@example.invalid,,,fi-FI,Aktiivinen,synthetic-development-data
Jyväskylä,Keski-Suomen hyvinvointialue,Teknologiapalvelut,Miettinen Emilia,emilia.miettinen@example.invalid,SYN-HYVAKS-000645,Vakituinen,2000-02-02,Toimipiste,"Hyvinvointialue, Keski-Suomi",Konsernipalvelut,Tietohallinto,Teknologiapalvelut,Teknologiapalvelut,"HYVINVOINTIKATU 12, 40100 Jyväskylä","Toimiala=Konsernipalvelut; Vastuualue=Tietohallinto; Palvelualue=Teknologiapalvelut; Palveluyksikkö=Teknologiapalvelut; Toimipiste=HYVINVOINTIKATU 12, 40100 Jyväskylä",KESKI-SUOMEN HYVINVOINTIALUE,KESKI-SUOMEN HYVINVOINTIALUE,40100,HYVINVOINTIKATU 12,Keski-Suomi,Suomi,Teknologia-asiantuntija,+358142000645,+35840100645,emilia.miettinen,SYN-HYVAKS-000022,,,SMTP:emilia.miettinen@example.invalid,,,fi-FI,Aktiivinen,synthetic-development-data
Jyväskylä,Keski-Suomen hyvinvointialue,Teknologiapalvelut,Nykänen Matti,matti.nykanen@example.invalid,SYN-HYVAKS-000646,Vakituinen,2012-01-05,Toimipiste,"Hyvinvointialue, Keski-Suomi",Konsernipalvelut,Tietohallinto,Teknologiapalvelut,Teknologiapalvelut,"HYVINVOINTIKATU 12, 40100 Jyväskylä","Toimiala=Konsernipalvelut; Vastuualue=Tietohallinto; Palvelualue=Teknologiapalvelut; Palveluyksikkö=Teknologiapalvelut; Toimipiste=HYVINVOINTIKATU 12, 40100 Jyväskylä",KESKI-SUOMEN HYVINVOINTIALUE,KESKI-SUOMEN HYVINVOINTIALUE,40100,HYVINVOINTIKATU 12,Keski-Suomi,Suomi,Järjestelmäasiantuntija,+358142000646,+35844100646,matti.nykanen,SYN-HYVAKS-000022,,,SMTP:matti.nykanen@example.invalid,,,fi-FI,Aktiivinen,synthetic-development-data
Jämsä,Keski-Suomen hyvinvointialue,Tietohallintopalvelut,Mäkelä Jukka,jukka.makela@example.invalid,SYN-HYVAKS-000647,Vakituinen,2018-05-03,Toimipiste,"Hyvinvointialue, Keski-Suomi",Konsernipalvelut,Tietohallinto,Tietohallintopalvelut,Tietohallintopalvelut,"SAIRAALANTIE 8, 42100 Jämsä","Toimiala=Konsernipalvelut; Vastuualue=Tietohallinto; Palvelualue=Tietohallintopalvelut; Palveluyksikkö=Tietohallintopalvelut; Toimipiste=SAIRAALANTIE 8, 42100 Jämsä",KESKI-SUOMEN HYVINVOINTIALUE,KESKI-SUOMEN HYVINVOINTIALUE,42100,SAIRAALANTIE 8,Keski-Suomi,Suomi,Käyttäjätukiasiantuntija,+358142000647,+35850100647,jukka.makela,SYN-HYVAKS-000016,,,SMTP:jukka.makela@example.invalid,,,fi-FI,Aktiivinen,synthetic-development-data
Jämsä,Keski-Suomen hyvinvointialue,Tilapalveluiden johtaminen,Suomalainen Tuula,tuula.suomalainen2@example.invalid,SYN-HYVAKS-000648,Vakituinen,2004-02-21,Toimipiste,"Hyvinvointialue, Keski-Suomi",Konsernipalvelut,Tilapalvelut,Tilapalveluiden johtaminen,Tilapalveluiden johtaminen,"SAIRAALANTIE 8, 42100 Jämsä","Toimiala=Konsernipalvelut; Vastuualue=Tilapalvelut; Palvelualue=Tilapalveluiden johtaminen; Palveluyksikkö=Tilapalveluiden johtaminen; Toimipiste=SAIRAALANTIE 8, 42100 Jämsä",KESKI-SUOMEN HYVINVOINTIALUE,KESKI-SUOMEN HYVINVOINTIALUE,42100,SAIRAALANTIE 8,Keski-Suomi,Suomi,Kiinteistöasiantuntija,+358142000648,+35840100648,tuula.suomalainen2,SYN-HYVAKS-000032,,,SMTP:tuula.suomalainen2@example.invalid,,,en-US,Aktiivinen,synthetic-development-data
Jyväskylä,Keski-Suomen hyvinvointialue,Projektit ja kehittäminen,Ylitalo Kaisa,kaisa.ylitalo@example.invalid,SYN-HYVAKS-000649,Vakituinen,2003-06-21,Toimipiste,"Hyvinvointialue, Keski-Suomi",Konsernipalvelut,Tietohallinto,Projektit ja kehittäminen,Projektit ja kehittäminen,"HOITAJANTIE 1, 40620 Jyväskylä","Toimiala=Konsernipalvelut; Vastuualue=Tietohallinto; Palvelualue=Projektit ja kehittäminen; Palveluyksikkö=Projektit ja kehittäminen; Toimipiste=HOITAJANTIE 1, 40620 Jyväskylä",KESKI-SUOMEN HYVINVOINTIALUE,KESKI-SUOMEN HYVINVOINTIALUE,40620,HOITAJANTIE 1,Keski-Suomi,Suomi,Tuoteomistaja,+358142000649,+35845100649,kaisa.ylitalo,SYN-HYVAKS-000019,,,SMTP:kaisa.ylitalo@example.invalid,,,fi-FI,Aktiivinen,synthetic-development-data
Jyväskylä,Keski-Suomen hyvinvointialue,Tilapalveluiden johtaminen,Niemi Riikka,riikka.niemi2@example.invalid,SYN-HYVAKS-000650,Vakituinen,2009-07-16,Toimipiste,"Hyvinvointialue, Keski-Suomi",Konsernipalvelut,Tilapalvelut,Tilapalveluiden johtaminen,Tilapalveluiden johtaminen,"HYVINVOINTIKATU 12, 40100 Jyväskylä","Toimiala=Konsernipalvelut; Vastuualue=Tilapalvelut; Palvelualue=Tilapalveluiden johtaminen; Palveluyksikkö=Tilapalveluiden johtaminen; Toimipiste=HYVINVOINTIKATU 12, 40100 Jyväskylä",KESKI-SUOMEN HYVINVOINTIALUE,KESKI-SUOMEN HYVINVOINTIALUE,40100,HYVINVOINTIKATU 12,Keski-Suomi,Suomi,Huoltoinsinööri,+358142000650,+35845100650,riikka.niemi2,SYN-HYVAKS-000031,,,SMTP:riikka.niemi2@example.invalid,,,fi-FI,Aktiivinen,synthetic-development-data
Äänekoski,Keski-Suomen hyvinvointialue,Tilapalveluiden johtaminen,Nurminen Anu,anu.nurminen2@example.invalid,SYN-HYVAKS-000651,Vakituinen,2014-01-10,Toimipiste,"Hyvinvointialue, Keski-Suomi",Konsernipalvelut,Tilapalvelut,Tilapalveluiden johtaminen,Tilapalveluiden johtaminen,"KESKUSKATU 14, 44100 Äänekoski","Toimiala=Konsernipalvelut; Vastuualue=Tilapalvelut; Palvelualue=Tilapalveluiden johtaminen; Palveluyksikkö=Tilapalveluiden johtaminen; Toimipiste=KESKUSKATU 14, 44100 Äänekoski",KESKI-SUOMEN HYVINVOINTIALUE,KESKI-SUOMEN HYVINVOINTIALUE,44100,KESKUSKATU 14,Keski-Suomi,Suomi,Kiinteistöasiantuntija,+358142000651,+35840100651,anu.nurminen2,SYN-HYVAKS-000033,,,SMTP:anu.nurminen2@example.invalid,,,fi-FI,Aktiivinen,synthetic-development-data
Jämsä,Keski-Suomen hyvinvointialue,Teknologiapalvelut,Kolehmainen Janne,janne.kolehmainen@example.invalid,SYN-HYVAKS-000652,Vakituinen,2009-07-15,Toimipiste,"Hyvinvointialue, Keski-Suomi",Konsernipalvelut,Tietohallinto,Teknologiapalvelut,Teknologiapalvelut,"SAIRAALANTIE 8, 42100 Jämsä","Toimiala=Konsernipalvelut; Vastuualue=Tietohallinto; Palvelualue=Teknologiapalvelut; Palveluyksikkö=Teknologiapalvelut; Toimipiste=SAIRAALANTIE 8, 42100 Jämsä",KESKI-SUOMEN HYVINVOINTIALUE,KESKI-SUOMEN HYVINVOINTIALUE,42100,SAIRAALANTIE 8,Keski-Suomi,Suomi,Teknologia-asiantuntija,+358142000652,+35845100652,janne.kolehmainen,SYN-HYVAKS-000023,,,SMTP:janne.kolehmainen@example.invalid,,,fi-FI,Aktiivinen,synthetic-development-data
Jyväskylä,Keski-Suomen hyvinvointialue,Projektit ja kehittäminen,Nurminen Sanna,sanna.nurminen@example.invalid,SYN-HYVAKS-000653,Vakituinen,2021-01-23,Toimipiste,"Hyvinvointialue, Keski-Suomi",Konsernipalvelut,Tietohallinto,Projektit ja kehittäminen,Projektit ja kehittäminen,"HOITAJANTIE 1, 40620 Jyväskylä","Toimiala=Konsernipalvelut; Vastuualue=Tietohallinto; Palvelualue=Projektit ja kehittäminen; Palveluyksikkö=Projektit ja kehittäminen; Toimipiste=HOITAJANTIE 1, 40620 Jyväskylä",KESKI-SUOMEN HYVINVOINTIALUE,KESKI-SUOMEN HYVINVOINTIALUE,40620,HOITAJANTIE 1,Keski-Suomi,Suomi,Projektisuunnittelija,+358142000653,+35850100653,sanna.nurminen,SYN-HYVAKS-000019,,,SMTP:sanna.nurminen@example.invalid,,,fi-FI,Aktiivinen,synthetic-development-data
Jyväskylä,Keski-Suomen hyvinvointialue,Tilapalveluiden johtaminen,Kallio Riikka,riikka.kallio@example.invalid,SYN-HYVAKS-000654,Määräaikainen,2019-07-25,Toimipiste,"Hyvinvointialue, Keski-Suomi",Konsernipalvelut,Tilapalvelut,Tilapalveluiden johtaminen,Tilapalveluiden johtaminen,"HYVINVOINTIKATU 12, 40100 Jyväskylä","Toimiala=Konsernipalvelut; Vastuualue=Tilapalvelut; Palvelualue=Tilapalveluiden johtaminen; Palveluyksikkö=Tilapalveluiden johtaminen; Toimipiste=HYVINVOINTIKATU 12, 40100 Jyväskylä",KESKI-SUOMEN HYVINVOINTIALUE,KESKI-SUOMEN HYVINVOINTIALUE,40100,HYVINVOINTIKATU 12,Keski-Suomi,Suomi,Huoltoinsinööri,+358142000654,+35840100654,riikka.kallio,SYN-HYVAKS-000031,,,SMTP:riikka.kallio@example.invalid,,,fi-FI,Aktiivinen,synthetic-development-data
Jyväskylä,Keski-Suomen hyvinvointialue,Projektit ja kehittäminen,Virtanen Olli,olli.virtanen@example.invalid,SYN-HYVAKS-000655,Määräaikainen,2022-08-12,Toimipiste,"Hyvinvointialue, Keski-Suomi",Konsernipalvelut,Tietohallinto,Projektit ja kehittäminen,Projektit ja kehittäminen,"HYVINVOINTIKATU 12, 40100 Jyväskylä","Toimiala=Konsernipalvelut; Vastuualue=Tietohallinto; Palvelualue=Projektit ja kehittäminen; Palveluyksikkö=Projektit ja kehittäminen; Toimipiste=HYVINVOINTIKATU 12, 40100 Jyväskylä",KESKI-SUOMEN HYVINVOINTIALUE,KESKI-SUOMEN HYVINVOINTIALUE,40100,HYVINVOINTIKATU 12,Keski-Suomi,Suomi,Palvelumuotoilija,+358142000655,+35850100655,olli.virtanen,SYN-HYVAKS-000020,,,SMTP:olli.virtanen@example.invalid,,,fi-FI,Aktiivinen,synthetic-development-data
Laukaa,Keski-Suomen hyvinvointialue,Palveluprosessien digitalisaatio,Tuominen Viivi,viivi.tuominen@example.invalid,SYN-HYVAKS-000656,Vakituinen,2008-12-22,Toimipiste,"Hyvinvointialue, Keski-Suomi",Konsernipalvelut,Tietohallinto,Palveluprosessien digitalisaatio,Palveluprosessien digitalisaatio,"TERVEYSTIE 5, 41340 Laukaa","Toimiala=Konsernipalvelut; Vastuualue=Tietohallinto; Palvelualue=Palveluprosessien digitalisaatio; Palveluyksikkö=Palveluprosessien digitalisaatio; Toimipiste=TERVEYSTIE 5, 41340 Laukaa",KESKI-SUOMEN HYVINVOINTIALUE,KESKI-SUOMEN HYVINVOINTIALUE,41340,TERVEYSTIE 5,Keski-Suomi,Suomi,Integraatioasiantuntija,+358142000656,+35850100656,viivi.tuominen,SYN-HYVAKS-000027,,,SMTP:viivi.tuominen@example.invalid,,,fi-FI,Aktiivinen,synthetic-development-data
Jyväskylä,Keski-Suomen hyvinvointialue,Projektit ja kehittäminen,Vuorinen Vesa,vesa.vuorinen@example.invalid,SYN-HYVAKS-000657,Vakituinen,1998-10-16,Toimipiste,"Hyvinvointialue, Keski-Suomi",Konsernipalvelut,Tietohallinto,Projektit ja kehittäminen,Projektit ja kehittäminen,"HYVINVOINTIKATU 12, 40100 Jyväskylä","Toimiala=Konsernipalvelut; Vastuualue=Tietohallinto; Palvelualue=Projektit ja kehittäminen; Palveluyksikkö=Projektit ja kehittäminen; Toimipiste=HYVINVOINTIKATU 12, 40100 Jyväskylä",KESKI-SUOMEN HYVINVOINTIALUE,KESKI-SUOMEN HYVINVOINTIALUE,40100,HYVINVOINTIKATU 12,Keski-Suomi,Suomi,Palvelumuotoilija,+358142000657,+35840100657,vesa.vuorinen,SYN-HYVAKS-000020,,,SMTP:vesa.vuorinen@example.invalid,,,fi-FI,Aktiivinen,synthetic-development-data
Jyväskylä,Keski-Suomen hyvinvointialue,Tietohallintopalvelut,Nurminen Riku,riku.nurminen@example.invalid,SYN-HYVAKS-000658,Vakituinen,2002-03-28,Toimipiste,"Hyvinvointialue, Keski-Suomi",Konsernipalvelut,Tietohallinto,Tietohallintopalvelut,Tietohallintopalvelut,"HOITAJANTIE 1, 40620 Jyväskylä","Toimiala=Konsernipalvelut; Vastuualue=Tietohallinto; Palvelualue=Tietohallintopalvelut; Palveluyksikkö=Tietohallintopalvelut; Toimipiste=HOITAJANTIE 1, 40620 Jyväskylä",KESKI-SUOMEN HYVINVOINTIALUE,KESKI-SUOMEN HYVINVOINTIALUE,40620,HOITAJANTIE 1,Keski-Suomi,Suomi,Järjestelmäasiantuntija,+358142000658,+35844100658,riku.nurminen,SYN-HYVAKS-000015,,,SMTP:riku.nurminen@example.invalid,,,fi-FI,Aktiivinen,synthetic-development-data
Jyväskylä,Keski-Suomen hyvinvointialue,Palveluprosessien digitalisaatio,Seppälä Kalle,kalle.seppala@example.invalid,SYN-HYVAKS-000659,Vakituinen,2011-04-21,Toimipiste,"Hyvinvointialue, Keski-Suomi",Konsernipalvelut,Tietohallinto,Palveluprosessien digitalisaatio,Palveluprosessien digitalisaatio,"HYVINVOINTIKATU 12, 40100 Jyväskylä","Toimiala=Konsernipalvelut; Vastuualue=Tietohallinto; Palvelualue=Palveluprosessien digitalisaatio; Palveluyksikkö=Palveluprosessien digitalisaatio; Toimipiste=HYVINVOINTIKATU 12, 40100 Jyväskylä",KESKI-SUOMEN HYVINVOINTIALUE,KESKI-SUOMEN HYVINVOINTIALUE,40100,HYVINVOINTIKATU 12,Keski-Suomi,Suomi,Digitalisaatioasiantuntija,+358142000659,+35844100659,kalle.seppala,SYN-HYVAKS-000026,,,SMTP:kalle.seppala@example.invalid,,,fi-FI,Aktiivinen,synthetic-development-data
Jämsä,Keski-Suomen hyvinvointialue,Tietohallintopalvelut,Seppälä Anni,anni.seppala@example.invalid,SYN-HYVAKS-000660,Määräaikainen,2000-01-12,Toimipiste,"Hyvinvointialue, Keski-Suomi",Konsernipalvelut,Tietohallinto,Tietohallintopalvelut,Tietohallintopalvelut,"SAIRAALANTIE 8, 42100 Jämsä","Toimiala=Konsernipalvelut; Vastuualue=Tietohallinto; Palvelualue=Tietohallintopalvelut; Palveluyksikkö=Tietohallintopalvelut; Toimipiste=SAIRAALANTIE 8, 42100 Jämsä",KESKI-SUOMEN HYVINVOINTIALUE,KESKI-SUOMEN HYVINVOINTIALUE,42100,SAIRAALANTIE 8,Keski-Suomi,Suomi,Käyttäjätukiasiantuntija,+358142000660,+35844100660,anni.seppala,SYN-HYVAKS-000016,,,SMTP:anni.seppala@example.invalid,,,en-US,Aktiivinen,synthetic-development-data
Laukaa,Keski-Suomen hyvinvointialue,Palveluprosessien digitalisaatio,Mattila Saara,saara.mattila@example.invalid,SYN-HYVAKS-000661,Vakituinen,2023-02-27,Toimipiste,"Hyvinvointialue, Keski-Suomi",Konsernipalvelut,Tietohallinto,Palveluprosessien digitalisaatio,Palveluprosessien digitalisaatio,"TERVEYSTIE 5, 41340 Laukaa","Toimiala=Konsernipalvelut; Vastuualue=Tietohallinto; Palvelualue=Palveluprosessien digitalisaatio; Palveluyksikkö=Palveluprosessien digitalisaatio; Toimipiste=TERVEYSTIE 5, 41340 Laukaa",KESKI-SUOMEN HYVINVOINTIALUE,KESKI-SUOMEN HYVINVOINTIALUE,41340,TERVEYSTIE 5,Keski-Suomi,Suomi,Integraatioasiantuntija,+358142000661,+35850100661,saara.mattila,SYN-HYVAKS-000027,,,SMTP:saara.mattila@example.invalid,,,fi-FI,Aktiivinen,synthetic-development-data
Äänekoski,Keski-Suomen hyvinvointialue,Teknologiapalvelut,Peltonen Kimmo,kimmo.peltonen@example.invalid,SYN-HYVAKS-000662,Vakituinen,2012-07-26,Toimipiste,"Hyvinvointialue, Keski-Suomi",Konsernipalvelut,Tietohallinto,Teknologiapalvelut,Teknologiapalvelut,"KESKUSKATU 14, 44100 Äänekoski","Toimiala=Konsernipalvelut; Vastuualue=Tietohallinto; Palvelualue=Teknologiapalvelut; Palveluyksikkö=Teknologiapalvelut; Toimipiste=KESKUSKATU 14, 44100 Äänekoski",KESKI-SUOMEN HYVINVOINTIALUE,KESKI-SUOMEN HYVINVOINTIALUE,44100,KESKUSKATU 14,Keski-Suomi,Suomi,Verkkoasiantuntija,+358142000662,+35840100662,kimmo.peltonen,SYN-HYVAKS-000024,,,SMTP:kimmo.peltonen@example.invalid,,,fi-FI,Aktiivinen,synthetic-development-data
Viitasaari,Keski-Suomen hyvinvointialue,Tilapalveluiden johtaminen,Salonen Johanna,johanna.salonen@example.invalid,SYN-HYVAKS-000663,Vakituinen,2016-11-30,Toimipiste,"Hyvinvointialue, Keski-Suomi",Konsernipalvelut,Tilapalvelut,Tilapalveluiden johtaminen,Tilapalveluiden johtaminen,"TERVEYSKESKUKSENTIE 2, 44500 Viitasaari","Toimiala=Konsernipalvelut; Vastuualue=Tilapalvelut; Palvelualue=Tilapalveluiden johtaminen; Palveluyksikkö=Tilapalveluiden johtaminen; Toimipiste=TERVEYSKESKUKSENTIE 2, 44500 Viitasaari",KESKI-SUOMEN HYVINVOINTIALUE,KESKI-SUOMEN HYVINVOINTIALUE,44500,TERVEYSKESKUKSENTIE 2,Keski-Suomi,Suomi,Huoltoinsinööri,+358142000663,+35840100663,johanna.salonen,SYN-HYVAKS-000036,,,SMTP:johanna.salonen@example.invalid,,,fi-FI,Aktiivinen,synthetic-development-data
Jyväskylä,Keski-Suomen hyvinvointialue,Tietohallintopalvelut,Räsänen Aino,aino.rasanen@example.invalid,SYN-HYVAKS-000664,Vakituinen,2010-12-01,Toimipiste,"Hyvinvointialue, Keski-Suomi",Konsernipalvelut,Tietohallinto,Tietohallintopalvelut,Tietohallintopalvelut,"HOITAJANTIE 1, 40620 Jyväskylä","Toimiala=Konsernipalvelut; Vastuualue=Tietohallinto; Palvelualue=Tietohallintopalvelut; Palveluyksikkö=Tietohallintopalvelut; Toimipiste=HOITAJANTIE 1, 40620 Jyväskylä",KESKI-SUOMEN HYVINVOINTIALUE,KESKI-SUOMEN HYVINVOINTIALUE,40620,HOITAJANTIE 1,Keski-Suomi,Suomi,Käyttäjätukiasiantuntija,+358142000664,+35850100664,aino.rasanen,SYN-HYVAKS-000015,,,SMTP:aino.rasanen@example.invalid,,,fi-FI,Passiivinen,synthetic-development-data
Jyväskylä,Keski-Suomen hyvinvointialue,Tilapalveluiden johtaminen,Koskela Tuula,tuula.koskela@example.invalid,SYN-HYVAKS-000665,Vakituinen,2024-12-25,Toimipiste,"Hyvinvointialue, Keski-Suomi",Konsernipalvelut,Tilapalvelut,Tilapalveluiden johtaminen,Tilapalveluiden johtaminen,"HYVINVOINTIKATU 12, 40100 Jyväskylä","Toimiala=Konsernipalvelut; Vastuualue=Tilapalvelut; Palvelualue=Tilapalveluiden johtaminen; Palveluyksikkö=Tilapalveluiden johtaminen; Toimipiste=HYVINVOINTIKATU 12, 40100 Jyväskylä",KESKI-SUOMEN HYVINVOINTIALUE,KESKI-SUOMEN HYVINVOINTIALUE,40100,HYVINVOINTIKATU 12,Keski-Suomi,Suomi,Kiinteistöasiantuntija,+358142000665,+35850100665,tuula.koskela,SYN-HYVAKS-000031,,,SMTP:tuula.koskela@example.invalid,,,fi-FI,Aktiivinen,synthetic-development-data
Jyväskylä,Keski-Suomen hyvinvointialue,Tietohallinto yhteiset,Repo Meri,meri.repo@example.invalid,SYN-HYVAKS-000666,Vakituinen,2020-03-08,Toimipiste,"Hyvinvointialue, Keski-Suomi",Konsernipalvelut,Tietohallinto,Tietohallinto yhteiset,Tietohallinto yhteiset,"HOITAJANTIE 1, 40620 Jyväskylä","Toimiala=Konsernipalvelut; Vastuualue=Tietohallinto; Palvelualue=Tietohallinto yhteiset; Palveluyksikkö=Tietohallinto yhteiset; Toimipiste=HOITAJANTIE 1, 40620 Jyväskylä",KESKI-SUOMEN HYVINVOINTIALUE,KESKI-SUOMEN HYVINVOINTIALUE,40620,HOITAJANTIE 1,Keski-Suomi,Suomi,Hallinnon asiantuntija,+358142000666,+35850100666,meri.repo,SYN-HYVAKS-000013,,,SMTP:meri.repo@example.invalid,,,fi-FI,Aktiivinen,synthetic-development-data
Äänekoski,Keski-Suomen hyvinvointialue,Teknologiapalvelut,Ahonen Anu,anu.ahonen2@example.invalid,SYN-HYVAKS-000667,Vakituinen,2013-10-30,Toimipiste,"Hyvinvointialue, Keski-Suomi",Konsernipalvelut,Tietohallinto,Teknologiapalvelut,Teknologiapalvelut,"KESKUSKATU 14, 44100 Äänekoski","Toimiala=Konsernipalvelut; Vastuualue=Tietohallinto; Palvelualue=Teknologiapalvelut; Palveluyksikkö=Teknologiapalvelut; Toimipiste=KESKUSKATU 14, 44100 Äänekoski",KESKI-SUOMEN HYVINVOINTIALUE,KESKI-SUOMEN HYVINVOINTIALUE,44100,KESKUSKATU 14,Keski-Suomi,Suomi,Verkkoasiantuntija,+358142000667,+35850100667,anu.ahonen2,SYN-HYVAKS-000024,,,SMTP:anu.ahonen2@example.invalid,,,fi-FI,Aktiivinen,synthetic-development-data
Karstula,Keski-Suomen hyvinvointialue,Tilapalveluiden johtaminen,Ojala Eemeli,eemeli.ojala@example.invalid,SYN-HYVAKS-000668,Vakituinen,2022-10-25,Toimipiste,"Hyvinvointialue, Keski-Suomi",Konsernipalvelut,Tilapalvelut,Tilapalveluiden johtaminen,Tilapalveluiden johtaminen,"HYVINVOINTITIE 6, 43500 Karstula","Toimiala=Konsernipalvelut; Vastuualue=Tilapalvelut; Palvelualue=Tilapalveluiden johtaminen; Palveluyksikkö=Tilapalveluiden johtaminen; Toimipiste=HYVINVOINTITIE 6, 43500 Karstula",KESKI-SUOMEN HYVINVOINTIALUE,KESKI-SUOMEN HYVINVOINTIALUE,43500,HYVINVOINTITIE 6,Keski-Suomi,Suomi,Kiinteistöasiantuntija,+358142000668,+35850100668,eemeli.ojala,SYN-HYVAKS-000035,,,SMTP:eemeli.ojala@example.invalid,,,fi-FI,Aktiivinen,synthetic-development-data
Jyväskylä,Keski-Suomen hyvinvointialue,Tietohallinto yhteiset,Kinnunen Satu,satu.kinnunen@example.invalid,SYN-HYVAKS-000669,Vakituinen,2012-02-05,Toimipiste,"Hyvinvointialue, Keski-Suomi",Konsernipalvelut,Tietohallinto,Tietohallinto yhteiset,Tietohallinto yhteiset,"HYVINVOINTIKATU 12, 40100 Jyväskylä","Toimiala=Konsernipalvelut; Vastuualue=Tietohallinto; Palvelualue=Tietohallinto yhteiset; Palveluyksikkö=Tietohallinto yhteiset; Toimipiste=HYVINVOINTIKATU 12, 40100 Jyväskylä",KESKI-SUOMEN HYVINVOINTIALUE,KESKI-SUOMEN HYVINVOINTIALUE,40100,HYVINVOINTIKATU 12,Keski-Suomi,Suomi,Johdon assistentti,+358142000669,+35850100669,satu.kinnunen,SYN-HYVAKS-000014,,,SMTP:satu.kinnunen@example.invalid,,,fi-FI,Aktiivinen,synthetic-development-data
Jämsä,Keski-Suomen hyvinvointialue,Viestintäpalvelut,Laakso Leena,leena.laakso@example.invalid,SYN-HYVAKS-000670,Vakituinen,2004-04-14,Toimipiste,"Hyvinvointialue, Keski-Suomi",Konsernipalvelut,Viestintäpalvelut,Viestintäpalvelut,Viestintäpalvelut,"SAIRAALANTIE 8, 42100 Jämsä","Toimiala=Konsernipalvelut; Vastuualue=Viestintäpalvelut; Palvelualue=Viestintäpalvelut; Palveluyksikkö=Viestintäpalvelut; Toimipiste=SAIRAALANTIE 8, 42100 Jämsä",KESKI-SUOMEN HYVINVOINTIALUE,KESKI-SUOMEN HYVINVOINTIALUE,42100,SAIRAALANTIE 8,Keski-Suomi,Suomi,Viestintäasiantuntija,+358142000670,+35850100670,leena.laakso,SYN-HYVAKS-000030,,,SMTP:leena.laakso@example.invalid,,,fi-FI,Aktiivinen,synthetic-development-data
Jyväskylä,Keski-Suomen hyvinvointialue,Palveluprosessien digitalisaatio,Nykänen Ville,ville.nykanen@example.invalid,SYN-HYVAKS-000671,Vakituinen,2017-02-23,Toimipiste,"Hyvinvointialue, Keski-Suomi",Konsernipalvelut,Tietohallinto,Palveluprosessien digitalisaatio,Palveluprosessien digitalisaatio,"HOITAJANTIE 1, 40620 Jyväskylä","Toimiala=Konsernipalvelut; Vastuualue=Tietohallinto; Palvelualue=Palveluprosessien digitalisaatio; Palveluyksikkö=Palveluprosessien digitalisaatio; Toimipiste=HOITAJANTIE 1, 40620 Jyväskylä",KESKI-SUOMEN HYVINVOINTIALUE,KESKI-SUOMEN HYVINVOINTIALUE,40620,HOITAJANTIE 1,Keski-Suomi,Suomi,Prosessikehittäjä,+358142000671,+35845100671,ville.nykanen,SYN-HYVAKS-000025,,,SMTP:ville.nykanen@example.invalid,,,fi-FI,Aktiivinen,synthetic-development-data
Äänekoski,Keski-Suomen hyvinvointialue,Teknologiapalvelut,Räsänen Markus,markus.rasanen@example.invalid,SYN-HYVAKS-000672,Vakituinen,2005-10-09,Toimipiste,"Hyvinvointialue, Keski-Suomi",Konsernipalvelut,Tietohallinto,Teknologiapalvelut,Teknologiapalvelut,"KESKUSKATU 14, 44100 Äänekoski","Toimiala=Konsernipalvelut; Vastuualue=Tietohallinto; Palvelualue=Teknologiapalvelut; Palveluyksikkö=Teknologiapalvelut; Toimipiste=KESKUSKATU 14, 44100 Äänekoski",KESKI-SUOMEN HYVINVOINTIALUE,KESKI-SUOMEN HYVINVOINTIALUE,44100,KESKUSKATU 14,Keski-Suomi,Suomi,Palveluarkkitehti,+358142000672,+35845100672,markus.rasanen,SYN-HYVAKS-000024,,,SMTP:markus.rasanen@example.invalid,,,fi-FI,Aktiivinen,synthetic-development-data
Keuruu,Keski-Suomen hyvinvointialue,Tilapalveluiden johtaminen,Sillanpää Marika,marika.sillanpaa@example.invalid,SYN-HYVAKS-000673,Vakituinen,2008-09-15,Toimipiste,"Hyvinvointialue, Keski-Suomi",Konsernipalvelut,Tilapalvelut,Tilapalveluiden johtaminen,Tilapalveluiden johtaminen,"PALVELUTIE 3, 42700 Keuruu","Toimiala=Konsernipalvelut; Vastuualue=Tilapalvelut; Palvelualue=Tilapalveluiden johtaminen; Palveluyksikkö=Tilapalveluiden johtaminen; Toimipiste=PALVELUTIE 3, 42700 Keuruu",KESKI-SUOMEN HYVINVOINTIALUE,KESKI-SUOMEN HYVINVOINTIALUE,42700,PALVELUTIE 3,Keski-Suomi,Suomi,Kiinteistöasiantuntija,+358142000673,+35845100673,marika.sillanpaa,SYN-HYVAKS-000034,,,SMTP:marika.sillanpaa@example.invalid,,,fi-FI,Aktiivinen,synthetic-development-data
Keuruu,Keski-Suomen hyvinvointialue,Tilapalveluiden johtaminen,Törmänen Tomi,tomi.tormanen@example.invalid,SYN-HYVAKS-000674,Vakituinen,2020-07-25,Toimipiste,"Hyvinvointialue, Keski-Suomi",Konsernipalvelut,Tilapalvelut,Tilapalveluiden johtaminen,Tilapalveluiden johtaminen,"PALVELUTIE 3, 42700 Keuruu","Toimiala=Konsernipalvelut; Vastuualue=Tilapalvelut; Palvelualue=Tilapalveluiden johtaminen; Palveluyksikkö=Tilapalveluiden johtaminen; Toimipiste=PALVELUTIE 3, 42700 Keuruu",KESKI-SUOMEN HYVINVOINTIALUE,KESKI-SUOMEN HYVINVOINTIALUE,42700,PALVELUTIE 3,Keski-Suomi,Suomi,Kiinteistöasiantuntija,+358142000674,+35850100674,tomi.tormanen,SYN-HYVAKS-000034,,,SMTP:tomi.tormanen@example.invalid,,,fi-FI,Aktiivinen,synthetic-development-data
Jyväskylä,Keski-Suomen hyvinvointialue,Projektit ja kehittäminen,Seppälä Nina,nina.seppala@example.invalid,SYN-HYVAKS-000675,Vakituinen,2003-12-01,Toimipiste,"Hyvinvointialue, Keski-Suomi",Konsernipalvelut,Tietohallinto,Projektit ja kehittäminen,Projektit ja kehittäminen,"HYVINVOINTIKATU 12, 40100 Jyväskylä","Toimiala=Konsernipalvelut; Vastuualue=Tietohallinto; Palvelualue=Projektit ja kehittäminen; Palveluyksikkö=Projektit ja kehittäminen; Toimipiste=HYVINVOINTIKATU 12, 40100 Jyväskylä",KESKI-SUOMEN HYVINVOINTIALUE,KESKI-SUOMEN HYVINVOINTIALUE,40100,HYVINVOINTIKATU 12,Keski-Suomi,Suomi,Projektisuunnittelija,+358142000675,+35840100675,nina.seppala,SYN-HYVAKS-000020,,,SMTP:nina.seppala@example.invalid,,,fi-FI,Aktiivinen,synthetic-development-data
Jyväskylä,Keski-Suomen hyvinvointialue,Palveluprosessien digitalisaatio,Mäkelä Eeva,eeva.makela@example.invalid,SYN-HYVAKS-000676,Vakituinen,2014-05-07,Toimipiste,"Hyvinvointialue, Keski-Suomi",Konsernipalvelut,Tietohallinto,Palveluprosessien digitalisaatio,Palveluprosessien digitalisaatio,"HYVINVOINTIKATU 12, 40100 Jyväskylä","Toimiala=Konsernipalvelut; Vastuualue=Tietohallinto; Palvelualue=Palveluprosessien digitalisaatio; Palveluyksikkö=Palveluprosessien digitalisaatio; Toimipiste=HYVINVOINTIKATU 12, 40100 Jyväskylä",KESKI-SUOMEN HYVINVOINTIALUE,KESKI-SUOMEN HYVINVOINTIALUE,40100,HYVINVOINTIKATU 12,Keski-Suomi,Suomi,Tietoasiantuntija,+358142000676,+35850100676,eeva.makela,SYN-HYVAKS-000026,,,SMTP:eeva.makela@example.invalid,,,fi-FI,Aktiivinen,synthetic-development-data
Jyväskylä,Keski-Suomen hyvinvointialue,Viestintäpalvelut,Ahonen Eeva,eeva.ahonen@example.invalid,SYN-HYVAKS-000677,Vakituinen,2012-06-12,Toimipiste,"Hyvinvointialue, Keski-Suomi",Konsernipalvelut,Viestintäpalvelut,Viestintäpalvelut,Viestintäpalvelut,"HYVINVOINTIKATU 12, 40100 Jyväskylä","Toimiala=Konsernipalvelut; Vastuualue=Viestintäpalvelut; Palvelualue=Viestintäpalvelut; Palveluyksikkö=Viestintäpalvelut; Toimipiste=HYVINVOINTIKATU 12, 40100 Jyväskylä",KESKI-SUOMEN HYVINVOINTIALUE,KESKI-SUOMEN HYVINVOINTIALUE,40100,HYVINVOINTIKATU 12,Keski-Suomi,Suomi,Viestintäasiantuntija,+358142000677,+35840100677,eeva.ahonen,SYN-HYVAKS-000029,,,SMTP:eeva.ahonen@example.invalid,,,fi-FI,Aktiivinen,synthetic-development-data
Jyväskylä,Keski-Suomen hyvinvointialue,Teknologiapalvelut,Toivonen Eemeli,eemeli.toivonen@example.invalid,SYN-HYVAKS-000678,Määräaikainen,2003-06-25,Toimipiste,"Hyvinvointialue, Keski-Suomi",Konsernipalvelut,Tietohallinto,Teknologiapalvelut,Teknologiapalvelut,"HYVINVOINTIKATU 12, 40100 Jyväskylä","Toimiala=Konsernipalvelut; Vastuualue=Tietohallinto; Palvelualue=Teknologiapalvelut; Palveluyksikkö=Teknologiapalvelut; Toimipiste=HYVINVOINTIKATU 12, 40100 Jyväskylä",KESKI-SUOMEN HYVINVOINTIALUE,KESKI-SUOMEN HYVINVOINTIALUE,40100,HYVINVOINTIKATU 12,Keski-Suomi,Suomi,Verkkoasiantuntija,+358142000678,+35840100678,eemeli.toivonen,SYN-HYVAKS-000022,,,SMTP:eemeli.toivonen@example.invalid,,,fi-FI,Aktiivinen,synthetic-development-data
Jyväskylä,Keski-Suomen hyvinvointialue,Projektit ja kehittäminen,Peltonen Lauri,lauri.peltonen@example.invalid,SYN-HYVAKS-000679,Määräaikainen,2007-11-23,Toimipiste,"Hyvinvointialue, Keski-Suomi",Konsernipalvelut,Tietohallinto,Projektit ja kehittäminen,Projektit ja kehittäminen,"HYVINVOINTIKATU 12, 40100 Jyväskylä","Toimiala=Konsernipalvelut; Vastuualue=Tietohallinto; Palvelualue=Projektit ja kehittäminen; Palveluyksikkö=Projektit ja kehittäminen; Toimipiste=HYVINVOINTIKATU 12, 40100 Jyväskylä",KESKI-SUOMEN HYVINVOINTIALUE,KESKI-SUOMEN HYVINVOINTIALUE,40100,HYVINVOINTIKATU 12,Keski-Suomi,Suomi,Tuoteomistaja,+358142000679,+35840100679,lauri.peltonen,SYN-HYVAKS-000020,,,SMTP:lauri.peltonen@example.invalid,,,fi-FI,Aktiivinen,synthetic-development-data
Jyväskylä,Keski-Suomen hyvinvointialue,Projektit ja kehittäminen,Uusitalo Eemeli,eemeli.uusitalo@example.invalid,SYN-HYVAKS-000680,Vakituinen,2019-05-05,Toimipiste,"Hyvinvointialue, Keski-Suomi",Konsernipalvelut,Tietohallinto,Projektit ja kehittäminen,Projektit ja kehittäminen,"HYVINVOINTIKATU 12, 40100 Jyväskylä","Toimiala=Konsernipalvelut; Vastuualue=Tietohallinto; Palvelualue=Projektit ja kehittäminen; Palveluyksikkö=Projektit ja kehittäminen; Toimipiste=HYVINVOINTIKATU 12, 40100 Jyväskylä",KESKI-SUOMEN HYVINVOINTIALUE,KESKI-SUOMEN HYVINVOINTIALUE,40100,HYVINVOINTIKATU 12,Keski-Suomi,Suomi,Tuoteomistaja,+358142000680,+35840100680,eemeli.uusitalo,SYN-HYVAKS-000020,,,SMTP:eemeli.uusitalo@example.invalid,,,fi-FI,Aktiivinen,synthetic-development-data
Äänekoski,Keski-Suomen hyvinvointialue,Teknologiapalvelut,Mäkelä Pekka,pekka.makela@example.invalid,SYN-HYVAKS-000681,Vakituinen,2000-03-19,Toimipiste,"Hyvinvointialue, Keski-Suomi",Konsernipalvelut,Tietohallinto,Teknologiapalvelut,Teknologiapalvelut,"KESKUSKATU 14, 44100 Äänekoski","Toimiala=Konsernipalvelut; Vastuualue=Tietohallinto; Palvelualue=Teknologiapalvelut; Palveluyksikkö=Teknologiapalvelut; Toimipiste=KESKUSKATU 14, 44100 Äänekoski",KESKI-SUOMEN HYVINVOINTIALUE,KESKI-SUOMEN HYVINVOINTIALUE,44100,KESKUSKATU 14,Keski-Suomi,Suomi,Teknologia-asiantuntija,+358142000681,+35850100681,pekka.makela,SYN-HYVAKS-000024,,,SMTP:pekka.makela@example.invalid,,,fi-FI,Aktiivinen,synthetic-development-data
Karstula,Keski-Suomen hyvinvointialue,Tilapalveluiden johtaminen,Heikkilä Anu,anu.heikkila@example.invalid,SYN-HYVAKS-000682,Vakituinen,2009-03-31,Toimipiste,"Hyvinvointialue, Keski-Suomi",Konsernipalvelut,Tilapalvelut,Tilapalveluiden johtaminen,Tilapalveluiden johtaminen,"HYVINVOINTITIE 6, 43500 Karstula","Toimiala=Konsernipalvelut; Vastuualue=Tilapalvelut; Palvelualue=Tilapalveluiden johtaminen; Palveluyksikkö=Tilapalveluiden johtaminen; Toimipiste=HYVINVOINTITIE 6, 43500 Karstula",KESKI-SUOMEN HYVINVOINTIALUE,KESKI-SUOMEN HYVINVOINTIALUE,43500,HYVINVOINTITIE 6,Keski-Suomi,Suomi,Kiinteistöasiantuntija,+358142000682,+35850100682,anu.heikkila,SYN-HYVAKS-000035,,,SMTP:anu.heikkila@example.invalid,,,fi-FI,Aktiivinen,synthetic-development-data
Jyväskylä,Keski-Suomen hyvinvointialue,Teknologiapalvelut,Roiha Tuomas,tuomas.roiha@example.invalid,SYN-HYVAKS-000683,Sijainen,2025-07-21,Toimipiste,"Hyvinvointialue, Keski-Suomi",Konsernipalvelut,Tietohallinto,Teknologiapalvelut,Teknologiapalvelut,"HYVINVOINTIKATU 12, 40100 Jyväskylä","Toimiala=Konsernipalvelut; Vastuualue=Tietohallinto; Palvelualue=Teknologiapalvelut; Palveluyksikkö=Teknologiapalvelut; Toimipiste=HYVINVOINTIKATU 12, 40100 Jyväskylä",KESKI-SUOMEN HYVINVOINTIALUE,KESKI-SUOMEN HYVINVOINTIALUE,40100,HYVINVOINTIKATU 12,Keski-Suomi,Suomi,Palveluarkkitehti,+358142000683,+35850100683,tuomas.roiha,SYN-HYVAKS-000022,,,SMTP:tuomas.roiha@example.invalid,,,fi-FI,Aktiivinen,synthetic-development-data
Jyväskylä,Keski-Suomen hyvinvointialue,Teknologiapalvelut,Leppänen Riikka,riikka.leppanen@example.invalid,SYN-HYVAKS-000684,Vakituinen,2017-09-04,Toimipiste,"Hyvinvointialue, Keski-Suomi",Konsernipalvelut,Tietohallinto,Teknologiapalvelut,Teknologiapalvelut,"HYVINVOINTIKATU 12, 40100 Jyväskylä","Toimiala=Konsernipalvelut; Vastuualue=Tietohallinto; Palvelualue=Teknologiapalvelut; Palveluyksikkö=Teknologiapalvelut; Toimipiste=HYVINVOINTIKATU 12, 40100 Jyväskylä",KESKI-SUOMEN HYVINVOINTIALUE,KESKI-SUOMEN HYVINVOINTIALUE,40100,HYVINVOINTIKATU 12,Keski-Suomi,Suomi,Verkkoasiantuntija,+358142000684,+35845100684,riikka.leppanen,SYN-HYVAKS-000022,,,SMTP:riikka.leppanen@example.invalid,,,fi-FI,Aktiivinen,synthetic-development-data
Jyväskylä,Keski-Suomen hyvinvointialue,Palveluprosessien digitalisaatio,Lindholm Markus,markus.lindholm@example.invalid,SYN-HYVAKS-000685,Vakituinen,2014-10-08,Toimipiste,"Hyvinvointialue, Keski-Suomi",Konsernipalvelut,Tietohallinto,Palveluprosessien digitalisaatio,Palveluprosessien digitalisaatio,"HOITAJANTIE 1, 40620 Jyväskylä","Toimiala=Konsernipalvelut; Vastuualue=Tietohallinto; Palvelualue=Palveluprosessien digitalisaatio; Palveluyksikkö=Palveluprosessien digitalisaatio; Toimipiste=HOITAJANTIE 1, 40620 Jyväskylä",KESKI-SUOMEN HYVINVOINTIALUE,KESKI-SUOMEN HYVINVOINTIALUE,40620,HOITAJANTIE 1,Keski-Suomi,Suomi,Prosessikehittäjä,+358142000685,+35845100685,markus.lindholm,SYN-HYVAKS-000025,,,SMTP:markus.lindholm@example.invalid,,,fi-FI,Aktiivinen,synthetic-development-data
Äänekoski,Keski-Suomen hyvinvointialue,Teknologiapalvelut,Jokinen Meri,meri.jokinen@example.invalid,SYN-HYVAKS-000686,Osa-aikainen,2003-11-22,Toimipiste,"Hyvinvointialue, Keski-Suomi",Konsernipalvelut,Tietohallinto,Teknologiapalvelut,Teknologiapalvelut,"KESKUSKATU 14, 44100 Äänekoski","Toimiala=Konsernipalvelut; Vastuualue=Tietohallinto; Palvelualue=Teknologiapalvelut; Palveluyksikkö=Teknologiapalvelut; Toimipiste=KESKUSKATU 14, 44100 Äänekoski",KESKI-SUOMEN HYVINVOINTIALUE,KESKI-SUOMEN HYVINVOINTIALUE,44100,KESKUSKATU 14,Keski-Suomi,Suomi,Teknologia-asiantuntija,+358142000686,+35845100686,meri.jokinen,SYN-HYVAKS-000024,,,SMTP:meri.jokinen@example.invalid,,,sv-FI,Aktiivinen,synthetic-development-data
Jyväskylä,Keski-Suomen hyvinvointialue,Projektit ja kehittäminen,Lahtinen Juha,juha.lahtinen2@example.invalid,SYN-HYVAKS-000687,Vakituinen,2014-06-13,Toimipiste,"Hyvinvointialue, Keski-Suomi",Konsernipalvelut,Tietohallinto,Projektit ja kehittäminen,Projektit ja kehittäminen,"HYVINVOINTIKATU 12, 40100 Jyväskylä","Toimiala=Konsernipalvelut; Vastuualue=Tietohallinto; Palvelualue=Projektit ja kehittäminen; Palveluyksikkö=Projektit ja kehittäminen; Toimipiste=HYVINVOINTIKATU 12, 40100 Jyväskylä",KESKI-SUOMEN HYVINVOINTIALUE,KESKI-SUOMEN HYVINVOINTIALUE,40100,HYVINVOINTIKATU 12,Keski-Suomi,Suomi,Palvelumuotoilija,+358142000687,+35845100687,juha.lahtinen2,SYN-HYVAKS-000020,,,SMTP:juha.lahtinen2@example.invalid,,,fi-FI,Aktiivinen,synthetic-development-data
Jyväskylä,Keski-Suomen hyvinvointialue,Tietohallinto yhteiset,Salo Liisa,liisa.salo@example.invalid,SYN-HYVAKS-000688,Vakituinen,2017-06-21,Toimipiste,"Hyvinvointialue, Keski-Suomi",Konsernipalvelut,Tietohallinto,Tietohallinto yhteiset,Tietohallinto yhteiset,"HYVINVOINTIKATU 12, 40100 Jyväskylä","Toimiala=Konsernipalvelut; Vastuualue=Tietohallinto; Palvelualue=Tietohallinto yhteiset; Palveluyksikkö=Tietohallinto yhteiset; Toimipiste=HYVINVOINTIKATU 12, 40100 Jyväskylä",KESKI-SUOMEN HYVINVOINTIALUE,KESKI-SUOMEN HYVINVOINTIALUE,40100,HYVINVOINTIKATU 12,Keski-Suomi,Suomi,Johdon assistentti,+358142000688,+35850100688,liisa.salo,SYN-HYVAKS-000014,,,SMTP:liisa.salo@example.invalid,,,fi-FI,Aktiivinen,synthetic-development-data
Laukaa,Keski-Suomen hyvinvointialue,Palveluprosessien digitalisaatio,Koskinen Sari,sari.koskinen@example.invalid,SYN-HYVAKS-000689,Vakituinen,2018-01-31,Toimipiste,"Hyvinvointialue, Keski-Suomi",Konsernipalvelut,Tietohallinto,Palveluprosessien digitalisaatio,Palveluprosessien digitalisaatio,"TERVEYSTIE 5, 41340 Laukaa","Toimiala=Konsernipalvelut; Vastuualue=Tietohallinto; Palvelualue=Palveluprosessien digitalisaatio; Palveluyksikkö=Palveluprosessien digitalisaatio; Toimipiste=TERVEYSTIE 5, 41340 Laukaa",KESKI-SUOMEN HYVINVOINTIALUE,KESKI-SUOMEN HYVINVOINTIALUE,41340,TERVEYSTIE 5,Keski-Suomi,Suomi,Integraatioasiantuntija,+358142000689,+35850100689,sari.koskinen,SYN-HYVAKS-000027,,,SMTP:sari.koskinen@example.invalid,,,fi-FI,Aktiivinen,synthetic-development-data
Laukaa,Keski-Suomen hyvinvointialue,Tietohallintopalvelut,Törmänen Minna,minna.tormanen@example.invalid,SYN-HYVAKS-000690,Vakituinen,2022-01-29,Toimipiste,"Hyvinvointialue, Keski-Suomi",Konsernipalvelut,Tietohallinto,Tietohallintopalvelut,Tietohallintopalvelut,"TERVEYSTIE 5, 41340 Laukaa","Toimiala=Konsernipalvelut; Vastuualue=Tietohallinto; Palvelualue=Tietohallintopalvelut; Palveluyksikkö=Tietohallintopalvelut; Toimipiste=TERVEYSTIE 5, 41340 Laukaa",KESKI-SUOMEN HYVINVOINTIALUE,KESKI-SUOMEN HYVINVOINTIALUE,41340,TERVEYSTIE 5,Keski-Suomi,Suomi,Käyttäjätukiasiantuntija,+358142000690,+35840100690,minna.tormanen,SYN-HYVAKS-000018,,,SMTP:minna.tormanen@example.invalid,,,fi-FI,Aktiivinen,synthetic-development-data
Äänekoski,Keski-Suomen hyvinvointialue,Tilapalveluiden johtaminen,Ojala Katri,katri.ojala@example.invalid,SYN-HYVAKS-000691,Vakituinen,2022-02-27,Toimipiste,"Hyvinvointialue, Keski-Suomi",Konsernipalvelut,Tilapalvelut,Tilapalveluiden johtaminen,Tilapalveluiden johtaminen,"KESKUSKATU 14, 44100 Äänekoski","Toimiala=Konsernipalvelut; Vastuualue=Tilapalvelut; Palvelualue=Tilapalveluiden johtaminen; Palveluyksikkö=Tilapalveluiden johtaminen; Toimipiste=KESKUSKATU 14, 44100 Äänekoski",KESKI-SUOMEN HYVINVOINTIALUE,KESKI-SUOMEN HYVINVOINTIALUE,44100,KESKUSKATU 14,Keski-Suomi,Suomi,Kiinteistöasiantuntija,+358142000691,+35850100691,katri.ojala,SYN-HYVAKS-000033,,,SMTP:katri.ojala@example.invalid,,,fi-FI,Aktiivinen,synthetic-development-data
Jämsä,Keski-Suomen hyvinvointialue,Viestintäpalvelut,Kolehmainen Mikael,mikael.kolehmainen@example.invalid,SYN-HYVAKS-000692,Vakituinen,2018-01-18,Toimipiste,"Hyvinvointialue, Keski-Suomi",Konsernipalvelut,Viestintäpalvelut,Viestintäpalvelut,Viestintäpalvelut,"SAIRAALANTIE 8, 42100 Jämsä","Toimiala=Konsernipalvelut; Vastuualue=Viestintäpalvelut; Palvelualue=Viestintäpalvelut; Palveluyksikkö=Viestintäpalvelut; Toimipiste=SAIRAALANTIE 8, 42100 Jämsä",KESKI-SUOMEN HYVINVOINTIALUE,KESKI-SUOMEN HYVINVOINTIALUE,42100,SAIRAALANTIE 8,Keski-Suomi,Suomi,Sisällöntuottaja,+358142000692,+35850100692,mikael.kolehmainen,SYN-HYVAKS-000030,,,SMTP:mikael.kolehmainen@example.invalid,,,fi-FI,Aktiivinen,synthetic-development-data
Jyväskylä,Keski-Suomen hyvinvointialue,Teknologiapalvelut,Aaltonen Vesa,vesa.aaltonen@example.invalid,SYN-HYVAKS-000693,Vakituinen,1998-01-01,Toimipiste,"Hyvinvointialue, Keski-Suomi",Konsernipalvelut,Tietohallinto,Teknologiapalvelut,Teknologiapalvelut,"HOITAJANTIE 1, 40620 Jyväskylä","Toimiala=Konsernipalvelut; Vastuualue=Tietohallinto; Palvelualue=Teknologiapalvelut; Palveluyksikkö=Teknologiapalvelut; Toimipiste=HOITAJANTIE 1, 40620 Jyväskylä",KESKI-SUOMEN HYVINVOINTIALUE,KESKI-SUOMEN HYVINVOINTIALUE,40620,HOITAJANTIE 1,Keski-Suomi,Suomi,Teknologia-asiantuntija,+358142000693,+35844100693,vesa.aaltonen,SYN-HYVAKS-000021,,,SMTP:vesa.aaltonen@example.invalid,,,fi-FI,Aktiivinen,synthetic-development-data
Jämsä,Keski-Suomen hyvinvointialue,Tietohallintopalvelut,Salminen Kalle,kalle.salminen@example.invalid,SYN-HYVAKS-000694,Vakituinen,2005-02-06,Toimipiste,"Hyvinvointialue, Keski-Suomi",Konsernipalvelut,Tietohallinto,Tietohallintopalvelut,Tietohallintopalvelut,"SAIRAALANTIE 8, 42100 Jämsä","Toimiala=Konsernipalvelut; Vastuualue=Tietohallinto; Palvelualue=Tietohallintopalvelut; Palveluyksikkö=Tietohallintopalvelut; Toimipiste=SAIRAALANTIE 8, 42100 Jämsä",KESKI-SUOMEN HYVINVOINTIALUE,KESKI-SUOMEN HYVINVOINTIALUE,42100,SAIRAALANTIE 8,Keski-Suomi,Suomi,Tietohallinnon asiantuntija,+358142000694,+35845100694,kalle.salminen,SYN-HYVAKS-000016,,,SMTP:kalle.salminen@example.invalid,,,fi-FI,Aktiivinen,synthetic-development-data
Laukaa,Keski-Suomen hyvinvointialue,Tietohallintopalvelut,Kallio Sanna,sanna.kallio2@example.invalid,SYN-HYVAKS-000695,Sijainen,2015-11-26,Toimipiste,"Hyvinvointialue, Keski-Suomi",Konsernipalvelut,Tietohallinto,Tietohallintopalvelut,Tietohallintopalvelut,"TERVEYSTIE 5, 41340 Laukaa","Toimiala=Konsernipalvelut; Vastuualue=Tietohallinto; Palvelualue=Tietohallintopalvelut; Palveluyksikkö=Tietohallintopalvelut; Toimipiste=TERVEYSTIE 5, 41340 Laukaa",KESKI-SUOMEN HYVINVOINTIALUE,KESKI-SUOMEN HYVINVOINTIALUE,41340,TERVEYSTIE 5,Keski-Suomi,Suomi,Järjestelmäasiantuntija,+358142000695,+35845100695,sanna.kallio2,SYN-HYVAKS-000018,,,SMTP:sanna.kallio2@example.invalid,,,fi-FI,Aktiivinen,synthetic-development-data
Viitasaari,Keski-Suomen hyvinvointialue,Tilapalveluiden johtaminen,Vainio Paula,paula.vainio2@example.invalid,SYN-HYVAKS-000696,Vakituinen,2015-11-21,Toimipiste,"Hyvinvointialue, Keski-Suomi",Konsernipalvelut,Tilapalvelut,Tilapalveluiden johtaminen,Tilapalveluiden johtaminen,"TERVEYSKESKUKSENTIE 2, 44500 Viitasaari","Toimiala=Konsernipalvelut; Vastuualue=Tilapalvelut; Palvelualue=Tilapalveluiden johtaminen; Palveluyksikkö=Tilapalveluiden johtaminen; Toimipiste=TERVEYSKESKUKSENTIE 2, 44500 Viitasaari",KESKI-SUOMEN HYVINVOINTIALUE,KESKI-SUOMEN HYVINVOINTIALUE,44500,TERVEYSKESKUKSENTIE 2,Keski-Suomi,Suomi,Huoltoinsinööri,+358142000696,+35840100696,paula.vainio2,SYN-HYVAKS-000036,,,SMTP:paula.vainio2@example.invalid,,,fi-FI,Aktiivinen,synthetic-development-data
Karstula,Keski-Suomen hyvinvointialue,Tilapalveluiden johtaminen,Salo Jere,jere.salo@example.invalid,SYN-HYVAKS-000697,Vakituinen,2021-04-30,Toimipiste,"Hyvinvointialue, Keski-Suomi",Konsernipalvelut,Tilapalvelut,Tilapalveluiden johtaminen,Tilapalveluiden johtaminen,"HYVINVOINTITIE 6, 43500 Karstula","Toimiala=Konsernipalvelut; Vastuualue=Tilapalvelut; Palvelualue=Tilapalveluiden johtaminen; Palveluyksikkö=Tilapalveluiden johtaminen; Toimipiste=HYVINVOINTITIE 6, 43500 Karstula",KESKI-SUOMEN HYVINVOINTIALUE,KESKI-SUOMEN HYVINVOINTIALUE,43500,HYVINVOINTITIE 6,Keski-Suomi,Suomi,Kiinteistöasiantuntija,+358142000697,+35844100697,jere.salo,SYN-HYVAKS-000035,,,SMTP:jere.salo@example.invalid,,,fi-FI,Aktiivinen,synthetic-development-data
Äänekoski,Keski-Suomen hyvinvointialue,Tilapalveluiden johtaminen,Manninen Kimmo,kimmo.manninen@example.invalid,SYN-HYVAKS-000698,Vakituinen,2000-03-21,Toimipiste,"Hyvinvointialue, Keski-Suomi",Konsernipalvelut,Tilapalvelut,Tilapalveluiden johtaminen,Tilapalveluiden johtaminen,"KESKUSKATU 14, 44100 Äänekoski","Toimiala=Konsernipalvelut; Vastuualue=Tilapalvelut; Palvelualue=Tilapalveluiden johtaminen; Palveluyksikkö=Tilapalveluiden johtaminen; Toimipiste=KESKUSKATU 14, 44100 Äänekoski",KESKI-SUOMEN HYVINVOINTIALUE,KESKI-SUOMEN HYVINVOINTIALUE,44100,KESKUSKATU 14,Keski-Suomi,Suomi,Kiinteistöasiantuntija,+358142000698,+35840100698,kimmo.manninen,SYN-HYVAKS-000033,,,SMTP:kimmo.manninen@example.invalid,,,fi-FI,Aktiivinen,synthetic-development-data
Jyväskylä,Keski-Suomen hyvinvointialue,Palveluprosessien digitalisaatio,Hakala Sakari,sakari.hakala@example.invalid,SYN-HYVAKS-000699,Vakituinen,2006-07-11,Toimipiste,"Hyvinvointialue, Keski-Suomi",Konsernipalvelut,Tietohallinto,Palveluprosessien digitalisaatio,Palveluprosessien digitalisaatio,"HYVINVOINTIKATU 12, 40100 Jyväskylä","Toimiala=Konsernipalvelut; Vastuualue=Tietohallinto; Palvelualue=Palveluprosessien digitalisaatio; Palveluyksikkö=Palveluprosessien digitalisaatio; Toimipiste=HYVINVOINTIKATU 12, 40100 Jyväskylä",KESKI-SUOMEN HYVINVOINTIALUE,KESKI-SUOMEN HYVINVOINTIALUE,40100,HYVINVOINTIKATU 12,Keski-Suomi,Suomi,Digitalisaatioasiantuntija,+358142000699,+35840100699,sakari.hakala,SYN-HYVAKS-000026,,,SMTP:sakari.hakala@example.invalid,,,fi-FI,Aktiivinen,synthetic-development-data
Jämsä,Keski-Suomen hyvinvointialue,Teknologiapalvelut,Ylitalo Katri,katri.ylitalo@example.invalid,SYN-HYVAKS-000700,Vakituinen,2012-11-01,Toimipiste,"Hyvinvointialue, Keski-Suomi",Konsernipalvelut,Tietohallinto,Teknologiapalvelut,Teknologiapalvelut,"SAIRAALANTIE 8, 42100 Jämsä","Toimiala=Konsernipalvelut; Vastuualue=Tietohallinto; Palvelualue=Teknologiapalvelut; Palveluyksikkö=Teknologiapalvelut; Toimipiste=SAIRAALANTIE 8, 42100 Jämsä",KESKI-SUOMEN HYVINVOINTIALUE,KESKI-SUOMEN HYVINVOINTIALUE,42100,SAIRAALANTIE 8,Keski-Suomi,Suomi,Verkkoasiantuntija,+358142000700,+35850100700,katri.ylitalo,SYN-HYVAKS-000023,,,SMTP:katri.ylitalo@example.invalid,,,fi-FI,Aktiivinen,synthetic-development-data
Laukaa,Keski-Suomen hyvinvointialue,Tietohallintopalvelut,Salonen Lauri,lauri.salonen@example.invalid,SYN-HYVAKS-000701,Vakituinen,2010-03-23,Toimipiste,"Hyvinvointialue, Keski-Suomi",Konsernipalvelut,Tietohallinto,Tietohallintopalvelut,Tietohallintopalvelut,"TERVEYSTIE 5, 41340 Laukaa","Toimiala=Konsernipalvelut; Vastuualue=Tietohallinto; Palvelualue=Tietohallintopalvelut; Palveluyksikkö=Tietohallintopalvelut; Toimipiste=TERVEYSTIE 5, 41340 Laukaa",KESKI-SUOMEN HYVINVOINTIALUE,KESKI-SUOMEN HYVINVOINTIALUE,41340,TERVEYSTIE 5,Keski-Suomi,Suomi,Järjestelmäasiantuntija,+358142000701,+35840100701,lauri.salonen,SYN-HYVAKS-000018,,,SMTP:lauri.salonen@example.invalid,,,fi-FI,Aktiivinen,synthetic-development-data
Jyväskylä,Keski-Suomen hyvinvointialue,Tietohallintopalvelut,Leppänen Tomi,tomi.leppanen@example.invalid,SYN-HYVAKS-000702,Vakituinen,2008-03-08,Toimipiste,"Hyvinvointialue, Keski-Suomi",Konsernipalvelut,Tietohallinto,Tietohallintopalvelut,Tietohallintopalvelut,"HOITAJANTIE 1, 40620 Jyväskylä","Toimiala=Konsernipalvelut; Vastuualue=Tietohallinto; Palvelualue=Tietohallintopalvelut; Palveluyksikkö=Tietohallintopalvelut; Toimipiste=HOITAJANTIE 1, 40620 Jyväskylä",KESKI-SUOMEN HYVINVOINTIALUE,KESKI-SUOMEN HYVINVOINTIALUE,40620,HOITAJANTIE 1,Keski-Suomi,Suomi,Käyttäjätukiasiantuntija,+358142000702,+35845100702,tomi.leppanen,SYN-HYVAKS-000015,,,SMTP:tomi.leppanen@example.invalid,,,fi-FI,Aktiivinen,synthetic-development-data
Jyväskylä,Keski-Suomen hyvinvointialue,Projektit ja kehittäminen,Aaltonen Henna,henna.aaltonen@example.invalid,SYN-HYVAKS-000703,Vakituinen,2003-08-10,Toimipiste,"Hyvinvointialue, Keski-Suomi",Konsernipalvelut,Tietohallinto,Projektit ja kehittäminen,Projektit ja kehittäminen,"HYVINVOINTIKATU 12, 40100 Jyväskylä","Toimiala=Konsernipalvelut; Vastuualue=Tietohallinto; Palvelualue=Projektit ja kehittäminen; Palveluyksikkö=Projektit ja kehittäminen; Toimipiste=HYVINVOINTIKATU 12, 40100 Jyväskylä",KESKI-SUOMEN HYVINVOINTIALUE,KESKI-SUOMEN HYVINVOINTIALUE,40100,HYVINVOINTIKATU 12,Keski-Suomi,Suomi,Palvelumuotoilija,+358142000703,+35844100703,henna.aaltonen,SYN-HYVAKS-000020,,,SMTP:henna.aaltonen@example.invalid,,,fi-FI,Aktiivinen,synthetic-development-data
Jämsä,Keski-Suomen hyvinvointialue,Teknologiapalvelut,Savolainen Eemeli,eemeli.savolainen@example.invalid,SYN-HYVAKS-000704,Vakituinen,2020-12-05,Toimipiste,"Hyvinvointialue, Keski-Suomi",Konsernipalvelut,Tietohallinto,Teknologiapalvelut,Teknologiapalvelut,"SAIRAALANTIE 8, 42100 Jämsä","Toimiala=Konsernipalvelut; Vastuualue=Tietohallinto; Palvelualue=Teknologiapalvelut; Palveluyksikkö=Teknologiapalvelut; Toimipiste=SAIRAALANTIE 8, 42100 Jämsä",KESKI-SUOMEN HYVINVOINTIALUE,KESKI-SUOMEN HYVINVOINTIALUE,42100,SAIRAALANTIE 8,Keski-Suomi,Suomi,Tietoturva-asiantuntija,+358142000704,+35845100704,eemeli.savolainen,SYN-HYVAKS-000023,,,SMTP:eemeli.savolainen@example.invalid,,,fi-FI,Aktiivinen,synthetic-development-data
Laukaa,Keski-Suomen hyvinvointialue,Tietohallintopalvelut,Uusitalo Jaana,jaana.uusitalo@example.invalid,SYN-HYVAKS-000705,Vakituinen,2016-04-28,Toimipiste,"Hyvinvointialue, Keski-Suomi",Konsernipalvelut,Tietohallinto,Tietohallintopalvelut,Tietohallintopalvelut,"TERVEYSTIE 5, 41340 Laukaa","Toimiala=Konsernipalvelut; Vastuualue=Tietohallinto; Palvelualue=Tietohallintopalvelut; Palveluyksikkö=Tietohallintopalvelut; Toimipiste=TERVEYSTIE 5, 41340 Laukaa",KESKI-SUOMEN HYVINVOINTIALUE,KESKI-SUOMEN HYVINVOINTIALUE,41340,TERVEYSTIE 5,Keski-Suomi,Suomi,Tietohallinnon asiantuntija,+358142000705,+35840100705,jaana.uusitalo,SYN-HYVAKS-000018,,,SMTP:jaana.uusitalo@example.invalid,,,fi-FI,Aktiivinen,synthetic-development-data
Jyväskylä,Keski-Suomen hyvinvointialue,Tietohallinto yhteiset,Vuorinen Elina,elina.vuorinen2@example.invalid,SYN-HYVAKS-000706,Sijainen,2005-12-17,Toimipiste,"Hyvinvointialue, Keski-Suomi",Konsernipalvelut,Tietohallinto,Tietohallinto yhteiset,Tietohallinto yhteiset,"HYVINVOINTIKATU 12, 40100 Jyväskylä","Toimiala=Konsernipalvelut; Vastuualue=Tietohallinto; Palvelualue=Tietohallinto yhteiset; Palveluyksikkö=Tietohallinto yhteiset; Toimipiste=HYVINVOINTIKATU 12, 40100 Jyväskylä",KESKI-SUOMEN HYVINVOINTIALUE,KESKI-SUOMEN HYVINVOINTIALUE,40100,HYVINVOINTIKATU 12,Keski-Suomi,Suomi,Tietohallinnon suunnittelija,+358142000706,+35840100706,elina.vuorinen2,SYN-HYVAKS-000014,,,SMTP:elina.vuorinen2@example.invalid,,,fi-FI,Aktiivinen,synthetic-development-data
Äänekoski,Keski-Suomen hyvinvointialue,Tietohallintopalvelut,Ylitalo Jere,jere.ylitalo@example.invalid,SYN-HYVAKS-000707,Vakituinen,2001-11-01,Toimipiste,"Hyvinvointialue, Keski-Suomi",Konsernipalvelut,Tietohallinto,Tietohallintopalvelut,Tietohallintopalvelut,"KESKUSKATU 14, 44100 Äänekoski","Toimiala=Konsernipalvelut; Vastuualue=Tietohallinto; Palvelualue=Tietohallintopalvelut; Palveluyksikkö=Tietohallintopalvelut; Toimipiste=KESKUSKATU 14, 44100 Äänekoski",KESKI-SUOMEN HYVINVOINTIALUE,KESKI-SUOMEN HYVINVOINTIALUE,44100,KESKUSKATU 14,Keski-Suomi,Suomi,Tietohallinnon asiantuntija,+358142000707,+35844100707,jere.ylitalo,SYN-HYVAKS-000017,,,SMTP:jere.ylitalo@example.invalid,,,fi-FI,Aktiivinen,synthetic-development-data
Jämsä,Keski-Suomen hyvinvointialue,Viestintäpalvelut,Toivonen Satu,satu.toivonen@example.invalid,SYN-HYVAKS-000708,Vakituinen,2011-03-28,Toimipiste,"Hyvinvointialue, Keski-Suomi",Konsernipalvelut,Viestintäpalvelut,Viestintäpalvelut,Viestintäpalvelut,"SAIRAALANTIE 8, 42100 Jämsä","Toimiala=Konsernipalvelut; Vastuualue=Viestintäpalvelut; Palvelualue=Viestintäpalvelut; Palveluyksikkö=Viestintäpalvelut; Toimipiste=SAIRAALANTIE 8, 42100 Jämsä",KESKI-SUOMEN HYVINVOINTIALUE,KESKI-SUOMEN HYVINVOINTIALUE,42100,SAIRAALANTIE 8,Keski-Suomi,Suomi,Graafinen suunnittelija,+358142000708,+35845100708,satu.toivonen,SYN-HYVAKS-000030,,,SMTP:satu.toivonen@example.invalid,,,fi-FI,Aktiivinen,synthetic-development-data
Viitasaari,Keski-Suomen hyvinvointialue,Tilapalveluiden johtaminen,Sipilä Emilia,emilia.sipila@example.invalid,SYN-HYVAKS-000709,Sijainen,2012-10-07,Toimipiste,"Hyvinvointialue, Keski-Suomi",Konsernipalvelut,Tilapalvelut,Tilapalveluiden johtaminen,Tilapalveluiden johtaminen,"TERVEYSKESKUKSENTIE 2, 44500 Viitasaari","Toimiala=Konsernipalvelut; Vastuualue=Tilapalvelut; Palvelualue=Tilapalveluiden johtaminen; Palveluyksikkö=Tilapalveluiden johtaminen; Toimipiste=TERVEYSKESKUKSENTIE 2, 44500 Viitasaari",KESKI-SUOMEN HYVINVOINTIALUE,KESKI-SUOMEN HYVINVOINTIALUE,44500,TERVEYSKESKUKSENTIE 2,Keski-Suomi,Suomi,Kiinteistöasiantuntija,+358142000709,+35840100709,emilia.sipila,SYN-HYVAKS-000036,,,SMTP:emilia.sipila@example.invalid,,,fi-FI,Aktiivinen,synthetic-development-data
Laukaa,Keski-Suomen hyvinvointialue,Tietohallintopalvelut,Salo Matti,matti.salo@example.invalid,SYN-HYVAKS-000710,Vakituinen,2008-06-06,Toimipiste,"Hyvinvointialue, Keski-Suomi",Konsernipalvelut,Tietohallinto,Tietohallintopalvelut,Tietohallintopalvelut,"TERVEYSTIE 5, 41340 Laukaa","Toimiala=Konsernipalvelut; Vastuualue=Tietohallinto; Palvelualue=Tietohallintopalvelut; Palveluyksikkö=Tietohallintopalvelut; Toimipiste=TERVEYSTIE 5, 41340 Laukaa",KESKI-SUOMEN HYVINVOINTIALUE,KESKI-SUOMEN HYVINVOINTIALUE,41340,TERVEYSTIE 5,Keski-Suomi,Suomi,Käyttäjätukiasiantuntija,+358142000710,+35844100710,matti.salo,SYN-HYVAKS-000018,,,SMTP:matti.salo@example.invalid,,,fi-FI,Aktiivinen,synthetic-development-data
Jämsä,Keski-Suomen hyvinvointialue,Viestintäpalvelut,Hakala Mika,mika.hakala@example.invalid,SYN-HYVAKS-000711,Vakituinen,2022-06-23,Toimipiste,"Hyvinvointialue, Keski-Suomi",Konsernipalvelut,Viestintäpalvelut,Viestintäpalvelut,Viestintäpalvelut,"SAIRAALANTIE 8, 42100 Jämsä","Toimiala=Konsernipalvelut; Vastuualue=Viestintäpalvelut; Palvelualue=Viestintäpalvelut; Palveluyksikkö=Viestintäpalvelut; Toimipiste=SAIRAALANTIE 8, 42100 Jämsä",KESKI-SUOMEN HYVINVOINTIALUE,KESKI-SUOMEN HYVINVOINTIALUE,42100,SAIRAALANTIE 8,Keski-Suomi,Suomi,Graafinen suunnittelija,+358142000711,+35845100711,mika.hakala,SYN-HYVAKS-000030,,,SMTP:mika.hakala@example.invalid,,,sv-FI,Aktiivinen,synthetic-development-data
Jämsä,Keski-Suomen hyvinvointialue,Tilapalveluiden johtaminen,Lahtinen Sanna,sanna.lahtinen@example.invalid,SYN-HYVAKS-000712,Vakituinen,2020-12-30,Toimipiste,"Hyvinvointialue, Keski-Suomi",Konsernipalvelut,Tilapalvelut,Tilapalveluiden johtaminen,Tilapalveluiden johtaminen,"SAIRAALANTIE 8, 42100 Jämsä","Toimiala=Konsernipalvelut; Vastuualue=Tilapalvelut; Palvelualue=Tilapalveluiden johtaminen; Palveluyksikkö=Tilapalveluiden johtaminen; Toimipiste=SAIRAALANTIE 8, 42100 Jämsä",KESKI-SUOMEN HYVINVOINTIALUE,KESKI-SUOMEN HYVINVOINTIALUE,42100,SAIRAALANTIE 8,Keski-Suomi,Suomi,Kiinteistöasiantuntija,+358142000712,+35845100712,sanna.lahtinen,SYN-HYVAKS-000032,,,SMTP:sanna.lahtinen@example.invalid,,,fi-FI,Aktiivinen,synthetic-development-data
Karstula,Keski-Suomen hyvinvointialue,Tilapalveluiden johtaminen,Miettinen Juha,juha.miettinen@example.invalid,SYN-HYVAKS-000713,Vakituinen,2020-01-27,Toimipiste,"Hyvinvointialue, Keski-Suomi",Konsernipalvelut,Tilapalvelut,Tilapalveluiden johtaminen,Tilapalveluiden johtaminen,"HYVINVOINTITIE 6, 43500 Karstula","Toimiala=Konsernipalvelut; Vastuualue=Tilapalvelut; Palvelualue=Tilapalveluiden johtaminen; Palveluyksikkö=Tilapalveluiden johtaminen; Toimipiste=HYVINVOINTITIE 6, 43500 Karstula",KESKI-SUOMEN HYVINVOINTIALUE,KESKI-SUOMEN HYVINVOINTIALUE,43500,HYVINVOINTITIE 6,Keski-Suomi,Suomi,Kiinteistöasiantuntija,+358142000713,+35845100713,juha.miettinen,SYN-HYVAKS-000035,,,SMTP:juha.miettinen@example.invalid,,,fi-FI,Aktiivinen,synthetic-development-data
Jämsä,Keski-Suomen hyvinvointialue,Tietohallintopalvelut,Tuominen Mika,mika.tuominen@example.invalid,SYN-HYVAKS-000714,Vakituinen,2017-11-26,Toimipiste,"Hyvinvointialue, Keski-Suomi",Konsernipalvelut,Tietohallinto,Tietohallintopalvelut,Tietohallintopalvelut,"SAIRAALANTIE 8, 42100 Jämsä","Toimiala=Konsernipalvelut; Vastuualue=Tietohallinto; Palvelualue=Tietohallintopalvelut; Palveluyksikkö=Tietohallintopalvelut; Toimipiste=SAIRAALANTIE 8, 42100 Jämsä",KESKI-SUOMEN HYVINVOINTIALUE,KESKI-SUOMEN HYVINVOINTIALUE,42100,SAIRAALANTIE 8,Keski-Suomi,Suomi,Tietohallinnon asiantuntija,+358142000714,+35845100714,mika.tuominen,SYN-HYVAKS-000016,,,SMTP:mika.tuominen@example.invalid,,,fi-FI,Aktiivinen,synthetic-development-data
Keuruu,Keski-Suomen hyvinvointialue,Tilapalveluiden johtaminen,Mattila Sami,sami.mattila@example.invalid,SYN-HYVAKS-000715,Määräaikainen,2023-01-05,Toimipiste,"Hyvinvointialue, Keski-Suomi",Konsernipalvelut,Tilapalvelut,Tilapalveluiden johtaminen,Tilapalveluiden johtaminen,"PALVELUTIE 3, 42700 Keuruu","Toimiala=Konsernipalvelut; Vastuualue=Tilapalvelut; Palvelualue=Tilapalveluiden johtaminen; Palveluyksikkö=Tilapalveluiden johtaminen; Toimipiste=PALVELUTIE 3, 42700 Keuruu",KESKI-SUOMEN HYVINVOINTIALUE,KESKI-SUOMEN HYVINVOINTIALUE,42700,PALVELUTIE 3,Keski-Suomi,Suomi,Huoltoinsinööri,+358142000715,+35844100715,sami.mattila,SYN-HYVAKS-000034,,,SMTP:sami.mattila@example.invalid,,,en-US,Aktiivinen,synthetic-development-data
Jyväskylä,Keski-Suomen hyvinvointialue,Teknologiapalvelut,Peltonen Marika,marika.peltonen@example.invalid,SYN-HYVAKS-000716,Vakituinen,2020-04-27,Toimipiste,"Hyvinvointialue, Keski-Suomi",Konsernipalvelut,Tietohallinto,Teknologiapalvelut,Teknologiapalvelut,"HOITAJANTIE 1, 40620 Jyväskylä","Toimiala=Konsernipalvelut; Vastuualue=Tietohallinto; Palvelualue=Teknologiapalvelut; Palveluyksikkö=Teknologiapalvelut; Toimipiste=HOITAJANTIE 1, 40620 Jyväskylä",KESKI-SUOMEN HYVINVOINTIALUE,KESKI-SUOMEN HYVINVOINTIALUE,40620,HOITAJANTIE 1,Keski-Suomi,Suomi,Järjestelmäasiantuntija,+358142000716,+35844100716,marika.peltonen,SYN-HYVAKS-000021,,,SMTP:marika.peltonen@example.invalid,,,fi-FI,Aktiivinen,synthetic-development-data
Jyväskylä,Keski-Suomen hyvinvointialue,Tietohallintopalvelut,Moilanen Riikka,riikka.moilanen@example.invalid,SYN-HYVAKS-000717,Vakituinen,2018-05-07,Toimipiste,"Hyvinvointialue, Keski-Suomi",Konsernipalvelut,Tietohallinto,Tietohallintopalvelut,Tietohallintopalvelut,"HOITAJANTIE 1, 40620 Jyväskylä","Toimiala=Konsernipalvelut; Vastuualue=Tietohallinto; Palvelualue=Tietohallintopalvelut; Palveluyksikkö=Tietohallintopalvelut; Toimipiste=HOITAJANTIE 1, 40620 Jyväskylä",KESKI-SUOMEN HYVINVOINTIALUE,KESKI-SUOMEN HYVINVOINTIALUE,40620,HOITAJANTIE 1,Keski-Suomi,Suomi,Laitetukiasiantuntija,+358142000717,+35840100717,riikka.moilanen,SYN-HYVAKS-000015,,,SMTP:riikka.moilanen@example.invalid,,,fi-FI,Aktiivinen,synthetic-development-data
Jyväskylä,Keski-Suomen hyvinvointialue,Viestintäpalvelut,Savolainen Timo,timo.savolainen@example.invalid,SYN-HYVAKS-000718,Vakituinen,2004-11-30,Toimipiste,"Hyvinvointialue, Keski-Suomi",Konsernipalvelut,Viestintäpalvelut,Viestintäpalvelut,Viestintäpalvelut,"HOITAJANTIE 1, 40620 Jyväskylä","Toimiala=Konsernipalvelut; Vastuualue=Viestintäpalvelut; Palvelualue=Viestintäpalvelut; Palveluyksikkö=Viestintäpalvelut; Toimipiste=HOITAJANTIE 1, 40620 Jyväskylä",KESKI-SUOMEN HYVINVOINTIALUE,KESKI-SUOMEN HYVINVOINTIALUE,40620,HOITAJANTIE 1,Keski-Suomi,Suomi,Verkkoviestinnän asiantuntija,+358142000718,+35845100718,timo.savolainen,SYN-HYVAKS-000028,,,SMTP:timo.savolainen@example.invalid,,,fi-FI,Aktiivinen,synthetic-development-data
Jyväskylä,Keski-Suomen hyvinvointialue,Tilapalveluiden johtaminen,Ojala Emilia,emilia.ojala@example.invalid,SYN-HYVAKS-000719,Vakituinen,1998-01-29,Toimipiste,"Hyvinvointialue, Keski-Suomi",Konsernipalvelut,Tilapalvelut,Tilapalveluiden johtaminen,Tilapalveluiden johtaminen,"HYVINVOINTIKATU 12, 40100 Jyväskylä","Toimiala=Konsernipalvelut; Vastuualue=Tilapalvelut; Palvelualue=Tilapalveluiden johtaminen; Palveluyksikkö=Tilapalveluiden johtaminen; Toimipiste=HYVINVOINTIKATU 12, 40100 Jyväskylä",KESKI-SUOMEN HYVINVOINTIALUE,KESKI-SUOMEN HYVINVOINTIALUE,40100,HYVINVOINTIKATU 12,Keski-Suomi,Suomi,Kiinteistöasiantuntija,+358142000719,+35840100719,emilia.ojala,SYN-HYVAKS-000031,,,SMTP:emilia.ojala@example.invalid,,,fi-FI,Aktiivinen,synthetic-development-data
Jyväskylä,Keski-Suomen hyvinvointialue,Teknologiapalvelut,Virtanen Mikael,mikael.virtanen@example.invalid,SYN-HYVAKS-000720,Vakituinen,2015-03-21,Toimipiste,"Hyvinvointialue, Keski-Suomi",Konsernipalvelut,Tietohallinto,Teknologiapalvelut,Teknologiapalvelut,"HYVINVOINTIKATU 12, 40100 Jyväskylä","Toimiala=Konsernipalvelut; Vastuualue=Tietohallinto; Palvelualue=Teknologiapalvelut; Palveluyksikkö=Teknologiapalvelut; Toimipiste=HYVINVOINTIKATU 12, 40100 Jyväskylä",KESKI-SUOMEN HYVINVOINTIALUE,KESKI-SUOMEN HYVINVOINTIALUE,40100,HYVINVOINTIKATU 12,Keski-Suomi,Suomi,Palveluarkkitehti,+358142000720,+35845100720,mikael.virtanen,SYN-HYVAKS-000022,,,SMTP:mikael.virtanen@example.invalid,,,sv-FI,Aktiivinen,synthetic-development-data
Laukaa,Keski-Suomen hyvinvointialue,Tietohallintopalvelut,Kolehmainen Anni,anni.kolehmainen@example.invalid,SYN-HYVAKS-000721,Vakituinen,2003-10-06,Toimipiste,"Hyvinvointialue, Keski-Suomi",Konsernipalvelut,Tietohallinto,Tietohallintopalvelut,Tietohallintopalvelut,"TERVEYSTIE 5, 41340 Laukaa","Toimiala=Konsernipalvelut; Vastuualue=Tietohallinto; Palvelualue=Tietohallintopalvelut; Palveluyksikkö=Tietohallintopalvelut; Toimipiste=TERVEYSTIE 5, 41340 Laukaa",KESKI-SUOMEN HYVINVOINTIALUE,KESKI-SUOMEN HYVINVOINTIALUE,41340,TERVEYSTIE 5,Keski-Suomi,Suomi,Järjestelmäasiantuntija,+358142000721,+35845100721,anni.kolehmainen,SYN-HYVAKS-000018,,,SMTP:anni.kolehmainen@example.invalid,,,fi-FI,Aktiivinen,synthetic-development-data
Jämsä,Keski-Suomen hyvinvointialue,Viestintäpalvelut,Sipilä Heli,heli.sipila@example.invalid,SYN-HYVAKS-000722,Vakituinen,2013-07-07,Toimipiste,"Hyvinvointialue, Keski-Suomi",Konsernipalvelut,Viestintäpalvelut,Viestintäpalvelut,Viestintäpalvelut,"SAIRAALANTIE 8, 42100 Jämsä","Toimiala=Konsernipalvelut; Vastuualue=Viestintäpalvelut; Palvelualue=Viestintäpalvelut; Palveluyksikkö=Viestintäpalvelut; Toimipiste=SAIRAALANTIE 8, 42100 Jämsä",KESKI-SUOMEN HYVINVOINTIALUE,KESKI-SUOMEN HYVINVOINTIALUE,42100,SAIRAALANTIE 8,Keski-Suomi,Suomi,Verkkoviestinnän asiantuntija,+358142000722,+35850100722,heli.sipila,SYN-HYVAKS-000030,,,SMTP:heli.sipila@example.invalid,,,fi-FI,Aktiivinen,synthetic-development-data
Jämsä,Keski-Suomen hyvinvointialue,Teknologiapalvelut,Hakala Olli,olli.hakala@example.invalid,SYN-HYVAKS-000723,Osa-aikainen,2016-02-17,Toimipiste,"Hyvinvointialue, Keski-Suomi",Konsernipalvelut,Tietohallinto,Teknologiapalvelut,Teknologiapalvelut,"SAIRAALANTIE 8, 42100 Jämsä","Toimiala=Konsernipalvelut; Vastuualue=Tietohallinto; Palvelualue=Teknologiapalvelut; Palveluyksikkö=Teknologiapalvelut; Toimipiste=SAIRAALANTIE 8, 42100 Jämsä",KESKI-SUOMEN HYVINVOINTIALUE,KESKI-SUOMEN HYVINVOINTIALUE,42100,SAIRAALANTIE 8,Keski-Suomi,Suomi,Teknologia-asiantuntija,+358142000723,+35844100723,olli.hakala,SYN-HYVAKS-000023,,,SMTP:olli.hakala@example.invalid,,,fi-FI,Aktiivinen,synthetic-development-data
Jyväskylä,Keski-Suomen hyvinvointialue,Projektit ja kehittäminen,Niemi Veera,veera.niemi@example.invalid,SYN-HYVAKS-000724,Vakituinen,2019-08-19,Toimipiste,"Hyvinvointialue, Keski-Suomi",Konsernipalvelut,Tietohallinto,Projektit ja kehittäminen,Projektit ja kehittäminen,"HOITAJANTIE 1, 40620 Jyväskylä","Toimiala=Konsernipalvelut; Vastuualue=Tietohallinto; Palvelualue=Projektit ja kehittäminen; Palveluyksikkö=Projektit ja kehittäminen; Toimipiste=HOITAJANTIE 1, 40620 Jyväskylä",KESKI-SUOMEN HYVINVOINTIALUE,KESKI-SUOMEN HYVINVOINTIALUE,40620,HOITAJANTIE 1,Keski-Suomi,Suomi,Tuoteomistaja,+358142000724,+35844100724,veera.niemi,SYN-HYVAKS-000019,,,SMTP:veera.niemi@example.invalid,,,fi-FI,Aktiivinen,synthetic-development-data
Laukaa,Keski-Suomen hyvinvointialue,Palveluprosessien digitalisaatio,Järvinen Outi,outi.jarvinen@example.invalid,SYN-HYVAKS-000725,Vakituinen,2006-05-15,Toimipiste,"Hyvinvointialue, Keski-Suomi",Konsernipalvelut,Tietohallinto,Palveluprosessien digitalisaatio,Palveluprosessien digitalisaatio,"TERVEYSTIE 5, 41340 Laukaa","Toimiala=Konsernipalvelut; Vastuualue=Tietohallinto; Palvelualue=Palveluprosessien digitalisaatio; Palveluyksikkö=Palveluprosessien digitalisaatio; Toimipiste=TERVEYSTIE 5, 41340 Laukaa",KESKI-SUOMEN HYVINVOINTIALUE,KESKI-SUOMEN HYVINVOINTIALUE,41340,TERVEYSTIE 5,Keski-Suomi,Suomi,Integraatioasiantuntija,+358142000725,+35850100725,outi.jarvinen,SYN-HYVAKS-000027,,,SMTP:outi.jarvinen@example.invalid,,,fi-FI,Aktiivinen,synthetic-development-data
Karstula,Keski-Suomen hyvinvointialue,Tilapalveluiden johtaminen,Kallio Henna,henna.kallio2@example.invalid,SYN-HYVAKS-000726,Vakituinen,2003-01-01,Toimipiste,"Hyvinvointialue, Keski-Suomi",Konsernipalvelut,Tilapalvelut,Tilapalveluiden johtaminen,Tilapalveluiden johtaminen,"HYVINVOINTITIE 6, 43500 Karstula","Toimiala=Konsernipalvelut; Vastuualue=Tilapalvelut; Palvelualue=Tilapalveluiden johtaminen; Palveluyksikkö=Tilapalveluiden johtaminen; Toimipiste=HYVINVOINTITIE 6, 43500 Karstula",KESKI-SUOMEN HYVINVOINTIALUE,KESKI-SUOMEN HYVINVOINTIALUE,43500,HYVINVOINTITIE 6,Keski-Suomi,Suomi,Kiinteistöasiantuntija,+358142000726,+35840100726,henna.kallio2,SYN-HYVAKS-000035,,,SMTP:henna.kallio2@example.invalid,,,fi-FI,Aktiivinen,synthetic-development-data
Äänekoski,Keski-Suomen hyvinvointialue,Teknologiapalvelut,Vainio Olli,olli.vainio@example.invalid,SYN-HYVAKS-000727,Vakituinen,1998-06-28,Toimipiste,"Hyvinvointialue, Keski-Suomi",Konsernipalvelut,Tietohallinto,Teknologiapalvelut,Teknologiapalvelut,"KESKUSKATU 14, 44100 Äänekoski","Toimiala=Konsernipalvelut; Vastuualue=Tietohallinto; Palvelualue=Teknologiapalvelut; Palveluyksikkö=Teknologiapalvelut; Toimipiste=KESKUSKATU 14, 44100 Äänekoski",KESKI-SUOMEN HYVINVOINTIALUE,KESKI-SUOMEN HYVINVOINTIALUE,44100,KESKUSKATU 14,Keski-Suomi,Suomi,Verkkoasiantuntija,+358142000727,+35850100727,olli.vainio,SYN-HYVAKS-000024,,,SMTP:olli.vainio@example.invalid,,,fi-FI,Aktiivinen,synthetic-development-data
Jyväskylä,Keski-Suomen hyvinvointialue,Projektit ja kehittäminen,Ojala Jere,jere.ojala@example.invalid,SYN-HYVAKS-000728,Määräaikainen,2009-05-29,Toimipiste,"Hyvinvointialue, Keski-Suomi",Konsernipalvelut,Tietohallinto,Projektit ja kehittäminen,Projektit ja kehittäminen,"HOITAJANTIE 1, 40620 Jyväskylä","Toimiala=Konsernipalvelut; Vastuualue=Tietohallinto; Palvelualue=Projektit ja kehittäminen; Palveluyksikkö=Projektit ja kehittäminen; Toimipiste=HOITAJANTIE 1, 40620 Jyväskylä",KESKI-SUOMEN HYVINVOINTIALUE,KESKI-SUOMEN HYVINVOINTIALUE,40620,HOITAJANTIE 1,Keski-Suomi,Suomi,Tuoteomistaja,+358142000728,+35844100728,jere.ojala,SYN-HYVAKS-000019,,,SMTP:jere.ojala@example.invalid,,,fi-FI,Aktiivinen,synthetic-development-data
Jämsä,Keski-Suomen hyvinvointialue,Tietohallintopalvelut,Toivonen Tomi,tomi.toivonen@example.invalid,SYN-HYVAKS-000729,Vakituinen,2016-07-07,Toimipiste,"Hyvinvointialue, Keski-Suomi",Konsernipalvelut,Tietohallinto,Tietohallintopalvelut,Tietohallintopalvelut,"SAIRAALANTIE 8, 42100 Jämsä","Toimiala=Konsernipalvelut; Vastuualue=Tietohallinto; Palvelualue=Tietohallintopalvelut; Palveluyksikkö=Tietohallintopalvelut; Toimipiste=SAIRAALANTIE 8, 42100 Jämsä",KESKI-SUOMEN HYVINVOINTIALUE,KESKI-SUOMEN HYVINVOINTIALUE,42100,SAIRAALANTIE 8,Keski-Suomi,Suomi,Käyttäjätukiasiantuntija,+358142000729,+35850100729,tomi.toivonen,SYN-HYVAKS-000016,,,SMTP:tomi.toivonen@example.invalid,,,fi-FI,Aktiivinen,synthetic-development-data
Jyväskylä,Keski-Suomen hyvinvointialue,Teknologiapalvelut,Repo Riikka,riikka.repo@example.invalid,SYN-HYVAKS-000730,Vakituinen,2018-09-18,Toimipiste,"Hyvinvointialue, Keski-Suomi",Konsernipalvelut,Tietohallinto,Teknologiapalvelut,Teknologiapalvelut,"HOITAJANTIE 1, 40620 Jyväskylä","Toimiala=Konsernipalvelut; Vastuualue=Tietohallinto; Palvelualue=Teknologiapalvelut; Palveluyksikkö=Teknologiapalvelut; Toimipiste=HOITAJANTIE 1, 40620 Jyväskylä",KESKI-SUOMEN HYVINVOINTIALUE,KESKI-SUOMEN HYVINVOINTIALUE,40620,HOITAJANTIE 1,Keski-Suomi,Suomi,Konesaliasiantuntija,+358142000730,+35850100730,riikka.repo,SYN-HYVAKS-000021,,,SMTP:riikka.repo@example.invalid,,,fi-FI,Aktiivinen,synthetic-development-data
Äänekoski,Keski-Suomen hyvinvointialue,Teknologiapalvelut,Saarinen Johanna,johanna.saarinen@example.invalid,SYN-HYVAKS-000731,Vakituinen,2021-03-07,Toimipiste,"Hyvinvointialue, Keski-Suomi",Konsernipalvelut,Tietohallinto,Teknologiapalvelut,Teknologiapalvelut,"KESKUSKATU 14, 44100 Äänekoski","Toimiala=Konsernipalvelut; Vastuualue=Tietohallinto; Palvelualue=Teknologiapalvelut; Palveluyksikkö=Teknologiapalvelut; Toimipiste=KESKUSKATU 14, 44100 Äänekoski",KESKI-SUOMEN HYVINVOINTIALUE,KESKI-SUOMEN HYVINVOINTIALUE,44100,KESKUSKATU 14,Keski-Suomi,Suomi,Järjestelmäasiantuntija,+358142000731,+35844100731,johanna.saarinen,SYN-HYVAKS-000024,,,SMTP:johanna.saarinen@example.invalid,,,fi-FI,Aktiivinen,synthetic-development-data
Jyväskylä,Keski-Suomen hyvinvointialue,Tietohallintopalvelut,Lehtinen Vesa,vesa.lehtinen2@example.invalid,SYN-HYVAKS-000732,Vakituinen,2003-10-06,Toimipiste,"Hyvinvointialue, Keski-Suomi",Konsernipalvelut,Tietohallinto,Tietohallintopalvelut,Tietohallintopalvelut,"HOITAJANTIE 1, 40620 Jyväskylä","Toimiala=Konsernipalvelut; Vastuualue=Tietohallinto; Palvelualue=Tietohallintopalvelut; Palveluyksikkö=Tietohallintopalvelut; Toimipiste=HOITAJANTIE 1, 40620 Jyväskylä",KESKI-SUOMEN HYVINVOINTIALUE,KESKI-SUOMEN HYVINVOINTIALUE,40620,HOITAJANTIE 1,Keski-Suomi,Suomi,Järjestelmäasiantuntija,+358142000732,+35844100732,vesa.lehtinen2,SYN-HYVAKS-000015,,,SMTP:vesa.lehtinen2@example.invalid,,,fi-FI,Aktiivinen,synthetic-development-data
Laukaa,Keski-Suomen hyvinvointialue,Palveluprosessien digitalisaatio,Pitkänen Tomi,tomi.pitkanen@example.invalid,SYN-HYVAKS-000733,Vakituinen,2025-05-28,Toimipiste,"Hyvinvointialue, Keski-Suomi",Konsernipalvelut,Tietohallinto,Palveluprosessien digitalisaatio,Palveluprosessien digitalisaatio,"TERVEYSTIE 5, 41340 Laukaa","Toimiala=Konsernipalvelut; Vastuualue=Tietohallinto; Palvelualue=Palveluprosessien digitalisaatio; Palveluyksikkö=Palveluprosessien digitalisaatio; Toimipiste=TERVEYSTIE 5, 41340 Laukaa",KESKI-SUOMEN HYVINVOINTIALUE,KESKI-SUOMEN HYVINVOINTIALUE,41340,TERVEYSTIE 5,Keski-Suomi,Suomi,Prosessikehittäjä,+358142000733,+35840100733,tomi.pitkanen,SYN-HYVAKS-000027,,,SMTP:tomi.pitkanen@example.invalid,,,fi-FI,Aktiivinen,synthetic-development-data
Jyväskylä,Keski-Suomen hyvinvointialue,Palveluprosessien digitalisaatio,Ojala Tuula,tuula.ojala2@example.invalid,SYN-HYVAKS-000734,Vakituinen,2019-08-16,Toimipiste,"Hyvinvointialue, Keski-Suomi",Konsernipalvelut,Tietohallinto,Palveluprosessien digitalisaatio,Palveluprosessien digitalisaatio,"HYVINVOINTIKATU 12, 40100 Jyväskylä","Toimiala=Konsernipalvelut; Vastuualue=Tietohallinto; Palvelualue=Palveluprosessien digitalisaatio; Palveluyksikkö=Palveluprosessien digitalisaatio; Toimipiste=HYVINVOINTIKATU 12, 40100 Jyväskylä",KESKI-SUOMEN HYVINVOINTIALUE,KESKI-SUOMEN HYVINVOINTIALUE,40100,HYVINVOINTIKATU 12,Keski-Suomi,Suomi,Digitalisaatioasiantuntija,+358142000734,+35845100734,tuula.ojala2,SYN-HYVAKS-000026,,,SMTP:tuula.ojala2@example.invalid,,,fi-FI,Aktiivinen,synthetic-development-data
Jyväskylä,Keski-Suomen hyvinvointialue,Projektit ja kehittäminen,Vuorinen Matti,matti.vuorinen@example.invalid,SYN-HYVAKS-000735,Sijainen,2018-01-18,Toimipiste,"Hyvinvointialue, Keski-Suomi",Konsernipalvelut,Tietohallinto,Projektit ja kehittäminen,Projektit ja kehittäminen,"HOITAJANTIE 1, 40620 Jyväskylä","Toimiala=Konsernipalvelut; Vastuualue=Tietohallinto; Palvelualue=Projektit ja kehittäminen; Palveluyksikkö=Projektit ja kehittäminen; Toimipiste=HOITAJANTIE 1, 40620 Jyväskylä",KESKI-SUOMEN HYVINVOINTIALUE,KESKI-SUOMEN HYVINVOINTIALUE,40620,HOITAJANTIE 1,Keski-Suomi,Suomi,Tuoteomistaja,+358142000735,+35844100735,matti.vuorinen,SYN-HYVAKS-000019,,,SMTP:matti.vuorinen@example.invalid,,,fi-FI,Aktiivinen,synthetic-development-data
Äänekoski,Keski-Suomen hyvinvointialue,Tietohallintopalvelut,Virtanen Janne,janne.virtanen@example.invalid,SYN-HYVAKS-000736,Vakituinen,2001-06-25,Toimipiste,"Hyvinvointialue, Keski-Suomi",Konsernipalvelut,Tietohallinto,Tietohallintopalvelut,Tietohallintopalvelut,"KESKUSKATU 14, 44100 Äänekoski","Toimiala=Konsernipalvelut; Vastuualue=Tietohallinto; Palvelualue=Tietohallintopalvelut; Palveluyksikkö=Tietohallintopalvelut; Toimipiste=KESKUSKATU 14, 44100 Äänekoski",KESKI-SUOMEN HYVINVOINTIALUE,KESKI-SUOMEN HYVINVOINTIALUE,44100,KESKUSKATU 14,Keski-Suomi,Suomi,Tietohallinnon asiantuntija,+358142000736,+35844100736,janne.virtanen,SYN-HYVAKS-000017,,,SMTP:janne.virtanen@example.invalid,,,fi-FI,Aktiivinen,synthetic-development-data
Äänekoski,Keski-Suomen hyvinvointialue,Teknologiapalvelut,Savolainen Johanna,johanna.savolainen@example.invalid,SYN-HYVAKS-000737,Vakituinen,2003-09-15,Toimipiste,"Hyvinvointialue, Keski-Suomi",Konsernipalvelut,Tietohallinto,Teknologiapalvelut,Teknologiapalvelut,"KESKUSKATU 14, 44100 Äänekoski","Toimiala=Konsernipalvelut; Vastuualue=Tietohallinto; Palvelualue=Teknologiapalvelut; Palveluyksikkö=Teknologiapalvelut; Toimipiste=KESKUSKATU 14, 44100 Äänekoski",KESKI-SUOMEN HYVINVOINTIALUE,KESKI-SUOMEN HYVINVOINTIALUE,44100,KESKUSKATU 14,Keski-Suomi,Suomi,Palveluarkkitehti,+358142000737,+35850100737,johanna.savolainen,SYN-HYVAKS-000024,,,SMTP:johanna.savolainen@example.invalid,,,fi-FI,Aktiivinen,synthetic-development-data
Jämsä,Keski-Suomen hyvinvointialue,Tietohallintopalvelut,Jokinen Leena,leena.jokinen@example.invalid,SYN-HYVAKS-000738,Vakituinen,2007-08-13,Toimipiste,"Hyvinvointialue, Keski-Suomi",Konsernipalvelut,Tietohallinto,Tietohallintopalvelut,Tietohallintopalvelut,"SAIRAALANTIE 8, 42100 Jämsä","Toimiala=Konsernipalvelut; Vastuualue=Tietohallinto; Palvelualue=Tietohallintopalvelut; Palveluyksikkö=Tietohallintopalvelut; Toimipiste=SAIRAALANTIE 8, 42100 Jämsä",KESKI-SUOMEN HYVINVOINTIALUE,KESKI-SUOMEN HYVINVOINTIALUE,42100,SAIRAALANTIE 8,Keski-Suomi,Suomi,Tietohallinnon asiantuntija,+358142000738,+35850100738,leena.jokinen,SYN-HYVAKS-000016,,,SMTP:leena.jokinen@example.invalid,,,fi-FI,Aktiivinen,synthetic-development-data
Laukaa,Keski-Suomen hyvinvointialue,Tietohallintopalvelut,Virtanen Tuomas,tuomas.virtanen@example.invalid,SYN-HYVAKS-000739,Osa-aikainen,2006-10-26,Toimipiste,"Hyvinvointialue, Keski-Suomi",Konsernipalvelut,Tietohallinto,Tietohallintopalvelut,Tietohallintopalvelut,"TERVEYSTIE 5, 41340 Laukaa","Toimiala=Konsernipalvelut; Vastuualue=Tietohallinto; Palvelualue=Tietohallintopalvelut; Palveluyksikkö=Tietohallintopalvelut; Toimipiste=TERVEYSTIE 5, 41340 Laukaa",KESKI-SUOMEN HYVINVOINTIALUE,KESKI-SUOMEN HYVINVOINTIALUE,41340,TERVEYSTIE 5,Keski-Suomi,Suomi,Käyttäjätukiasiantuntija,+358142000739,+35850100739,tuomas.virtanen,SYN-HYVAKS-000018,,,SMTP:tuomas.virtanen@example.invalid,,,fi-FI,Aktiivinen,synthetic-development-data
Äänekoski,Keski-Suomen hyvinvointialue,Tietohallintopalvelut,Salo Jukka,jukka.salo2@example.invalid,SYN-HYVAKS-000740,Osa-aikainen,2015-12-17,Toimipiste,"Hyvinvointialue, Keski-Suomi",Konsernipalvelut,Tietohallinto,Tietohallintopalvelut,Tietohallintopalvelut,"KESKUSKATU 14, 44100 Äänekoski","Toimiala=Konsernipalvelut; Vastuualue=Tietohallinto; Palvelualue=Tietohallintopalvelut; Palveluyksikkö=Tietohallintopalvelut; Toimipiste=KESKUSKATU 14, 44100 Äänekoski",KESKI-SUOMEN HYVINVOINTIALUE,KESKI-SUOMEN HYVINVOINTIALUE,44100,KESKUSKATU 14,Keski-Suomi,Suomi,Tietohallinnon asiantuntija,+358142000740,+35840100740,jukka.salo2,SYN-HYVAKS-000017,,,SMTP:jukka.salo2@example.invalid,,,fi-FI,Aktiivinen,synthetic-development-data
Jyväskylä,Keski-Suomen hyvinvointialue,Projektit ja kehittäminen,Takala Kaisa,kaisa.takala@example.invalid,SYN-HYVAKS-000741,Vakituinen,1999-07-09,Toimipiste,"Hyvinvointialue, Keski-Suomi",Konsernipalvelut,Tietohallinto,Projektit ja kehittäminen,Projektit ja kehittäminen,"HYVINVOINTIKATU 12, 40100 Jyväskylä","Toimiala=Konsernipalvelut; Vastuualue=Tietohallinto; Palvelualue=Projektit ja kehittäminen; Palveluyksikkö=Projektit ja kehittäminen; Toimipiste=HYVINVOINTIKATU 12, 40100 Jyväskylä",KESKI-SUOMEN HYVINVOINTIALUE,KESKI-SUOMEN HYVINVOINTIALUE,40100,HYVINVOINTIKATU 12,Keski-Suomi,Suomi,Tuoteomistaja,+358142000741,+35844100741,kaisa.takala,SYN-HYVAKS-000020,,,SMTP:kaisa.takala@example.invalid,,,fi-FI,Aktiivinen,synthetic-development-data
Jyväskylä,Keski-Suomen hyvinvointialue,Teknologiapalvelut,Rantanen Veera,veera.rantanen@example.invalid,SYN-HYVAKS-000742,Määräaikainen,2013-08-26,Toimipiste,"Hyvinvointialue, Keski-Suomi",Konsernipalvelut,Tietohallinto,Teknologiapalvelut,Teknologiapalvelut,"HOITAJANTIE 1, 40620 Jyväskylä","Toimiala=Konsernipalvelut; Vastuualue=Tietohallinto; Palvelualue=Teknologiapalvelut; Palveluyksikkö=Teknologiapalvelut; Toimipiste=HOITAJANTIE 1, 40620 Jyväskylä",KESKI-SUOMEN HYVINVOINTIALUE,KESKI-SUOMEN HYVINVOINTIALUE,40620,HOITAJANTIE 1,Keski-Suomi,Suomi,Palveluarkkitehti,+358142000742,+35840100742,veera.rantanen,SYN-HYVAKS-000021,,,SMTP:veera.rantanen@example.invalid,,,fi-FI,Aktiivinen,synthetic-development-data
Jyväskylä,Keski-Suomen hyvinvointialue,Teknologiapalvelut,Rinne Liisa,liisa.rinne3@example.invalid,SYN-HYVAKS-000743,Määräaikainen,2010-11-26,Toimipiste,"Hyvinvointialue, Keski-Suomi",Konsernipalvelut,Tietohallinto,Teknologiapalvelut,Teknologiapalvelut,"HOITAJANTIE 1, 40620 Jyväskylä","Toimiala=Konsernipalvelut; Vastuualue=Tietohallinto; Palvelualue=Teknologiapalvelut; Palveluyksikkö=Teknologiapalvelut; Toimipiste=HOITAJANTIE 1, 40620 Jyväskylä",KESKI-SUOMEN HYVINVOINTIALUE,KESKI-SUOMEN HYVINVOINTIALUE,40620,HOITAJANTIE 1,Keski-Suomi,Suomi,Konesaliasiantuntija,+358142000743,+35850100743,liisa.rinne3,SYN-HYVAKS-000021,,,SMTP:liisa.rinne3@example.invalid,,,fi-FI,Aktiivinen,synthetic-development-data
Jyväskylä,Keski-Suomen hyvinvointialue,Palveluprosessien digitalisaatio,Virtanen Laura,laura.virtanen@example.invalid,SYN-HYVAKS-000744,Vakituinen,2020-02-19,Toimipiste,"Hyvinvointialue, Keski-Suomi",Konsernipalvelut,Tietohallinto,Palveluprosessien digitalisaatio,Palveluprosessien digitalisaatio,"HYVINVOINTIKATU 12, 40100 Jyväskylä","Toimiala=Konsernipalvelut; Vastuualue=Tietohallinto; Palvelualue=Palveluprosessien digitalisaatio; Palveluyksikkö=Palveluprosessien digitalisaatio; Toimipiste=HYVINVOINTIKATU 12, 40100 Jyväskylä",KESKI-SUOMEN HYVINVOINTIALUE,KESKI-SUOMEN HYVINVOINTIALUE,40100,HYVINVOINTIKATU 12,Keski-Suomi,Suomi,Tietoasiantuntija,+358142000744,+35845100744,laura.virtanen,SYN-HYVAKS-000026,,,SMTP:laura.virtanen@example.invalid,,,fi-FI,Aktiivinen,synthetic-development-data
Jämsä,Keski-Suomen hyvinvointialue,Tilapalveluiden johtaminen,Mäkinen Sampo,sampo.makinen2@example.invalid,SYN-HYVAKS-000745,Vakituinen,2022-04-23,Toimipiste,"Hyvinvointialue, Keski-Suomi",Konsernipalvelut,Tilapalvelut,Tilapalveluiden johtaminen,Tilapalveluiden johtaminen,"SAIRAALANTIE 8, 42100 Jämsä","Toimiala=Konsernipalvelut; Vastuualue=Tilapalvelut; Palvelualue=Tilapalveluiden johtaminen; Palveluyksikkö=Tilapalveluiden johtaminen; Toimipiste=SAIRAALANTIE 8, 42100 Jämsä",KESKI-SUOMEN HYVINVOINTIALUE,KESKI-SUOMEN HYVINVOINTIALUE,42100,SAIRAALANTIE 8,Keski-Suomi,Suomi,Huoltoinsinööri,+358142000745,+35844100745,sampo.makinen2,SYN-HYVAKS-000032,,,SMTP:sampo.makinen2@example.invalid,,,sv-FI,Aktiivinen,synthetic-development-data
Äänekoski,Keski-Suomen hyvinvointialue,Tilapalveluiden johtaminen,Koskinen Tomi,tomi.koskinen@example.invalid,SYN-HYVAKS-000746,Vakituinen,2018-10-25,Toimipiste,"Hyvinvointialue, Keski-Suomi",Konsernipalvelut,Tilapalvelut,Tilapalveluiden johtaminen,Tilapalveluiden johtaminen,"KESKUSKATU 14, 44100 Äänekoski","Toimiala=Konsernipalvelut; Vastuualue=Tilapalvelut; Palvelualue=Tilapalveluiden johtaminen; Palveluyksikkö=Tilapalveluiden johtaminen; Toimipiste=KESKUSKATU 14, 44100 Äänekoski",KESKI-SUOMEN HYVINVOINTIALUE,KESKI-SUOMEN HYVINVOINTIALUE,44100,KESKUSKATU 14,Keski-Suomi,Suomi,Kiinteistöasiantuntija,+358142000746,+35850100746,tomi.koskinen,SYN-HYVAKS-000033,,,SMTP:tomi.koskinen@example.invalid,,,fi-FI,Aktiivinen,synthetic-development-data
Jyväskylä,Keski-Suomen hyvinvointialue,Tietohallintopalvelut,Peltonen Tiina,tiina.peltonen@example.invalid,SYN-HYVAKS-000747,Vakituinen,2019-05-09,Toimipiste,"Hyvinvointialue, Keski-Suomi",Konsernipalvelut,Tietohallinto,Tietohallintopalvelut,Tietohallintopalvelut,"HOITAJANTIE 1, 40620 Jyväskylä","Toimiala=Konsernipalvelut; Vastuualue=Tietohallinto; Palvelualue=Tietohallintopalvelut; Palveluyksikkö=Tietohallintopalvelut; Toimipiste=HOITAJANTIE 1, 40620 Jyväskylä",KESKI-SUOMEN HYVINVOINTIALUE,KESKI-SUOMEN HYVINVOINTIALUE,40620,HOITAJANTIE 1,Keski-Suomi,Suomi,Järjestelmäasiantuntija,+358142000747,+35845100747,tiina.peltonen,SYN-HYVAKS-000015,,,SMTP:tiina.peltonen@example.invalid,,,fi-FI,Aktiivinen,synthetic-development-data
Jyväskylä,Keski-Suomen hyvinvointialue,Tietohallinto yhteiset,Nieminen Veera,veera.nieminen@example.invalid,SYN-HYVAKS-000748,Vakituinen,2004-02-16,Toimipiste,"Hyvinvointialue, Keski-Suomi",Konsernipalvelut,Tietohallinto,Tietohallinto yhteiset,Tietohallinto yhteiset,"HOITAJANTIE 1, 40620 Jyväskylä","Toimiala=Konsernipalvelut; Vastuualue=Tietohallinto; Palvelualue=Tietohallinto yhteiset; Palveluyksikkö=Tietohallinto yhteiset; Toimipiste=HOITAJANTIE 1, 40620 Jyväskylä",KESKI-SUOMEN HYVINVOINTIALUE,KESKI-SUOMEN HYVINVOINTIALUE,40620,HOITAJANTIE 1,Keski-Suomi,Suomi,Johdon assistentti,+358142000748,+35840100748,veera.nieminen,SYN-HYVAKS-000013,,,SMTP:veera.nieminen@example.invalid,,,fi-FI,Aktiivinen,synthetic-development-data
Äänekoski,Keski-Suomen hyvinvointialue,Tietohallintopalvelut,Hirvonen Marika,marika.hirvonen@example.invalid,SYN-HYVAKS-000749,Vakituinen,2001-02-22,Toimipiste,"Hyvinvointialue, Keski-Suomi",Konsernipalvelut,Tietohallinto,Tietohallintopalvelut,Tietohallintopalvelut,"KESKUSKATU 14, 44100 Äänekoski","Toimiala=Konsernipalvelut; Vastuualue=Tietohallinto; Palvelualue=Tietohallintopalvelut; Palveluyksikkö=Tietohallintopalvelut; Toimipiste=KESKUSKATU 14, 44100 Äänekoski",KESKI-SUOMEN HYVINVOINTIALUE,KESKI-SUOMEN HYVINVOINTIALUE,44100,KESKUSKATU 14,Keski-Suomi,Suomi,Käyttäjätukiasiantuntija,+358142000749,+35840100749,marika.hirvonen,SYN-HYVAKS-000017,,,SMTP:marika.hirvonen@example.invalid,,,fi-FI,Aktiivinen,synthetic-development-data
Jämsä,Keski-Suomen hyvinvointialue,Tietohallintopalvelut,Salonen Emilia,emilia.salonen@example.invalid,SYN-HYVAKS-000750,Vakituinen,2004-08-13,Toimipiste,"Hyvinvointialue, Keski-Suomi",Konsernipalvelut,Tietohallinto,Tietohallintopalvelut,Tietohallintopalvelut,"SAIRAALANTIE 8, 42100 Jämsä","Toimiala=Konsernipalvelut; Vastuualue=Tietohallinto; Palvelualue=Tietohallintopalvelut; Palveluyksikkö=Tietohallintopalvelut; Toimipiste=SAIRAALANTIE 8, 42100 Jämsä",KESKI-SUOMEN HYVINVOINTIALUE,KESKI-SUOMEN HYVINVOINTIALUE,42100,SAIRAALANTIE 8,Keski-Suomi,Suomi,Laitetukiasiantuntija,+358142000750,+35850100750,emilia.salonen,SYN-HYVAKS-000016,,,SMTP:emilia.salonen@example.invalid,,,en-US,Aktiivinen,synthetic-development-data
Jämsä,Keski-Suomen hyvinvointialue,Teknologiapalvelut,Lindholm Tuula,tuula.lindholm@example.invalid,SYN-HYVAKS-000751,Vakituinen,2005-05-12,Toimipiste,"Hyvinvointialue, Keski-Suomi",Konsernipalvelut,Tietohallinto,Teknologiapalvelut,Teknologiapalvelut,"SAIRAALANTIE 8, 42100 Jämsä","Toimiala=Konsernipalvelut; Vastuualue=Tietohallinto; Palvelualue=Teknologiapalvelut; Palveluyksikkö=Teknologiapalvelut; Toimipiste=SAIRAALANTIE 8, 42100 Jämsä",KESKI-SUOMEN HYVINVOINTIALUE,KESKI-SUOMEN HYVINVOINTIALUE,42100,SAIRAALANTIE 8,Keski-Suomi,Suomi,Teknologia-asiantuntija,+358142000751,+35840100751,tuula.lindholm,SYN-HYVAKS-000023,,,SMTP:tuula.lindholm@example.invalid,,,fi-FI,Aktiivinen,synthetic-development-data
Jyväskylä,Keski-Suomen hyvinvointialue,Projektit ja kehittäminen,Peltonen Kalle,kalle.peltonen2@example.invalid,SYN-HYVAKS-000752,Vakituinen,2016-03-22,Toimipiste,"Hyvinvointialue, Keski-Suomi",Konsernipalvelut,Tietohallinto,Projektit ja kehittäminen,Projektit ja kehittäminen,"HOITAJANTIE 1, 40620 Jyväskylä","Toimiala=Konsernipalvelut; Vastuualue=Tietohallinto; Palvelualue=Projektit ja kehittäminen; Palveluyksikkö=Projektit ja kehittäminen; Toimipiste=HOITAJANTIE 1, 40620 Jyväskylä",KESKI-SUOMEN HYVINVOINTIALUE,KESKI-SUOMEN HYVINVOINTIALUE,40620,HOITAJANTIE 1,Keski-Suomi,Suomi,Palvelumuotoilija,+358142000752,+35850100752,kalle.peltonen2,SYN-HYVAKS-000019,,,SMTP:kalle.peltonen2@example.invalid,,,fi-FI,Aktiivinen,synthetic-development-data
Äänekoski,Keski-Suomen hyvinvointialue,Teknologiapalvelut,Uusitalo Minna,minna.uusitalo@example.invalid,SYN-HYVAKS-000753,Vakituinen,2001-02-05,Toimipiste,"Hyvinvointialue, Keski-Suomi",Konsernipalvelut,Tietohallinto,Teknologiapalvelut,Teknologiapalvelut,"KESKUSKATU 14, 44100 Äänekoski","Toimiala=Konsernipalvelut; Vastuualue=Tietohallinto; Palvelualue=Teknologiapalvelut; Palveluyksikkö=Teknologiapalvelut; Toimipiste=KESKUSKATU 14, 44100 Äänekoski",KESKI-SUOMEN HYVINVOINTIALUE,KESKI-SUOMEN HYVINVOINTIALUE,44100,KESKUSKATU 14,Keski-Suomi,Suomi,Konesaliasiantuntija,+358142000753,+35840100753,minna.uusitalo,SYN-HYVAKS-000024,,,SMTP:minna.uusitalo@example.invalid,,,fi-FI,Aktiivinen,synthetic-development-data
Jyväskylä,Keski-Suomen hyvinvointialue,Palveluprosessien digitalisaatio,Nurminen Johanna,johanna.nurminen@example.invalid,SYN-HYVAKS-000754,Vakituinen,2025-03-21,Toimipiste,"Hyvinvointialue, Keski-Suomi",Konsernipalvelut,Tietohallinto,Palveluprosessien digitalisaatio,Palveluprosessien digitalisaatio,"HYVINVOINTIKATU 12, 40100 Jyväskylä","Toimiala=Konsernipalvelut; Vastuualue=Tietohallinto; Palvelualue=Palveluprosessien digitalisaatio; Palveluyksikkö=Palveluprosessien digitalisaatio; Toimipiste=HYVINVOINTIKATU 12, 40100 Jyväskylä",KESKI-SUOMEN HYVINVOINTIALUE,KESKI-SUOMEN HYVINVOINTIALUE,40100,HYVINVOINTIKATU 12,Keski-Suomi,Suomi,Integraatioasiantuntija,+358142000754,+35844100754,johanna.nurminen,SYN-HYVAKS-000026,,,SMTP:johanna.nurminen@example.invalid,,,fi-FI,Aktiivinen,synthetic-development-data
Jämsä,Keski-Suomen hyvinvointialue,Teknologiapalvelut,Lahtinen Tomi,tomi.lahtinen@example.invalid,SYN-HYVAKS-000755,Vakituinen,1999-09-24,Toimipiste,"Hyvinvointialue, Keski-Suomi",Konsernipalvelut,Tietohallinto,Teknologiapalvelut,Teknologiapalvelut,"SAIRAALANTIE 8, 42100 Jämsä","Toimiala=Konsernipalvelut; Vastuualue=Tietohallinto; Palvelualue=Teknologiapalvelut; Palveluyksikkö=Teknologiapalvelut; Toimipiste=SAIRAALANTIE 8, 42100 Jämsä",KESKI-SUOMEN HYVINVOINTIALUE,KESKI-SUOMEN HYVINVOINTIALUE,42100,SAIRAALANTIE 8,Keski-Suomi,Suomi,Tietoturva-asiantuntija,+358142000755,+35840100755,tomi.lahtinen,SYN-HYVAKS-000023,,,SMTP:tomi.lahtinen@example.invalid,,,fi-FI,Aktiivinen,synthetic-development-data
Laukaa,Keski-Suomen hyvinvointialue,Tietohallintopalvelut,Aaltonen Pekka,pekka.aaltonen@example.invalid,SYN-HYVAKS-000756,Vakituinen,2002-03-02,Toimipiste,"Hyvinvointialue, Keski-Suomi",Konsernipalvelut,Tietohallinto,Tietohallintopalvelut,Tietohallintopalvelut,"TERVEYSTIE 5, 41340 Laukaa","Toimiala=Konsernipalvelut; Vastuualue=Tietohallinto; Palvelualue=Tietohallintopalvelut; Palveluyksikkö=Tietohallintopalvelut; Toimipiste=TERVEYSTIE 5, 41340 Laukaa",KESKI-SUOMEN HYVINVOINTIALUE,KESKI-SUOMEN HYVINVOINTIALUE,41340,TERVEYSTIE 5,Keski-Suomi,Suomi,Järjestelmäasiantuntija,+358142000756,+35840100756,pekka.aaltonen,SYN-HYVAKS-000018,,,SMTP:pekka.aaltonen@example.invalid,,,fi-FI,Aktiivinen,synthetic-development-data
Jyväskylä,Keski-Suomen hyvinvointialue,Tietohallinto yhteiset,Karjalainen Juha,juha.karjalainen@example.invalid,SYN-HYVAKS-000757,Vakituinen,2003-10-24,Toimipiste,"Hyvinvointialue, Keski-Suomi",Konsernipalvelut,Tietohallinto,Tietohallinto yhteiset,Tietohallinto yhteiset,"HYVINVOINTIKATU 12, 40100 Jyväskylä","Toimiala=Konsernipalvelut; Vastuualue=Tietohallinto; Palvelualue=Tietohallinto yhteiset; Palveluyksikkö=Tietohallinto yhteiset; Toimipiste=HYVINVOINTIKATU 12, 40100 Jyväskylä",KESKI-SUOMEN HYVINVOINTIALUE,KESKI-SUOMEN HYVINVOINTIALUE,40100,HYVINVOINTIKATU 12,Keski-Suomi,Suomi,Johdon assistentti,+358142000757,+35844100757,juha.karjalainen,SYN-HYVAKS-000014,,,SMTP:juha.karjalainen@example.invalid,,,fi-FI,Aktiivinen,synthetic-development-data
Äänekoski,Keski-Suomen hyvinvointialue,Teknologiapalvelut,Hämäläinen Vesa,vesa.hamalainen2@example.invalid,SYN-HYVAKS-000758,Vakituinen,2010-01-24,Toimipiste,"Hyvinvointialue, Keski-Suomi",Konsernipalvelut,Tietohallinto,Teknologiapalvelut,Teknologiapalvelut,"KESKUSKATU 14, 44100 Äänekoski","Toimiala=Konsernipalvelut; Vastuualue=Tietohallinto; Palvelualue=Teknologiapalvelut; Palveluyksikkö=Teknologiapalvelut; Toimipiste=KESKUSKATU 14, 44100 Äänekoski",KESKI-SUOMEN HYVINVOINTIALUE,KESKI-SUOMEN HYVINVOINTIALUE,44100,KESKUSKATU 14,Keski-Suomi,Suomi,Järjestelmäasiantuntija,+358142000758,+35845100758,vesa.hamalainen2,SYN-HYVAKS-000024,,,SMTP:vesa.hamalainen2@example.invalid,,,en-US,Aktiivinen,synthetic-development-data
Jyväskylä,Keski-Suomen hyvinvointialue,Teknologiapalvelut,Sillanpää Lauri,lauri.sillanpaa@example.invalid,SYN-HYVAKS-000759,Vakituinen,2000-04-16,Toimipiste,"Hyvinvointialue, Keski-Suomi",Konsernipalvelut,Tietohallinto,Teknologiapalvelut,Teknologiapalvelut,"HYVINVOINTIKATU 12, 40100 Jyväskylä","Toimiala=Konsernipalvelut; Vastuualue=Tietohallinto; Palvelualue=Teknologiapalvelut; Palveluyksikkö=Teknologiapalvelut; Toimipiste=HYVINVOINTIKATU 12, 40100 Jyväskylä",KESKI-SUOMEN HYVINVOINTIALUE,KESKI-SUOMEN HYVINVOINTIALUE,40100,HYVINVOINTIKATU 12,Keski-Suomi,Suomi,Verkkoasiantuntija,+358142000759,+35850100759,lauri.sillanpaa,SYN-HYVAKS-000022,,,SMTP:lauri.sillanpaa@example.invalid,,,fi-FI,Aktiivinen,synthetic-development-data
Jyväskylä,Keski-Suomen hyvinvointialue,Teknologiapalvelut,Sipilä Sampo,sampo.sipila@example.invalid,SYN-HYVAKS-000760,Vakituinen,2003-05-01,Toimipiste,"Hyvinvointialue, Keski-Suomi",Konsernipalvelut,Tietohallinto,Teknologiapalvelut,Teknologiapalvelut,"HOITAJANTIE 1, 40620 Jyväskylä","Toimiala=Konsernipalvelut; Vastuualue=Tietohallinto; Palvelualue=Teknologiapalvelut; Palveluyksikkö=Teknologiapalvelut; Toimipiste=HOITAJANTIE 1, 40620 Jyväskylä",KESKI-SUOMEN HYVINVOINTIALUE,KESKI-SUOMEN HYVINVOINTIALUE,40620,HOITAJANTIE 1,Keski-Suomi,Suomi,Teknologia-asiantuntija,+358142000760,+35844100760,sampo.sipila,SYN-HYVAKS-000021,,,SMTP:sampo.sipila@example.invalid,,,fi-FI,Aktiivinen,synthetic-development-data
Karstula,Keski-Suomen hyvinvointialue,Tilapalveluiden johtaminen,Sillanpää Kaisa,kaisa.sillanpaa@example.invalid,SYN-HYVAKS-000761,Osa-aikainen,2014-06-19,Toimipiste,"Hyvinvointialue, Keski-Suomi",Konsernipalvelut,Tilapalvelut,Tilapalveluiden johtaminen,Tilapalveluiden johtaminen,"HYVINVOINTITIE 6, 43500 Karstula","Toimiala=Konsernipalvelut; Vastuualue=Tilapalvelut; Palvelualue=Tilapalveluiden johtaminen; Palveluyksikkö=Tilapalveluiden johtaminen; Toimipiste=HYVINVOINTITIE 6, 43500 Karstula",KESKI-SUOMEN HYVINVOINTIALUE,KESKI-SUOMEN HYVINVOINTIALUE,43500,HYVINVOINTITIE 6,Keski-Suomi,Suomi,Huoltoinsinööri,+358142000761,+35845100761,kaisa.sillanpaa,SYN-HYVAKS-000035,,,SMTP:kaisa.sillanpaa@example.invalid,,,fi-FI,Aktiivinen,synthetic-development-data
Jämsä,Keski-Suomen hyvinvointialue,Teknologiapalvelut,Koskinen Mika,mika.koskinen@example.invalid,SYN-HYVAKS-000762,Vakituinen,2018-07-31,Toimipiste,"Hyvinvointialue, Keski-Suomi",Konsernipalvelut,Tietohallinto,Teknologiapalvelut,Teknologiapalvelut,"SAIRAALANTIE 8, 42100 Jämsä","Toimiala=Konsernipalvelut; Vastuualue=Tietohallinto; Palvelualue=Teknologiapalvelut; Palveluyksikkö=Teknologiapalvelut; Toimipiste=SAIRAALANTIE 8, 42100 Jämsä",KESKI-SUOMEN HYVINVOINTIALUE,KESKI-SUOMEN HYVINVOINTIALUE,42100,SAIRAALANTIE 8,Keski-Suomi,Suomi,Palveluarkkitehti,+358142000762,+35845100762,mika.koskinen,SYN-HYVAKS-000023,,,SMTP:mika.koskinen@example.invalid,,,fi-FI,Aktiivinen,synthetic-development-data
Keuruu,Keski-Suomen hyvinvointialue,Tilapalveluiden johtaminen,Lehtinen Jere,jere.lehtinen@example.invalid,SYN-HYVAKS-000763,Osa-aikainen,2024-11-19,Toimipiste,"Hyvinvointialue, Keski-Suomi",Konsernipalvelut,Tilapalvelut,Tilapalveluiden johtaminen,Tilapalveluiden johtaminen,"PALVELUTIE 3, 42700 Keuruu","Toimiala=Konsernipalvelut; Vastuualue=Tilapalvelut; Palvelualue=Tilapalveluiden johtaminen; Palveluyksikkö=Tilapalveluiden johtaminen; Toimipiste=PALVELUTIE 3, 42700 Keuruu",KESKI-SUOMEN HYVINVOINTIALUE,KESKI-SUOMEN HYVINVOINTIALUE,42700,PALVELUTIE 3,Keski-Suomi,Suomi,Kiinteistöasiantuntija,+358142000763,+35845100763,jere.lehtinen,SYN-HYVAKS-000034,,,SMTP:jere.lehtinen@example.invalid,,,fi-FI,Aktiivinen,synthetic-development-data
Laukaa,Keski-Suomen hyvinvointialue,Palveluprosessien digitalisaatio,Rinne Kimmo,kimmo.rinne@example.invalid,SYN-HYVAKS-000764,Vakituinen,2017-02-17,Toimipiste,"Hyvinvointialue, Keski-Suomi",Konsernipalvelut,Tietohallinto,Palveluprosessien digitalisaatio,Palveluprosessien digitalisaatio,"TERVEYSTIE 5, 41340 Laukaa","Toimiala=Konsernipalvelut; Vastuualue=Tietohallinto; Palvelualue=Palveluprosessien digitalisaatio; Palveluyksikkö=Palveluprosessien digitalisaatio; Toimipiste=TERVEYSTIE 5, 41340 Laukaa",KESKI-SUOMEN HYVINVOINTIALUE,KESKI-SUOMEN HYVINVOINTIALUE,41340,TERVEYSTIE 5,Keski-Suomi,Suomi,Digitalisaatioasiantuntija,+358142000764,+35850100764,kimmo.rinne,SYN-HYVAKS-000027,,,SMTP:kimmo.rinne@example.invalid,,,fi-FI,Aktiivinen,synthetic-development-data
Äänekoski,Keski-Suomen hyvinvointialue,Tilapalveluiden johtaminen,Lehtinen Matti,matti.lehtinen2@example.invalid,SYN-HYVAKS-000765,Vakituinen,2005-10-13,Toimipiste,"Hyvinvointialue, Keski-Suomi",Konsernipalvelut,Tilapalvelut,Tilapalveluiden johtaminen,Tilapalveluiden johtaminen,"KESKUSKATU 14, 44100 Äänekoski","Toimiala=Konsernipalvelut; Vastuualue=Tilapalvelut; Palvelualue=Tilapalveluiden johtaminen; Palveluyksikkö=Tilapalveluiden johtaminen; Toimipiste=KESKUSKATU 14, 44100 Äänekoski",KESKI-SUOMEN HYVINVOINTIALUE,KESKI-SUOMEN HYVINVOINTIALUE,44100,KESKUSKATU 14,Keski-Suomi,Suomi,Kiinteistöasiantuntija,+358142000765,+35850100765,matti.lehtinen2,SYN-HYVAKS-000033,,,SMTP:matti.lehtinen2@example.invalid,,,fi-FI,Aktiivinen,synthetic-development-data
Jämsä,Keski-Suomen hyvinvointialue,Teknologiapalvelut,Manninen Heli,heli.manninen@example.invalid,SYN-HYVAKS-000766,Vakituinen,2007-11-24,Toimipiste,"Hyvinvointialue, Keski-Suomi",Konsernipalvelut,Tietohallinto,Teknologiapalvelut,Teknologiapalvelut,"SAIRAALANTIE 8, 42100 Jämsä","Toimiala=Konsernipalvelut; Vastuualue=Tietohallinto; Palvelualue=Teknologiapalvelut; Palveluyksikkö=Teknologiapalvelut; Toimipiste=SAIRAALANTIE 8, 42100 Jämsä",KESKI-SUOMEN HYVINVOINTIALUE,KESKI-SUOMEN HYVINVOINTIALUE,42100,SAIRAALANTIE 8,Keski-Suomi,Suomi,Palveluarkkitehti,+358142000766,+35844100766,heli.manninen,SYN-HYVAKS-000023,,,SMTP:heli.manninen@example.invalid,,,fi-FI,Aktiivinen,synthetic-development-data
Jyväskylä,Keski-Suomen hyvinvointialue,Projektit ja kehittäminen,Mattila Jukka,jukka.mattila@example.invalid,SYN-HYVAKS-000767,Määräaikainen,2026-05-24,Toimipiste,"Hyvinvointialue, Keski-Suomi",Konsernipalvelut,Tietohallinto,Projektit ja kehittäminen,Projektit ja kehittäminen,"HYVINVOINTIKATU 12, 40100 Jyväskylä","Toimiala=Konsernipalvelut; Vastuualue=Tietohallinto; Palvelualue=Projektit ja kehittäminen; Palveluyksikkö=Projektit ja kehittäminen; Toimipiste=HYVINVOINTIKATU 12, 40100 Jyväskylä",KESKI-SUOMEN HYVINVOINTIALUE,KESKI-SUOMEN HYVINVOINTIALUE,40100,HYVINVOINTIKATU 12,Keski-Suomi,Suomi,Tuoteomistaja,+358142000767,+35840100767,jukka.mattila,SYN-HYVAKS-000020,,,SMTP:jukka.mattila@example.invalid,,,fi-FI,Aktiivinen,synthetic-development-data
Jyväskylä,Keski-Suomen hyvinvointialue,Palveluprosessien digitalisaatio,Kallio Katri,katri.kallio@example.invalid,SYN-HYVAKS-000768,Vakituinen,2021-11-25,Toimipiste,"Hyvinvointialue, Keski-Suomi",Konsernipalvelut,Tietohallinto,Palveluprosessien digitalisaatio,Palveluprosessien digitalisaatio,"HYVINVOINTIKATU 12, 40100 Jyväskylä","Toimiala=Konsernipalvelut; Vastuualue=Tietohallinto; Palvelualue=Palveluprosessien digitalisaatio; Palveluyksikkö=Palveluprosessien digitalisaatio; Toimipiste=HYVINVOINTIKATU 12, 40100 Jyväskylä",KESKI-SUOMEN HYVINVOINTIALUE,KESKI-SUOMEN HYVINVOINTIALUE,40100,HYVINVOINTIKATU 12,Keski-Suomi,Suomi,Integraatioasiantuntija,+358142000768,+35845100768,katri.kallio,SYN-HYVAKS-000026,,,SMTP:katri.kallio@example.invalid,,,fi-FI,Aktiivinen,synthetic-development-data
Jyväskylä,Keski-Suomen hyvinvointialue,Tietohallintopalvelut,Mäkinen Eeva,eeva.makinen2@example.invalid,SYN-HYVAKS-000769,Vakituinen,2010-05-06,Toimipiste,"Hyvinvointialue, Keski-Suomi",Konsernipalvelut,Tietohallinto,Tietohallintopalvelut,Tietohallintopalvelut,"HOITAJANTIE 1, 40620 Jyväskylä","Toimiala=Konsernipalvelut; Vastuualue=Tietohallinto; Palvelualue=Tietohallintopalvelut; Palveluyksikkö=Tietohallintopalvelut; Toimipiste=HOITAJANTIE 1, 40620 Jyväskylä",KESKI-SUOMEN HYVINVOINTIALUE,KESKI-SUOMEN HYVINVOINTIALUE,40620,HOITAJANTIE 1,Keski-Suomi,Suomi,Järjestelmäasiantuntija,+358142000769,+35850100769,eeva.makinen2,SYN-HYVAKS-000015,,,SMTP:eeva.makinen2@example.invalid,,,fi-FI,Aktiivinen,synthetic-development-data
Laukaa,Keski-Suomen hyvinvointialue,Tietohallintopalvelut,Rantanen Sampo,sampo.rantanen@example.invalid,SYN-HYVAKS-000770,Vakituinen,2018-01-23,Toimipiste,"Hyvinvointialue, Keski-Suomi",Konsernipalvelut,Tietohallinto,Tietohallintopalvelut,Tietohallintopalvelut,"TERVEYSTIE 5, 41340 Laukaa","Toimiala=Konsernipalvelut; Vastuualue=Tietohallinto; Palvelualue=Tietohallintopalvelut; Palveluyksikkö=Tietohallintopalvelut; Toimipiste=TERVEYSTIE 5, 41340 Laukaa",KESKI-SUOMEN HYVINVOINTIALUE,KESKI-SUOMEN HYVINVOINTIALUE,41340,TERVEYSTIE 5,Keski-Suomi,Suomi,Käyttäjätukiasiantuntija,+358142000770,+35840100770,sampo.rantanen,SYN-HYVAKS-000018,,,SMTP:sampo.rantanen@example.invalid,,,fi-FI,Aktiivinen,synthetic-development-data
Jyväskylä,Keski-Suomen hyvinvointialue,Palveluprosessien digitalisaatio,Kinnunen Markus,markus.kinnunen2@example.invalid,SYN-HYVAKS-000771,Määräaikainen,2001-11-27,Toimipiste,"Hyvinvointialue, Keski-Suomi",Konsernipalvelut,Tietohallinto,Palveluprosessien digitalisaatio,Palveluprosessien digitalisaatio,"HYVINVOINTIKATU 12, 40100 Jyväskylä","Toimiala=Konsernipalvelut; Vastuualue=Tietohallinto; Palvelualue=Palveluprosessien digitalisaatio; Palveluyksikkö=Palveluprosessien digitalisaatio; Toimipiste=HYVINVOINTIKATU 12, 40100 Jyväskylä",KESKI-SUOMEN HYVINVOINTIALUE,KESKI-SUOMEN HYVINVOINTIALUE,40100,HYVINVOINTIKATU 12,Keski-Suomi,Suomi,Digitalisaatioasiantuntija,+358142000771,+35840100771,markus.kinnunen2,SYN-HYVAKS-000026,,,SMTP:markus.kinnunen2@example.invalid,,,fi-FI,Aktiivinen,synthetic-development-data
Äänekoski,Keski-Suomen hyvinvointialue,Tilapalveluiden johtaminen,Sipilä Joonas,joonas.sipila3@example.invalid,SYN-HYVAKS-000772,Määräaikainen,2022-03-29,Toimipiste,"Hyvinvointialue, Keski-Suomi",Konsernipalvelut,Tilapalvelut,Tilapalveluiden johtaminen,Tilapalveluiden johtaminen,"KESKUSKATU 14, 44100 Äänekoski","Toimiala=Konsernipalvelut; Vastuualue=Tilapalvelut; Palvelualue=Tilapalveluiden johtaminen; Palveluyksikkö=Tilapalveluiden johtaminen; Toimipiste=KESKUSKATU 14, 44100 Äänekoski",KESKI-SUOMEN HYVINVOINTIALUE,KESKI-SUOMEN HYVINVOINTIALUE,44100,KESKUSKATU 14,Keski-Suomi,Suomi,Huoltoinsinööri,+358142000772,+35844100772,joonas.sipila3,SYN-HYVAKS-000033,,,SMTP:joonas.sipila3@example.invalid,,,fi-FI,Aktiivinen,synthetic-development-data
Jyväskylä,Keski-Suomen hyvinvointialue,Viestintäpalvelut,Lehtinen Matti,matti.lehtinen3@example.invalid,SYN-HYVAKS-000773,Vakituinen,2009-01-30,Toimipiste,"Hyvinvointialue, Keski-Suomi",Konsernipalvelut,Viestintäpalvelut,Viestintäpalvelut,Viestintäpalvelut,"HOITAJANTIE 1, 40620 Jyväskylä","Toimiala=Konsernipalvelut; Vastuualue=Viestintäpalvelut; Palvelualue=Viestintäpalvelut; Palveluyksikkö=Viestintäpalvelut; Toimipiste=HOITAJANTIE 1, 40620 Jyväskylä",KESKI-SUOMEN HYVINVOINTIALUE,KESKI-SUOMEN HYVINVOINTIALUE,40620,HOITAJANTIE 1,Keski-Suomi,Suomi,Viestintäasiantuntija,+358142000773,+35845100773,matti.lehtinen3,SYN-HYVAKS-000028,,,SMTP:matti.lehtinen3@example.invalid,,,fi-FI,Aktiivinen,synthetic-development-data
Jyväskylä,Keski-Suomen hyvinvointialue,Teknologiapalvelut,Sillanpää Lauri,lauri.sillanpaa2@example.invalid,SYN-HYVAKS-000774,Vakituinen,2007-07-27,Toimipiste,"Hyvinvointialue, Keski-Suomi",Konsernipalvelut,Tietohallinto,Teknologiapalvelut,Teknologiapalvelut,"HYVINVOINTIKATU 12, 40100 Jyväskylä","Toimiala=Konsernipalvelut; Vastuualue=Tietohallinto; Palvelualue=Teknologiapalvelut; Palveluyksikkö=Teknologiapalvelut; Toimipiste=HYVINVOINTIKATU 12, 40100 Jyväskylä",KESKI-SUOMEN HYVINVOINTIALUE,KESKI-SUOMEN HYVINVOINTIALUE,40100,HYVINVOINTIKATU 12,Keski-Suomi,Suomi,Konesaliasiantuntija,+358142000774,+35845100774,lauri.sillanpaa2,SYN-HYVAKS-000022,,,SMTP:lauri.sillanpaa2@example.invalid,,,fi-FI,Aktiivinen,synthetic-development-data
Jyväskylä,Keski-Suomen hyvinvointialue,Teknologiapalvelut,Rautio Sampo,sampo.rautio@example.invalid,SYN-HYVAKS-000775,Vakituinen,2020-06-24,Toimipiste,"Hyvinvointialue, Keski-Suomi",Konsernipalvelut,Tietohallinto,Teknologiapalvelut,Teknologiapalvelut,"HOITAJANTIE 1, 40620 Jyväskylä","Toimiala=Konsernipalvelut; Vastuualue=Tietohallinto; Palvelualue=Teknologiapalvelut; Palveluyksikkö=Teknologiapalvelut; Toimipiste=HOITAJANTIE 1, 40620 Jyväskylä",KESKI-SUOMEN HYVINVOINTIALUE,KESKI-SUOMEN HYVINVOINTIALUE,40620,HOITAJANTIE 1,Keski-Suomi,Suomi,Konesaliasiantuntija,+358142000775,+35850100775,sampo.rautio,SYN-HYVAKS-000021,,,SMTP:sampo.rautio@example.invalid,,,fi-FI,Aktiivinen,synthetic-development-data
Jyväskylä,Keski-Suomen hyvinvointialue,Palveluprosessien digitalisaatio,Tuominen Tuomas,tuomas.tuominen@example.invalid,SYN-HYVAKS-000776,Vakituinen,2019-12-06,Toimipiste,"Hyvinvointialue, Keski-Suomi",Konsernipalvelut,Tietohallinto,Palveluprosessien digitalisaatio,Palveluprosessien digitalisaatio,"HOITAJANTIE 1, 40620 Jyväskylä","Toimiala=Konsernipalvelut; Vastuualue=Tietohallinto; Palvelualue=Palveluprosessien digitalisaatio; Palveluyksikkö=Palveluprosessien digitalisaatio; Toimipiste=HOITAJANTIE 1, 40620 Jyväskylä",KESKI-SUOMEN HYVINVOINTIALUE,KESKI-SUOMEN HYVINVOINTIALUE,40620,HOITAJANTIE 1,Keski-Suomi,Suomi,Digitalisaatioasiantuntija,+358142000776,+35844100776,tuomas.tuominen,SYN-HYVAKS-000025,,,SMTP:tuomas.tuominen@example.invalid,,,fi-FI,Aktiivinen,synthetic-development-data
Jyväskylä,Keski-Suomen hyvinvointialue,Teknologiapalvelut,Peltonen Liisa,liisa.peltonen@example.invalid,SYN-HYVAKS-000777,Vakituinen,2021-12-28,Toimipiste,"Hyvinvointialue, Keski-Suomi",Konsernipalvelut,Tietohallinto,Teknologiapalvelut,Teknologiapalvelut,"HOITAJANTIE 1, 40620 Jyväskylä","Toimiala=Konsernipalvelut; Vastuualue=Tietohallinto; Palvelualue=Teknologiapalvelut; Palveluyksikkö=Teknologiapalvelut; Toimipiste=HOITAJANTIE 1, 40620 Jyväskylä",KESKI-SUOMEN HYVINVOINTIALUE,KESKI-SUOMEN HYVINVOINTIALUE,40620,HOITAJANTIE 1,Keski-Suomi,Suomi,Konesaliasiantuntija,+358142000777,+35850100777,liisa.peltonen,SYN-HYVAKS-000021,,,SMTP:liisa.peltonen@example.invalid,,,fi-FI,Aktiivinen,synthetic-development-data
Viitasaari,Keski-Suomen hyvinvointialue,Tilapalveluiden johtaminen,Hämäläinen Katri,katri.hamalainen@example.invalid,SYN-HYVAKS-000778,Vakituinen,2026-01-19,Toimipiste,"Hyvinvointialue, Keski-Suomi",Konsernipalvelut,Tilapalvelut,Tilapalveluiden johtaminen,Tilapalveluiden johtaminen,"TERVEYSKESKUKSENTIE 2, 44500 Viitasaari","Toimiala=Konsernipalvelut; Vastuualue=Tilapalvelut; Palvelualue=Tilapalveluiden johtaminen; Palveluyksikkö=Tilapalveluiden johtaminen; Toimipiste=TERVEYSKESKUKSENTIE 2, 44500 Viitasaari",KESKI-SUOMEN HYVINVOINTIALUE,KESKI-SUOMEN HYVINVOINTIALUE,44500,TERVEYSKESKUKSENTIE 2,Keski-Suomi,Suomi,Huoltoinsinööri,+358142000778,+35844100778,katri.hamalainen,SYN-HYVAKS-000036,,,SMTP:katri.hamalainen@example.invalid,,,fi-FI,Aktiivinen,synthetic-development-data
Jyväskylä,Keski-Suomen hyvinvointialue,Tietohallintopalvelut,Sipilä Paula,paula.sipila2@example.invalid,SYN-HYVAKS-000779,Osa-aikainen,2006-01-11,Toimipiste,"Hyvinvointialue, Keski-Suomi",Konsernipalvelut,Tietohallinto,Tietohallintopalvelut,Tietohallintopalvelut,"HOITAJANTIE 1, 40620 Jyväskylä","Toimiala=Konsernipalvelut; Vastuualue=Tietohallinto; Palvelualue=Tietohallintopalvelut; Palveluyksikkö=Tietohallintopalvelut; Toimipiste=HOITAJANTIE 1, 40620 Jyväskylä",KESKI-SUOMEN HYVINVOINTIALUE,KESKI-SUOMEN HYVINVOINTIALUE,40620,HOITAJANTIE 1,Keski-Suomi,Suomi,Käyttäjätukiasiantuntija,+358142000779,+35844100779,paula.sipila2,SYN-HYVAKS-000015,,,SMTP:paula.sipila2@example.invalid,,,fi-FI,Aktiivinen,synthetic-development-data
Jyväskylä,Keski-Suomen hyvinvointialue,Palveluprosessien digitalisaatio,Jokinen Riikka,riikka.jokinen@example.invalid,SYN-HYVAKS-000780,Vakituinen,2023-11-14,Toimipiste,"Hyvinvointialue, Keski-Suomi",Konsernipalvelut,Tietohallinto,Palveluprosessien digitalisaatio,Palveluprosessien digitalisaatio,"HOITAJANTIE 1, 40620 Jyväskylä","Toimiala=Konsernipalvelut; Vastuualue=Tietohallinto; Palvelualue=Palveluprosessien digitalisaatio; Palveluyksikkö=Palveluprosessien digitalisaatio; Toimipiste=HOITAJANTIE 1, 40620 Jyväskylä",KESKI-SUOMEN HYVINVOINTIALUE,KESKI-SUOMEN HYVINVOINTIALUE,40620,HOITAJANTIE 1,Keski-Suomi,Suomi,Digitalisaatioasiantuntija,+358142000780,+35844100780,riikka.jokinen,SYN-HYVAKS-000025,,,SMTP:riikka.jokinen@example.invalid,,,fi-FI,Aktiivinen,synthetic-development-data
Jämsä,Keski-Suomen hyvinvointialue,Tilapalveluiden johtaminen,Salminen Veera,veera.salminen@example.invalid,SYN-HYVAKS-000781,Vakituinen,2008-09-05,Toimipiste,"Hyvinvointialue, Keski-Suomi",Konsernipalvelut,Tilapalvelut,Tilapalveluiden johtaminen,Tilapalveluiden johtaminen,"SAIRAALANTIE 8, 42100 Jämsä","Toimiala=Konsernipalvelut; Vastuualue=Tilapalvelut; Palvelualue=Tilapalveluiden johtaminen; Palveluyksikkö=Tilapalveluiden johtaminen; Toimipiste=SAIRAALANTIE 8, 42100 Jämsä",KESKI-SUOMEN HYVINVOINTIALUE,KESKI-SUOMEN HYVINVOINTIALUE,42100,SAIRAALANTIE 8,Keski-Suomi,Suomi,Kiinteistöasiantuntija,+358142000781,+35845100781,veera.salminen,SYN-HYVAKS-000032,,,SMTP:veera.salminen@example.invalid,,,fi-FI,Aktiivinen,synthetic-development-data
Jämsä,Keski-Suomen hyvinvointialue,Teknologiapalvelut,Kinnunen Matti,matti.kinnunen@example.invalid,SYN-HYVAKS-000782,Vakituinen,2015-09-13,Toimipiste,"Hyvinvointialue, Keski-Suomi",Konsernipalvelut,Tietohallinto,Teknologiapalvelut,Teknologiapalvelut,"SAIRAALANTIE 8, 42100 Jämsä","Toimiala=Konsernipalvelut; Vastuualue=Tietohallinto; Palvelualue=Teknologiapalvelut; Palveluyksikkö=Teknologiapalvelut; Toimipiste=SAIRAALANTIE 8, 42100 Jämsä",KESKI-SUOMEN HYVINVOINTIALUE,KESKI-SUOMEN HYVINVOINTIALUE,42100,SAIRAALANTIE 8,Keski-Suomi,Suomi,Konesaliasiantuntija,+358142000782,+35840100782,matti.kinnunen,SYN-HYVAKS-000023,,,SMTP:matti.kinnunen@example.invalid,,,fi-FI,Aktiivinen,synthetic-development-data
Laukaa,Keski-Suomen hyvinvointialue,Tietohallintopalvelut,Ahonen Mika,mika.ahonen@example.invalid,SYN-HYVAKS-000783,Vakituinen,2004-04-13,Toimipiste,"Hyvinvointialue, Keski-Suomi",Konsernipalvelut,Tietohallinto,Tietohallintopalvelut,Tietohallintopalvelut,"TERVEYSTIE 5, 41340 Laukaa","Toimiala=Konsernipalvelut; Vastuualue=Tietohallinto; Palvelualue=Tietohallintopalvelut; Palveluyksikkö=Tietohallintopalvelut; Toimipiste=TERVEYSTIE 5, 41340 Laukaa",KESKI-SUOMEN HYVINVOINTIALUE,KESKI-SUOMEN HYVINVOINTIALUE,41340,TERVEYSTIE 5,Keski-Suomi,Suomi,Laitetukiasiantuntija,+358142000783,+35845100783,mika.ahonen,SYN-HYVAKS-000018,,,SMTP:mika.ahonen@example.invalid,,,fi-FI,Aktiivinen,synthetic-development-data
Jyväskylä,Keski-Suomen hyvinvointialue,Projektit ja kehittäminen,Uusitalo Teemu,teemu.uusitalo@example.invalid,SYN-HYVAKS-000784,Vakituinen,2019-10-06,Toimipiste,"Hyvinvointialue, Keski-Suomi",Konsernipalvelut,Tietohallinto,Projektit ja kehittäminen,Projektit ja kehittäminen,"HYVINVOINTIKATU 12, 40100 Jyväskylä","Toimiala=Konsernipalvelut; Vastuualue=Tietohallinto; Palvelualue=Projektit ja kehittäminen; Palveluyksikkö=Projektit ja kehittäminen; Toimipiste=HYVINVOINTIKATU 12, 40100 Jyväskylä",KESKI-SUOMEN HYVINVOINTIALUE,KESKI-SUOMEN HYVINVOINTIALUE,40100,HYVINVOINTIKATU 12,Keski-Suomi,Suomi,Projektisuunnittelija,+358142000784,+35850100784,teemu.uusitalo,SYN-HYVAKS-000020,,,SMTP:teemu.uusitalo@example.invalid,,,fi-FI,Aktiivinen,synthetic-development-data
Jyväskylä,Keski-Suomen hyvinvointialue,Tilapalveluiden johtaminen,Salo Tiina,tiina.salo@example.invalid,SYN-HYVAKS-000785,Vakituinen,2022-11-18,Toimipiste,"Hyvinvointialue, Keski-Suomi",Konsernipalvelut,Tilapalvelut,Tilapalveluiden johtaminen,Tilapalveluiden johtaminen,"HYVINVOINTIKATU 12, 40100 Jyväskylä","Toimiala=Konsernipalvelut; Vastuualue=Tilapalvelut; Palvelualue=Tilapalveluiden johtaminen; Palveluyksikkö=Tilapalveluiden johtaminen; Toimipiste=HYVINVOINTIKATU 12, 40100 Jyväskylä",KESKI-SUOMEN HYVINVOINTIALUE,KESKI-SUOMEN HYVINVOINTIALUE,40100,HYVINVOINTIKATU 12,Keski-Suomi,Suomi,Huoltoinsinööri,+358142000785,+35844100785,tiina.salo,SYN-HYVAKS-000031,,,SMTP:tiina.salo@example.invalid,,,fi-FI,Aktiivinen,synthetic-development-data
Jyväskylä,Keski-Suomen hyvinvointialue,Tietohallinto yhteiset,Virtanen Anu,anu.virtanen@example.invalid,SYN-HYVAKS-000786,Vakituinen,2023-06-12,Toimipiste,"Hyvinvointialue, Keski-Suomi",Konsernipalvelut,Tietohallinto,Tietohallinto yhteiset,Tietohallinto yhteiset,"HYVINVOINTIKATU 12, 40100 Jyväskylä","Toimiala=Konsernipalvelut; Vastuualue=Tietohallinto; Palvelualue=Tietohallinto yhteiset; Palveluyksikkö=Tietohallinto yhteiset; Toimipiste=HYVINVOINTIKATU 12, 40100 Jyväskylä",KESKI-SUOMEN HYVINVOINTIALUE,KESKI-SUOMEN HYVINVOINTIALUE,40100,HYVINVOINTIKATU 12,Keski-Suomi,Suomi,Tietohallinnon suunnittelija,+358142000786,+35840100786,anu.virtanen,SYN-HYVAKS-000014,,,SMTP:anu.virtanen@example.invalid,,,fi-FI,Aktiivinen,synthetic-development-data
Jämsä,Keski-Suomen hyvinvointialue,Tietohallintopalvelut,Ojala Sampo,sampo.ojala2@example.invalid,SYN-HYVAKS-000787,Sijainen,2006-06-09,Toimipiste,"Hyvinvointialue, Keski-Suomi",Konsernipalvelut,Tietohallinto,Tietohallintopalvelut,Tietohallintopalvelut,"SAIRAALANTIE 8, 42100 Jämsä","Toimiala=Konsernipalvelut; Vastuualue=Tietohallinto; Palvelualue=Tietohallintopalvelut; Palveluyksikkö=Tietohallintopalvelut; Toimipiste=SAIRAALANTIE 8, 42100 Jämsä",KESKI-SUOMEN HYVINVOINTIALUE,KESKI-SUOMEN HYVINVOINTIALUE,42100,SAIRAALANTIE 8,Keski-Suomi,Suomi,Järjestelmäasiantuntija,+358142000787,+35850100787,sampo.ojala2,SYN-HYVAKS-000016,,,SMTP:sampo.ojala2@example.invalid,,,fi-FI,Aktiivinen,synthetic-development-data
Jyväskylä,Keski-Suomen hyvinvointialue,Palveluprosessien digitalisaatio,Salonen Meri,meri.salonen@example.invalid,SYN-HYVAKS-000788,Vakituinen,2006-06-30,Toimipiste,"Hyvinvointialue, Keski-Suomi",Konsernipalvelut,Tietohallinto,Palveluprosessien digitalisaatio,Palveluprosessien digitalisaatio,"HOITAJANTIE 1, 40620 Jyväskylä","Toimiala=Konsernipalvelut; Vastuualue=Tietohallinto; Palvelualue=Palveluprosessien digitalisaatio; Palveluyksikkö=Palveluprosessien digitalisaatio; Toimipiste=HOITAJANTIE 1, 40620 Jyväskylä",KESKI-SUOMEN HYVINVOINTIALUE,KESKI-SUOMEN HYVINVOINTIALUE,40620,HOITAJANTIE 1,Keski-Suomi,Suomi,Prosessikehittäjä,+358142000788,+35840100788,meri.salonen,SYN-HYVAKS-000025,,,SMTP:meri.salonen@example.invalid,,,fi-FI,Aktiivinen,synthetic-development-data
Jyväskylä,Keski-Suomen hyvinvointialue,Palveluprosessien digitalisaatio,Seppälä Nina,nina.seppala2@example.invalid,SYN-HYVAKS-000789,Vakituinen,1998-04-18,Toimipiste,"Hyvinvointialue, Keski-Suomi",Konsernipalvelut,Tietohallinto,Palveluprosessien digitalisaatio,Palveluprosessien digitalisaatio,"HOITAJANTIE 1, 40620 Jyväskylä","Toimiala=Konsernipalvelut; Vastuualue=Tietohallinto; Palvelualue=Palveluprosessien digitalisaatio; Palveluyksikkö=Palveluprosessien digitalisaatio; Toimipiste=HOITAJANTIE 1, 40620 Jyväskylä",KESKI-SUOMEN HYVINVOINTIALUE,KESKI-SUOMEN HYVINVOINTIALUE,40620,HOITAJANTIE 1,Keski-Suomi,Suomi,Tietoasiantuntija,+358142000789,+35850100789,nina.seppala2,SYN-HYVAKS-000025,,,SMTP:nina.seppala2@example.invalid,,,fi-FI,Aktiivinen,synthetic-development-data
Jyväskylä,Keski-Suomen hyvinvointialue,Tilapalveluiden johtaminen,Ahonen Outi,outi.ahonen@example.invalid,SYN-HYVAKS-000790,Vakituinen,2001-10-03,Toimipiste,"Hyvinvointialue, Keski-Suomi",Konsernipalvelut,Tilapalvelut,Tilapalveluiden johtaminen,Tilapalveluiden johtaminen,"HYVINVOINTIKATU 12, 40100 Jyväskylä","Toimiala=Konsernipalvelut; Vastuualue=Tilapalvelut; Palvelualue=Tilapalveluiden johtaminen; Palveluyksikkö=Tilapalveluiden johtaminen; Toimipiste=HYVINVOINTIKATU 12, 40100 Jyväskylä",KESKI-SUOMEN HYVINVOINTIALUE,KESKI-SUOMEN HYVINVOINTIALUE,40100,HYVINVOINTIKATU 12,Keski-Suomi,Suomi,Huoltoinsinööri,+358142000790,+35840100790,outi.ahonen,SYN-HYVAKS-000031,,,SMTP:outi.ahonen@example.invalid,,,fi-FI,Aktiivinen,synthetic-development-data
Laukaa,Keski-Suomen hyvinvointialue,Palveluprosessien digitalisaatio,Roiha Emilia,emilia.roiha@example.invalid,SYN-HYVAKS-000791,Vakituinen,2004-11-02,Toimipiste,"Hyvinvointialue, Keski-Suomi",Konsernipalvelut,Tietohallinto,Palveluprosessien digitalisaatio,Palveluprosessien digitalisaatio,"TERVEYSTIE 5, 41340 Laukaa","Toimiala=Konsernipalvelut; Vastuualue=Tietohallinto; Palvelualue=Palveluprosessien digitalisaatio; Palveluyksikkö=Palveluprosessien digitalisaatio; Toimipiste=TERVEYSTIE 5, 41340 Laukaa",KESKI-SUOMEN HYVINVOINTIALUE,KESKI-SUOMEN HYVINVOINTIALUE,41340,TERVEYSTIE 5,Keski-Suomi,Suomi,Integraatioasiantuntija,+358142000791,+35850100791,emilia.roiha,SYN-HYVAKS-000027,,,SMTP:emilia.roiha@example.invalid,,,fi-FI,Aktiivinen,synthetic-development-data
Jämsä,Keski-Suomen hyvinvointialue,Teknologiapalvelut,Miettinen Anu,anu.miettinen@example.invalid,SYN-HYVAKS-000792,Määräaikainen,2011-08-25,Toimipiste,"Hyvinvointialue, Keski-Suomi",Konsernipalvelut,Tietohallinto,Teknologiapalvelut,Teknologiapalvelut,"SAIRAALANTIE 8, 42100 Jämsä","Toimiala=Konsernipalvelut; Vastuualue=Tietohallinto; Palvelualue=Teknologiapalvelut; Palveluyksikkö=Teknologiapalvelut; Toimipiste=SAIRAALANTIE 8, 42100 Jämsä",KESKI-SUOMEN HYVINVOINTIALUE,KESKI-SUOMEN HYVINVOINTIALUE,42100,SAIRAALANTIE 8,Keski-Suomi,Suomi,Teknologia-asiantuntija,+358142000792,+35845100792,anu.miettinen,SYN-HYVAKS-000023,,,SMTP:anu.miettinen@example.invalid,,,fi-FI,Aktiivinen,synthetic-development-data
Jyväskylä,Keski-Suomen hyvinvointialue,Viestintäpalvelut,Ojala Outi,outi.ojala@example.invalid,SYN-HYVAKS-000793,Vakituinen,2007-06-12,Toimipiste,"Hyvinvointialue, Keski-Suomi",Konsernipalvelut,Viestintäpalvelut,Viestintäpalvelut,Viestintäpalvelut,"HOITAJANTIE 1, 40620 Jyväskylä","Toimiala=Konsernipalvelut; Vastuualue=Viestintäpalvelut; Palvelualue=Viestintäpalvelut; Palveluyksikkö=Viestintäpalvelut; Toimipiste=HOITAJANTIE 1, 40620 Jyväskylä",KESKI-SUOMEN HYVINVOINTIALUE,KESKI-SUOMEN HYVINVOINTIALUE,40620,HOITAJANTIE 1,Keski-Suomi,Suomi,Verkkoviestinnän asiantuntija,+358142000793,+35845100793,outi.ojala,SYN-HYVAKS-000028,,,SMTP:outi.ojala@example.invalid,,,fi-FI,Aktiivinen,synthetic-development-data
Jyväskylä,Keski-Suomen hyvinvointialue,Viestintäpalvelut,Hämäläinen Laura,laura.hamalainen@example.invalid,SYN-HYVAKS-000794,Vakituinen,2021-06-30,Toimipiste,"Hyvinvointialue, Keski-Suomi",Konsernipalvelut,Viestintäpalvelut,Viestintäpalvelut,Viestintäpalvelut,"HYVINVOINTIKATU 12, 40100 Jyväskylä","Toimiala=Konsernipalvelut; Vastuualue=Viestintäpalvelut; Palvelualue=Viestintäpalvelut; Palveluyksikkö=Viestintäpalvelut; Toimipiste=HYVINVOINTIKATU 12, 40100 Jyväskylä",KESKI-SUOMEN HYVINVOINTIALUE,KESKI-SUOMEN HYVINVOINTIALUE,40100,HYVINVOINTIKATU 12,Keski-Suomi,Suomi,Verkkoviestinnän asiantuntija,+358142000794,+35844100794,laura.hamalainen,SYN-HYVAKS-000029,,,SMTP:laura.hamalainen@example.invalid,,,fi-FI,Aktiivinen,synthetic-development-data
Äänekoski,Keski-Suomen hyvinvointialue,Teknologiapalvelut,Väisänen Joonas,joonas.vaisanen@example.invalid,SYN-HYVAKS-000795,Vakituinen,2006-04-28,Toimipiste,"Hyvinvointialue, Keski-Suomi",Konsernipalvelut,Tietohallinto,Teknologiapalvelut,Teknologiapalvelut,"KESKUSKATU 14, 44100 Äänekoski","Toimiala=Konsernipalvelut; Vastuualue=Tietohallinto; Palvelualue=Teknologiapalvelut; Palveluyksikkö=Teknologiapalvelut; Toimipiste=KESKUSKATU 14, 44100 Äänekoski",KESKI-SUOMEN HYVINVOINTIALUE,KESKI-SUOMEN HYVINVOINTIALUE,44100,KESKUSKATU 14,Keski-Suomi,Suomi,Teknologia-asiantuntija,+358142000795,+35845100795,joonas.vaisanen,SYN-HYVAKS-000024,,,SMTP:joonas.vaisanen@example.invalid,,,fi-FI,Aktiivinen,synthetic-development-data
Jyväskylä,Keski-Suomen hyvinvointialue,Tilapalveluiden johtaminen,Manninen Liisa,liisa.manninen@example.invalid,SYN-HYVAKS-000796,Vakituinen,2006-03-27,Toimipiste,"Hyvinvointialue, Keski-Suomi",Konsernipalvelut,Tilapalvelut,Tilapalveluiden johtaminen,Tilapalveluiden johtaminen,"HYVINVOINTIKATU 12, 40100 Jyväskylä","Toimiala=Konsernipalvelut; Vastuualue=Tilapalvelut; Palvelualue=Tilapalveluiden johtaminen; Palveluyksikkö=Tilapalveluiden johtaminen; Toimipiste=HYVINVOINTIKATU 12, 40100 Jyväskylä",KESKI-SUOMEN HYVINVOINTIALUE,KESKI-SUOMEN HYVINVOINTIALUE,40100,HYVINVOINTIKATU 12,Keski-Suomi,Suomi,Kiinteistöasiantuntija,+358142000796,+35845100796,liisa.manninen,SYN-HYVAKS-000031,,,SMTP:liisa.manninen@example.invalid,,,fi-FI,Aktiivinen,synthetic-development-data
Jyväskylä,Keski-Suomen hyvinvointialue,Teknologiapalvelut,Sillanpää Leena,leena.sillanpaa@example.invalid,SYN-HYVAKS-000797,Vakituinen,2014-07-02,Toimipiste,"Hyvinvointialue, Keski-Suomi",Konsernipalvelut,Tietohallinto,Teknologiapalvelut,Teknologiapalvelut,"HOITAJANTIE 1, 40620 Jyväskylä","Toimiala=Konsernipalvelut; Vastuualue=Tietohallinto; Palvelualue=Teknologiapalvelut; Palveluyksikkö=Teknologiapalvelut; Toimipiste=HOITAJANTIE 1, 40620 Jyväskylä",KESKI-SUOMEN HYVINVOINTIALUE,KESKI-SUOMEN HYVINVOINTIALUE,40620,HOITAJANTIE 1,Keski-Suomi,Suomi,Palveluarkkitehti,+358142000797,+35850100797,leena.sillanpaa,SYN-HYVAKS-000021,,,SMTP:leena.sillanpaa@example.invalid,,,fi-FI,Aktiivinen,synthetic-development-data
Laukaa,Keski-Suomen hyvinvointialue,Tietohallintopalvelut,Aaltonen Nina,nina.aaltonen@example.invalid,SYN-HYVAKS-000798,Vakituinen,2008-05-26,Toimipiste,"Hyvinvointialue, Keski-Suomi",Konsernipalvelut,Tietohallinto,Tietohallintopalvelut,Tietohallintopalvelut,"TERVEYSTIE 5, 41340 Laukaa","Toimiala=Konsernipalvelut; Vastuualue=Tietohallinto; Palvelualue=Tietohallintopalvelut; Palveluyksikkö=Tietohallintopalvelut; Toimipiste=TERVEYSTIE 5, 41340 Laukaa",KESKI-SUOMEN HYVINVOINTIALUE,KESKI-SUOMEN HYVINVOINTIALUE,41340,TERVEYSTIE 5,Keski-Suomi,Suomi,Laitetukiasiantuntija,+358142000798,+35845100798,nina.aaltonen,SYN-HYVAKS-000018,,,SMTP:nina.aaltonen@example.invalid,,,en-US,Aktiivinen,synthetic-development-data
Jämsä,Keski-Suomen hyvinvointialue,Teknologiapalvelut,Repo Mikael,mikael.repo@example.invalid,SYN-HYVAKS-000799,Vakituinen,2017-09-15,Toimipiste,"Hyvinvointialue, Keski-Suomi",Konsernipalvelut,Tietohallinto,Teknologiapalvelut,Teknologiapalvelut,"SAIRAALANTIE 8, 42100 Jämsä","Toimiala=Konsernipalvelut; Vastuualue=Tietohallinto; Palvelualue=Teknologiapalvelut; Palveluyksikkö=Teknologiapalvelut; Toimipiste=SAIRAALANTIE 8, 42100 Jämsä",KESKI-SUOMEN HYVINVOINTIALUE,KESKI-SUOMEN HYVINVOINTIALUE,42100,SAIRAALANTIE 8,Keski-Suomi,Suomi,Verkkoasiantuntija,+358142000799,+35850100799,mikael.repo,SYN-HYVAKS-000023,,,SMTP:mikael.repo@example.invalid,,,fi-FI,Aktiivinen,synthetic-development-data
Äänekoski,Keski-Suomen hyvinvointialue,Teknologiapalvelut,Uusitalo Sanna,sanna.uusitalo@example.invalid,SYN-HYVAKS-000800,Vakituinen,2012-10-19,Toimipiste,"Hyvinvointialue, Keski-Suomi",Konsernipalvelut,Tietohallinto,Teknologiapalvelut,Teknologiapalvelut,"KESKUSKATU 14, 44100 Äänekoski","Toimiala=Konsernipalvelut; Vastuualue=Tietohallinto; Palvelualue=Teknologiapalvelut; Palveluyksikkö=Teknologiapalvelut; Toimipiste=KESKUSKATU 14, 44100 Äänekoski",KESKI-SUOMEN HYVINVOINTIALUE,KESKI-SUOMEN HYVINVOINTIALUE,44100,KESKUSKATU 14,Keski-Suomi,Suomi,Konesaliasiantuntija,+358142000800,+35844100800,sanna.uusitalo,SYN-HYVAKS-000024,,,SMTP:sanna.uusitalo@example.invalid,,,fi-FI,Aktiivinen,synthetic-development-data
Jämsä,Keski-Suomen hyvinvointialue,Tietohallintopalvelut,Manninen Satu,satu.manninen@example.invalid,SYN-HYVAKS-000801,Vakituinen,2015-10-23,Toimipiste,"Hyvinvointialue, Keski-Suomi",Konsernipalvelut,Tietohallinto,Tietohallintopalvelut,Tietohallintopalvelut,"SAIRAALANTIE 8, 42100 Jämsä","Toimiala=Konsernipalvelut; Vastuualue=Tietohallinto; Palvelualue=Tietohallintopalvelut; Palveluyksikkö=Tietohallintopalvelut; Toimipiste=SAIRAALANTIE 8, 42100 Jämsä",KESKI-SUOMEN HYVINVOINTIALUE,KESKI-SUOMEN HYVINVOINTIALUE,42100,SAIRAALANTIE 8,Keski-Suomi,Suomi,Järjestelmäasiantuntija,+358142000801,+35844100801,satu.manninen,SYN-HYVAKS-000016,,,SMTP:satu.manninen@example.invalid,,,fi-FI,Aktiivinen,synthetic-development-data
Jyväskylä,Keski-Suomen hyvinvointialue,Palveluprosessien digitalisaatio,Manninen Eeva,eeva.manninen2@example.invalid,SYN-HYVAKS-000802,Vakituinen,2021-02-12,Toimipiste,"Hyvinvointialue, Keski-Suomi",Konsernipalvelut,Tietohallinto,Palveluprosessien digitalisaatio,Palveluprosessien digitalisaatio,"HYVINVOINTIKATU 12, 40100 Jyväskylä","Toimiala=Konsernipalvelut; Vastuualue=Tietohallinto; Palvelualue=Palveluprosessien digitalisaatio; Palveluyksikkö=Palveluprosessien digitalisaatio; Toimipiste=HYVINVOINTIKATU 12, 40100 Jyväskylä",KESKI-SUOMEN HYVINVOINTIALUE,KESKI-SUOMEN HYVINVOINTIALUE,40100,HYVINVOINTIKATU 12,Keski-Suomi,Suomi,Tietoasiantuntija,+358142000802,+35850100802,eeva.manninen2,SYN-HYVAKS-000026,,,SMTP:eeva.manninen2@example.invalid,,,fi-FI,Aktiivinen,synthetic-development-data
Jyväskylä,Keski-Suomen hyvinvointialue,Palveluprosessien digitalisaatio,Väisänen Viivi,viivi.vaisanen@example.invalid,SYN-HYVAKS-000803,Määräaikainen,2025-06-27,Toimipiste,"Hyvinvointialue, Keski-Suomi",Konsernipalvelut,Tietohallinto,Palveluprosessien digitalisaatio,Palveluprosessien digitalisaatio,"HYVINVOINTIKATU 12, 40100 Jyväskylä","Toimiala=Konsernipalvelut; Vastuualue=Tietohallinto; Palvelualue=Palveluprosessien digitalisaatio; Palveluyksikkö=Palveluprosessien digitalisaatio; Toimipiste=HYVINVOINTIKATU 12, 40100 Jyväskylä",KESKI-SUOMEN HYVINVOINTIALUE,KESKI-SUOMEN HYVINVOINTIALUE,40100,HYVINVOINTIKATU 12,Keski-Suomi,Suomi,Integraatioasiantuntija,+358142000803,+35845100803,viivi.vaisanen,SYN-HYVAKS-000026,,,SMTP:viivi.vaisanen@example.invalid,,,fi-FI,Aktiivinen,synthetic-development-data
Jämsä,Keski-Suomen hyvinvointialue,Tietohallintopalvelut,Hämäläinen Jaana,jaana.hamalainen2@example.invalid,SYN-HYVAKS-000804,Vakituinen,2023-06-20,Toimipiste,"Hyvinvointialue, Keski-Suomi",Konsernipalvelut,Tietohallinto,Tietohallintopalvelut,Tietohallintopalvelut,"SAIRAALANTIE 8, 42100 Jämsä","Toimiala=Konsernipalvelut; Vastuualue=Tietohallinto; Palvelualue=Tietohallintopalvelut; Palveluyksikkö=Tietohallintopalvelut; Toimipiste=SAIRAALANTIE 8, 42100 Jämsä",KESKI-SUOMEN HYVINVOINTIALUE,KESKI-SUOMEN HYVINVOINTIALUE,42100,SAIRAALANTIE 8,Keski-Suomi,Suomi,Käyttäjätukiasiantuntija,+358142000804,+35850100804,jaana.hamalainen2,SYN-HYVAKS-000016,,,SMTP:jaana.hamalainen2@example.invalid,,,en-US,Aktiivinen,synthetic-development-data
Äänekoski,Keski-Suomen hyvinvointialue,Teknologiapalvelut,Lehtinen Sari,sari.lehtinen2@example.invalid,SYN-HYVAKS-000805,Vakituinen,2016-03-28,Toimipiste,"Hyvinvointialue, Keski-Suomi",Konsernipalvelut,Tietohallinto,Teknologiapalvelut,Teknologiapalvelut,"KESKUSKATU 14, 44100 Äänekoski","Toimiala=Konsernipalvelut; Vastuualue=Tietohallinto; Palvelualue=Teknologiapalvelut; Palveluyksikkö=Teknologiapalvelut; Toimipiste=KESKUSKATU 14, 44100 Äänekoski",KESKI-SUOMEN HYVINVOINTIALUE,KESKI-SUOMEN HYVINVOINTIALUE,44100,KESKUSKATU 14,Keski-Suomi,Suomi,Palveluarkkitehti,+358142000805,+35844100805,sari.lehtinen2,SYN-HYVAKS-000024,,,SMTP:sari.lehtinen2@example.invalid,,,fi-FI,Aktiivinen,synthetic-development-data
Äänekoski,Keski-Suomen hyvinvointialue,Tietohallintopalvelut,Nykänen Aino,aino.nykanen@example.invalid,SYN-HYVAKS-000806,Osa-aikainen,1999-06-05,Toimipiste,"Hyvinvointialue, Keski-Suomi",Konsernipalvelut,Tietohallinto,Tietohallintopalvelut,Tietohallintopalvelut,"KESKUSKATU 14, 44100 Äänekoski","Toimiala=Konsernipalvelut; Vastuualue=Tietohallinto; Palvelualue=Tietohallintopalvelut; Palveluyksikkö=Tietohallintopalvelut; Toimipiste=KESKUSKATU 14, 44100 Äänekoski",KESKI-SUOMEN HYVINVOINTIALUE,KESKI-SUOMEN HYVINVOINTIALUE,44100,KESKUSKATU 14,Keski-Suomi,Suomi,Käyttäjätukiasiantuntija,+358142000806,+35845100806,aino.nykanen,SYN-HYVAKS-000017,,,SMTP:aino.nykanen@example.invalid,,,fi-FI,Aktiivinen,synthetic-development-data
Jyväskylä,Keski-Suomen hyvinvointialue,Palveluprosessien digitalisaatio,Ojala Timo,timo.ojala@example.invalid,SYN-HYVAKS-000807,Vakituinen,2006-03-21,Toimipiste,"Hyvinvointialue, Keski-Suomi",Konsernipalvelut,Tietohallinto,Palveluprosessien digitalisaatio,Palveluprosessien digitalisaatio,"HOITAJANTIE 1, 40620 Jyväskylä","Toimiala=Konsernipalvelut; Vastuualue=Tietohallinto; Palvelualue=Palveluprosessien digitalisaatio; Palveluyksikkö=Palveluprosessien digitalisaatio; Toimipiste=HOITAJANTIE 1, 40620 Jyväskylä",KESKI-SUOMEN HYVINVOINTIALUE,KESKI-SUOMEN HYVINVOINTIALUE,40620,HOITAJANTIE 1,Keski-Suomi,Suomi,Tietoasiantuntija,+358142000807,+35840100807,timo.ojala,SYN-HYVAKS-000025,,,SMTP:timo.ojala@example.invalid,,,fi-FI,Aktiivinen,synthetic-development-data
Äänekoski,Keski-Suomen hyvinvointialue,Teknologiapalvelut,Salminen Saara,saara.salminen@example.invalid,SYN-HYVAKS-000808,Määräaikainen,2024-12-26,Toimipiste,"Hyvinvointialue, Keski-Suomi",Konsernipalvelut,Tietohallinto,Teknologiapalvelut,Teknologiapalvelut,"KESKUSKATU 14, 44100 Äänekoski","Toimiala=Konsernipalvelut; Vastuualue=Tietohallinto; Palvelualue=Teknologiapalvelut; Palveluyksikkö=Teknologiapalvelut; Toimipiste=KESKUSKATU 14, 44100 Äänekoski",KESKI-SUOMEN HYVINVOINTIALUE,KESKI-SUOMEN HYVINVOINTIALUE,44100,KESKUSKATU 14,Keski-Suomi,Suomi,Verkkoasiantuntija,+358142000808,+35845100808,saara.salminen,SYN-HYVAKS-000024,,,SMTP:saara.salminen@example.invalid,,,fi-FI,Aktiivinen,synthetic-development-data
Jyväskylä,Keski-Suomen hyvinvointialue,Tietohallintopalvelut,Ylitalo Outi,outi.ylitalo2@example.invalid,SYN-HYVAKS-000809,Vakituinen,2020-04-05,Toimipiste,"Hyvinvointialue, Keski-Suomi",Konsernipalvelut,Tietohallinto,Tietohallintopalvelut,Tietohallintopalvelut,"HOITAJANTIE 1, 40620 Jyväskylä","Toimiala=Konsernipalvelut; Vastuualue=Tietohallinto; Palvelualue=Tietohallintopalvelut; Palveluyksikkö=Tietohallintopalvelut; Toimipiste=HOITAJANTIE 1, 40620 Jyväskylä",KESKI-SUOMEN HYVINVOINTIALUE,KESKI-SUOMEN HYVINVOINTIALUE,40620,HOITAJANTIE 1,Keski-Suomi,Suomi,Tietohallinnon asiantuntija,+358142000809,+35840100809,outi.ylitalo2,SYN-HYVAKS-000015,,,SMTP:outi.ylitalo2@example.invalid,,,fi-FI,Aktiivinen,synthetic-development-data
Keuruu,Keski-Suomen hyvinvointialue,Tilapalveluiden johtaminen,Leppänen Laura,laura.leppanen2@example.invalid,SYN-HYVAKS-000810,Vakituinen,2009-02-20,Toimipiste,"Hyvinvointialue, Keski-Suomi",Konsernipalvelut,Tilapalvelut,Tilapalveluiden johtaminen,Tilapalveluiden johtaminen,"PALVELUTIE 3, 42700 Keuruu","Toimiala=Konsernipalvelut; Vastuualue=Tilapalvelut; Palvelualue=Tilapalveluiden johtaminen; Palveluyksikkö=Tilapalveluiden johtaminen; Toimipiste=PALVELUTIE 3, 42700 Keuruu",KESKI-SUOMEN HYVINVOINTIALUE,KESKI-SUOMEN HYVINVOINTIALUE,42700,PALVELUTIE 3,Keski-Suomi,Suomi,Kiinteistöasiantuntija,+358142000810,+35844100810,laura.leppanen2,SYN-HYVAKS-000034,,,SMTP:laura.leppanen2@example.invalid,,,fi-FI,Aktiivinen,synthetic-development-data
Jyväskylä,Keski-Suomen hyvinvointialue,Tilapalveluiden johtaminen,Ylitalo Eemeli,eemeli.ylitalo@example.invalid,SYN-HYVAKS-000811,Vakituinen,2004-01-17,Toimipiste,"Hyvinvointialue, Keski-Suomi",Konsernipalvelut,Tilapalvelut,Tilapalveluiden johtaminen,Tilapalveluiden johtaminen,"HYVINVOINTIKATU 12, 40100 Jyväskylä","Toimiala=Konsernipalvelut; Vastuualue=Tilapalvelut; Palvelualue=Tilapalveluiden johtaminen; Palveluyksikkö=Tilapalveluiden johtaminen; Toimipiste=HYVINVOINTIKATU 12, 40100 Jyväskylä",KESKI-SUOMEN HYVINVOINTIALUE,KESKI-SUOMEN HYVINVOINTIALUE,40100,HYVINVOINTIKATU 12,Keski-Suomi,Suomi,Kiinteistöasiantuntija,+358142000811,+35840100811,eemeli.ylitalo,SYN-HYVAKS-000031,,,SMTP:eemeli.ylitalo@example.invalid,,,en-US,Aktiivinen,synthetic-development-data
Viitasaari,Keski-Suomen hyvinvointialue,Tilapalveluiden johtaminen,Lahtinen Tuomas,tuomas.lahtinen@example.invalid,SYN-HYVAKS-000812,Vakituinen,2023-09-04,Toimipiste,"Hyvinvointialue, Keski-Suomi",Konsernipalvelut,Tilapalvelut,Tilapalveluiden johtaminen,Tilapalveluiden johtaminen,"TERVEYSKESKUKSENTIE 2, 44500 Viitasaari","Toimiala=Konsernipalvelut; Vastuualue=Tilapalvelut; Palvelualue=Tilapalveluiden johtaminen; Palveluyksikkö=Tilapalveluiden johtaminen; Toimipiste=TERVEYSKESKUKSENTIE 2, 44500 Viitasaari",KESKI-SUOMEN HYVINVOINTIALUE,KESKI-SUOMEN HYVINVOINTIALUE,44500,TERVEYSKESKUKSENTIE 2,Keski-Suomi,Suomi,Huoltoinsinööri,+358142000812,+35850100812,tuomas.lahtinen,SYN-HYVAKS-000036,,,SMTP:tuomas.lahtinen@example.invalid,,,fi-FI,Poistuva,synthetic-development-data
Äänekoski,Keski-Suomen hyvinvointialue,Tilapalveluiden johtaminen,Koskela Riikka,riikka.koskela@example.invalid,SYN-HYVAKS-000813,Vakituinen,2004-12-31,Toimipiste,"Hyvinvointialue, Keski-Suomi",Konsernipalvelut,Tilapalvelut,Tilapalveluiden johtaminen,Tilapalveluiden johtaminen,"KESKUSKATU 14, 44100 Äänekoski","Toimiala=Konsernipalvelut; Vastuualue=Tilapalvelut; Palvelualue=Tilapalveluiden johtaminen; Palveluyksikkö=Tilapalveluiden johtaminen; Toimipiste=KESKUSKATU 14, 44100 Äänekoski",KESKI-SUOMEN HYVINVOINTIALUE,KESKI-SUOMEN HYVINVOINTIALUE,44100,KESKUSKATU 14,Keski-Suomi,Suomi,Huoltoinsinööri,+358142000813,+35850100813,riikka.koskela,SYN-HYVAKS-000033,,,SMTP:riikka.koskela@example.invalid,,,fi-FI,Aktiivinen,synthetic-development-data
Laukaa,Keski-Suomen hyvinvointialue,Palveluprosessien digitalisaatio,Sillanpää Eeva,eeva.sillanpaa@example.invalid,SYN-HYVAKS-000814,Vakituinen,2015-10-11,Toimipiste,"Hyvinvointialue, Keski-Suomi",Konsernipalvelut,Tietohallinto,Palveluprosessien digitalisaatio,Palveluprosessien digitalisaatio,"TERVEYSTIE 5, 41340 Laukaa","Toimiala=Konsernipalvelut; Vastuualue=Tietohallinto; Palvelualue=Palveluprosessien digitalisaatio; Palveluyksikkö=Palveluprosessien digitalisaatio; Toimipiste=TERVEYSTIE 5, 41340 Laukaa",KESKI-SUOMEN HYVINVOINTIALUE,KESKI-SUOMEN HYVINVOINTIALUE,41340,TERVEYSTIE 5,Keski-Suomi,Suomi,Prosessikehittäjä,+358142000814,+35840100814,eeva.sillanpaa,SYN-HYVAKS-000027,,,SMTP:eeva.sillanpaa@example.invalid,,,fi-FI,Aktiivinen,synthetic-development-data
Jyväskylä,Keski-Suomen hyvinvointialue,Tietohallinto yhteiset,Kolehmainen Janne,janne.kolehmainen2@example.invalid,SYN-HYVAKS-000815,Määräaikainen,2001-01-16,Toimipiste,"Hyvinvointialue, Keski-Suomi",Konsernipalvelut,Tietohallinto,Tietohallinto yhteiset,Tietohallinto yhteiset,"HYVINVOINTIKATU 12, 40100 Jyväskylä","Toimiala=Konsernipalvelut; Vastuualue=Tietohallinto; Palvelualue=Tietohallinto yhteiset; Palveluyksikkö=Tietohallinto yhteiset; Toimipiste=HYVINVOINTIKATU 12, 40100 Jyväskylä",KESKI-SUOMEN HYVINVOINTIALUE,KESKI-SUOMEN HYVINVOINTIALUE,40100,HYVINVOINTIKATU 12,Keski-Suomi,Suomi,Tietohallinnon suunnittelija,+358142000815,+35850100815,janne.kolehmainen2,SYN-HYVAKS-000014,,,SMTP:janne.kolehmainen2@example.invalid,,,fi-FI,Aktiivinen,synthetic-development-data
Äänekoski,Keski-Suomen hyvinvointialue,Teknologiapalvelut,Saarinen Janne,janne.saarinen@example.invalid,SYN-HYVAKS-000816,Vakituinen,2003-10-09,Toimipiste,"Hyvinvointialue, Keski-Suomi",Konsernipalvelut,Tietohallinto,Teknologiapalvelut,Teknologiapalvelut,"KESKUSKATU 14, 44100 Äänekoski","Toimiala=Konsernipalvelut; Vastuualue=Tietohallinto; Palvelualue=Teknologiapalvelut; Palveluyksikkö=Teknologiapalvelut; Toimipiste=KESKUSKATU 14, 44100 Äänekoski",KESKI-SUOMEN HYVINVOINTIALUE,KESKI-SUOMEN HYVINVOINTIALUE,44100,KESKUSKATU 14,Keski-Suomi,Suomi,Teknologia-asiantuntija,+358142000816,+35845100816,janne.saarinen,SYN-HYVAKS-000024,,,SMTP:janne.saarinen@example.invalid,,,fi-FI,Aktiivinen,synthetic-development-data
Viitasaari,Keski-Suomen hyvinvointialue,Tilapalveluiden johtaminen,Salo Janne,janne.salo@example.invalid,SYN-HYVAKS-000817,Sijainen,2006-02-16,Toimipiste,"Hyvinvointialue, Keski-Suomi",Konsernipalvelut,Tilapalvelut,Tilapalveluiden johtaminen,Tilapalveluiden johtaminen,"TERVEYSKESKUKSENTIE 2, 44500 Viitasaari","Toimiala=Konsernipalvelut; Vastuualue=Tilapalvelut; Palvelualue=Tilapalveluiden johtaminen; Palveluyksikkö=Tilapalveluiden johtaminen; Toimipiste=TERVEYSKESKUKSENTIE 2, 44500 Viitasaari",KESKI-SUOMEN HYVINVOINTIALUE,KESKI-SUOMEN HYVINVOINTIALUE,44500,TERVEYSKESKUKSENTIE 2,Keski-Suomi,Suomi,Kiinteistöasiantuntija,+358142000817,+35845100817,janne.salo,SYN-HYVAKS-000036,,,SMTP:janne.salo@example.invalid,,,en-US,Aktiivinen,synthetic-development-data
Jyväskylä,Keski-Suomen hyvinvointialue,Teknologiapalvelut,Salonen Olli,olli.salonen@example.invalid,SYN-HYVAKS-000818,Määräaikainen,2006-04-07,Toimipiste,"Hyvinvointialue, Keski-Suomi",Konsernipalvelut,Tietohallinto,Teknologiapalvelut,Teknologiapalvelut,"HYVINVOINTIKATU 12, 40100 Jyväskylä","Toimiala=Konsernipalvelut; Vastuualue=Tietohallinto; Palvelualue=Teknologiapalvelut; Palveluyksikkö=Teknologiapalvelut; Toimipiste=HYVINVOINTIKATU 12, 40100 Jyväskylä",KESKI-SUOMEN HYVINVOINTIALUE,KESKI-SUOMEN HYVINVOINTIALUE,40100,HYVINVOINTIKATU 12,Keski-Suomi,Suomi,Verkkoasiantuntija,+358142000818,+35845100818,olli.salonen,SYN-HYVAKS-000022,,,SMTP:olli.salonen@example.invalid,,,fi-FI,Aktiivinen,synthetic-development-data
Jämsä,Keski-Suomen hyvinvointialue,Viestintäpalvelut,Takala Juha,juha.takala2@example.invalid,SYN-HYVAKS-000819,Vakituinen,2006-04-24,Toimipiste,"Hyvinvointialue, Keski-Suomi",Konsernipalvelut,Viestintäpalvelut,Viestintäpalvelut,Viestintäpalvelut,"SAIRAALANTIE 8, 42100 Jämsä","Toimiala=Konsernipalvelut; Vastuualue=Viestintäpalvelut; Palvelualue=Viestintäpalvelut; Palveluyksikkö=Viestintäpalvelut; Toimipiste=SAIRAALANTIE 8, 42100 Jämsä",KESKI-SUOMEN HYVINVOINTIALUE,KESKI-SUOMEN HYVINVOINTIALUE,42100,SAIRAALANTIE 8,Keski-Suomi,Suomi,Viestintäasiantuntija,+358142000819,+35840100819,juha.takala2,SYN-HYVAKS-000030,,,SMTP:juha.takala2@example.invalid,,,fi-FI,Aktiivinen,synthetic-development-data
Jyväskylä,Keski-Suomen hyvinvointialue,Tietohallintopalvelut,Hakala Markus,markus.hakala@example.invalid,SYN-HYVAKS-000820,Vakituinen,2021-01-03,Toimipiste,"Hyvinvointialue, Keski-Suomi",Konsernipalvelut,Tietohallinto,Tietohallintopalvelut,Tietohallintopalvelut,"HOITAJANTIE 1, 40620 Jyväskylä","Toimiala=Konsernipalvelut; Vastuualue=Tietohallinto; Palvelualue=Tietohallintopalvelut; Palveluyksikkö=Tietohallintopalvelut; Toimipiste=HOITAJANTIE 1, 40620 Jyväskylä",KESKI-SUOMEN HYVINVOINTIALUE,KESKI-SUOMEN HYVINVOINTIALUE,40620,HOITAJANTIE 1,Keski-Suomi,Suomi,Tietohallinnon asiantuntija,+358142000820,+35844100820,markus.hakala,SYN-HYVAKS-000015,,,SMTP:markus.hakala@example.invalid,,,fi-FI,Aktiivinen,synthetic-development-data
Jämsä,Keski-Suomen hyvinvointialue,Teknologiapalvelut,Toivonen Tomi,tomi.toivonen2@example.invalid,SYN-HYVAKS-000821,Vakituinen,2011-03-31,Toimipiste,"Hyvinvointialue, Keski-Suomi",Konsernipalvelut,Tietohallinto,Teknologiapalvelut,Teknologiapalvelut,"SAIRAALANTIE 8, 42100 Jämsä","Toimiala=Konsernipalvelut; Vastuualue=Tietohallinto; Palvelualue=Teknologiapalvelut; Palveluyksikkö=Teknologiapalvelut; Toimipiste=SAIRAALANTIE 8, 42100 Jämsä",KESKI-SUOMEN HYVINVOINTIALUE,KESKI-SUOMEN HYVINVOINTIALUE,42100,SAIRAALANTIE 8,Keski-Suomi,Suomi,Palveluarkkitehti,+358142000821,+35840100821,tomi.toivonen2,SYN-HYVAKS-000023,,,SMTP:tomi.toivonen2@example.invalid,,,fi-FI,Aktiivinen,synthetic-development-data
Jämsä,Keski-Suomen hyvinvointialue,Teknologiapalvelut,Ahonen Viivi,viivi.ahonen@example.invalid,SYN-HYVAKS-000822,Vakituinen,1999-07-19,Toimipiste,"Hyvinvointialue, Keski-Suomi",Konsernipalvelut,Tietohallinto,Teknologiapalvelut,Teknologiapalvelut,"SAIRAALANTIE 8, 42100 Jämsä","Toimiala=Konsernipalvelut; Vastuualue=Tietohallinto; Palvelualue=Teknologiapalvelut; Palveluyksikkö=Teknologiapalvelut; Toimipiste=SAIRAALANTIE 8, 42100 Jämsä",KESKI-SUOMEN HYVINVOINTIALUE,KESKI-SUOMEN HYVINVOINTIALUE,42100,SAIRAALANTIE 8,Keski-Suomi,Suomi,Konesaliasiantuntija,+358142000822,+35850100822,viivi.ahonen,SYN-HYVAKS-000023,,,SMTP:viivi.ahonen@example.invalid,,,fi-FI,Aktiivinen,synthetic-development-data
Jyväskylä,Keski-Suomen hyvinvointialue,Palveluprosessien digitalisaatio,Salminen Timo,timo.salminen@example.invalid,SYN-HYVAKS-000823,Vakituinen,2013-04-08,Toimipiste,"Hyvinvointialue, Keski-Suomi",Konsernipalvelut,Tietohallinto,Palveluprosessien digitalisaatio,Palveluprosessien digitalisaatio,"HOITAJANTIE 1, 40620 Jyväskylä","Toimiala=Konsernipalvelut; Vastuualue=Tietohallinto; Palvelualue=Palveluprosessien digitalisaatio; Palveluyksikkö=Palveluprosessien digitalisaatio; Toimipiste=HOITAJANTIE 1, 40620 Jyväskylä",KESKI-SUOMEN HYVINVOINTIALUE,KESKI-SUOMEN HYVINVOINTIALUE,40620,HOITAJANTIE 1,Keski-Suomi,Suomi,Prosessikehittäjä,+358142000823,+35840100823,timo.salminen,SYN-HYVAKS-000025,,,SMTP:timo.salminen@example.invalid,,,fi-FI,Aktiivinen,synthetic-development-data
Laukaa,Keski-Suomen hyvinvointialue,Tietohallintopalvelut,Hirvonen Viivi,viivi.hirvonen@example.invalid,SYN-HYVAKS-000824,Osa-aikainen,2002-09-07,Toimipiste,"Hyvinvointialue, Keski-Suomi",Konsernipalvelut,Tietohallinto,Tietohallintopalvelut,Tietohallintopalvelut,"TERVEYSTIE 5, 41340 Laukaa","Toimiala=Konsernipalvelut; Vastuualue=Tietohallinto; Palvelualue=Tietohallintopalvelut; Palveluyksikkö=Tietohallintopalvelut; Toimipiste=TERVEYSTIE 5, 41340 Laukaa",KESKI-SUOMEN HYVINVOINTIALUE,KESKI-SUOMEN HYVINVOINTIALUE,41340,TERVEYSTIE 5,Keski-Suomi,Suomi,Järjestelmäasiantuntija,+358142000824,+35845100824,viivi.hirvonen,SYN-HYVAKS-000018,,,SMTP:viivi.hirvonen@example.invalid,,,fi-FI,Aktiivinen,synthetic-development-data
Äänekoski,Keski-Suomen hyvinvointialue,Tietohallintopalvelut,Leppänen Jaana,jaana.leppanen@example.invalid,SYN-HYVAKS-000825,Vakituinen,2011-01-10,Toimipiste,"Hyvinvointialue, Keski-Suomi",Konsernipalvelut,Tietohallinto,Tietohallintopalvelut,Tietohallintopalvelut,"KESKUSKATU 14, 44100 Äänekoski","Toimiala=Konsernipalvelut; Vastuualue=Tietohallinto; Palvelualue=Tietohallintopalvelut; Palveluyksikkö=Tietohallintopalvelut; Toimipiste=KESKUSKATU 14, 44100 Äänekoski",KESKI-SUOMEN HYVINVOINTIALUE,KESKI-SUOMEN HYVINVOINTIALUE,44100,KESKUSKATU 14,Keski-Suomi,Suomi,Järjestelmäasiantuntija,+358142000825,+35845100825,jaana.leppanen,SYN-HYVAKS-000017,,,SMTP:jaana.leppanen@example.invalid,,,fi-FI,Aktiivinen,synthetic-development-data
Laukaa,Keski-Suomen hyvinvointialue,Tietohallintopalvelut,Nieminen Kimmo,kimmo.nieminen@example.invalid,SYN-HYVAKS-000826,Sijainen,2004-01-07,Toimipiste,"Hyvinvointialue, Keski-Suomi",Konsernipalvelut,Tietohallinto,Tietohallintopalvelut,Tietohallintopalvelut,"TERVEYSTIE 5, 41340 Laukaa","Toimiala=Konsernipalvelut; Vastuualue=Tietohallinto; Palvelualue=Tietohallintopalvelut; Palveluyksikkö=Tietohallintopalvelut; Toimipiste=TERVEYSTIE 5, 41340 Laukaa",KESKI-SUOMEN HYVINVOINTIALUE,KESKI-SUOMEN HYVINVOINTIALUE,41340,TERVEYSTIE 5,Keski-Suomi,Suomi,Järjestelmäasiantuntija,+358142000826,+35850100826,kimmo.nieminen,SYN-HYVAKS-000018,,,SMTP:kimmo.nieminen@example.invalid,,,fi-FI,Aktiivinen,synthetic-development-data
Jyväskylä,Keski-Suomen hyvinvointialue,Palveluprosessien digitalisaatio,Sipilä Jukka,jukka.sipila@example.invalid,SYN-HYVAKS-000827,Vakituinen,2020-04-02,Toimipiste,"Hyvinvointialue, Keski-Suomi",Konsernipalvelut,Tietohallinto,Palveluprosessien digitalisaatio,Palveluprosessien digitalisaatio,"HYVINVOINTIKATU 12, 40100 Jyväskylä","Toimiala=Konsernipalvelut; Vastuualue=Tietohallinto; Palvelualue=Palveluprosessien digitalisaatio; Palveluyksikkö=Palveluprosessien digitalisaatio; Toimipiste=HYVINVOINTIKATU 12, 40100 Jyväskylä",KESKI-SUOMEN HYVINVOINTIALUE,KESKI-SUOMEN HYVINVOINTIALUE,40100,HYVINVOINTIKATU 12,Keski-Suomi,Suomi,Digitalisaatioasiantuntija,+358142000827,+35844100827,jukka.sipila,SYN-HYVAKS-000026,,,SMTP:jukka.sipila@example.invalid,,,fi-FI,Passiivinen,synthetic-development-data
Laukaa,Keski-Suomen hyvinvointialue,Tietohallintopalvelut,Rinne Katri,katri.rinne@example.invalid,SYN-HYVAKS-000828,Vakituinen,2005-08-15,Toimipiste,"Hyvinvointialue, Keski-Suomi",Konsernipalvelut,Tietohallinto,Tietohallintopalvelut,Tietohallintopalvelut,"TERVEYSTIE 5, 41340 Laukaa","Toimiala=Konsernipalvelut; Vastuualue=Tietohallinto; Palvelualue=Tietohallintopalvelut; Palveluyksikkö=Tietohallintopalvelut; Toimipiste=TERVEYSTIE 5, 41340 Laukaa",KESKI-SUOMEN HYVINVOINTIALUE,KESKI-SUOMEN HYVINVOINTIALUE,41340,TERVEYSTIE 5,Keski-Suomi,Suomi,Tietohallinnon asiantuntija,+358142000828,+35844100828,katri.rinne,SYN-HYVAKS-000018,,,SMTP:katri.rinne@example.invalid,,,fi-FI,Aktiivinen,synthetic-development-data
Jyväskylä,Keski-Suomen hyvinvointialue,Tietohallinto yhteiset,Lahtinen Olli,olli.lahtinen@example.invalid,SYN-HYVAKS-000829,Vakituinen,2011-03-21,Toimipiste,"Hyvinvointialue, Keski-Suomi",Konsernipalvelut,Tietohallinto,Tietohallinto yhteiset,Tietohallinto yhteiset,"HYVINVOINTIKATU 12, 40100 Jyväskylä","Toimiala=Konsernipalvelut; Vastuualue=Tietohallinto; Palvelualue=Tietohallinto yhteiset; Palveluyksikkö=Tietohallinto yhteiset; Toimipiste=HYVINVOINTIKATU 12, 40100 Jyväskylä",KESKI-SUOMEN HYVINVOINTIALUE,KESKI-SUOMEN HYVINVOINTIALUE,40100,HYVINVOINTIKATU 12,Keski-Suomi,Suomi,Tietohallinnon suunnittelija,+358142000829,+35844100829,olli.lahtinen,SYN-HYVAKS-000014,,,SMTP:olli.lahtinen@example.invalid,,,fi-FI,Aktiivinen,synthetic-development-data
Jyväskylä,Keski-Suomen hyvinvointialue,Projektit ja kehittäminen,Takala Vesa,vesa.takala2@example.invalid,SYN-HYVAKS-000830,Vakituinen,1998-11-27,Toimipiste,"Hyvinvointialue, Keski-Suomi",Konsernipalvelut,Tietohallinto,Projektit ja kehittäminen,Projektit ja kehittäminen,"HOITAJANTIE 1, 40620 Jyväskylä","Toimiala=Konsernipalvelut; Vastuualue=Tietohallinto; Palvelualue=Projektit ja kehittäminen; Palveluyksikkö=Projektit ja kehittäminen; Toimipiste=HOITAJANTIE 1, 40620 Jyväskylä",KESKI-SUOMEN HYVINVOINTIALUE,KESKI-SUOMEN HYVINVOINTIALUE,40620,HOITAJANTIE 1,Keski-Suomi,Suomi,Palvelumuotoilija,+358142000830,+35844100830,vesa.takala2,SYN-HYVAKS-000019,,,SMTP:vesa.takala2@example.invalid,,,fi-FI,Aktiivinen,synthetic-development-data
Jämsä,Keski-Suomen hyvinvointialue,Teknologiapalvelut,Nieminen Outi,outi.nieminen@example.invalid,SYN-HYVAKS-000831,Vakituinen,2001-09-04,Toimipiste,"Hyvinvointialue, Keski-Suomi",Konsernipalvelut,Tietohallinto,Teknologiapalvelut,Teknologiapalvelut,"SAIRAALANTIE 8, 42100 Jämsä","Toimiala=Konsernipalvelut; Vastuualue=Tietohallinto; Palvelualue=Teknologiapalvelut; Palveluyksikkö=Teknologiapalvelut; Toimipiste=SAIRAALANTIE 8, 42100 Jämsä",KESKI-SUOMEN HYVINVOINTIALUE,KESKI-SUOMEN HYVINVOINTIALUE,42100,SAIRAALANTIE 8,Keski-Suomi,Suomi,Tietoturva-asiantuntija,+358142000831,+35840100831,outi.nieminen,SYN-HYVAKS-000023,,,SMTP:outi.nieminen@example.invalid,,,fi-FI,Aktiivinen,synthetic-development-data
Laukaa,Keski-Suomen hyvinvointialue,Tietohallintopalvelut,Roiha Kimmo,kimmo.roiha@example.invalid,SYN-HYVAKS-000832,Vakituinen,2003-10-20,Toimipiste,"Hyvinvointialue, Keski-Suomi",Konsernipalvelut,Tietohallinto,Tietohallintopalvelut,Tietohallintopalvelut,"TERVEYSTIE 5, 41340 Laukaa","Toimiala=Konsernipalvelut; Vastuualue=Tietohallinto; Palvelualue=Tietohallintopalvelut; Palveluyksikkö=Tietohallintopalvelut; Toimipiste=TERVEYSTIE 5, 41340 Laukaa",KESKI-SUOMEN HYVINVOINTIALUE,KESKI-SUOMEN HYVINVOINTIALUE,41340,TERVEYSTIE 5,Keski-Suomi,Suomi,Tietohallinnon asiantuntija,+358142000832,+35850100832,kimmo.roiha,SYN-HYVAKS-000018,,,SMTP:kimmo.roiha@example.invalid,,,fi-FI,Aktiivinen,synthetic-development-data
Jyväskylä,Keski-Suomen hyvinvointialue,Viestintäpalvelut,Tuominen Leena,leena.tuominen@example.invalid,SYN-HYVAKS-000833,Määräaikainen,2016-09-09,Toimipiste,"Hyvinvointialue, Keski-Suomi",Konsernipalvelut,Viestintäpalvelut,Viestintäpalvelut,Viestintäpalvelut,"HOITAJANTIE 1, 40620 Jyväskylä","Toimiala=Konsernipalvelut; Vastuualue=Viestintäpalvelut; Palvelualue=Viestintäpalvelut; Palveluyksikkö=Viestintäpalvelut; Toimipiste=HOITAJANTIE 1, 40620 Jyväskylä",KESKI-SUOMEN HYVINVOINTIALUE,KESKI-SUOMEN HYVINVOINTIALUE,40620,HOITAJANTIE 1,Keski-Suomi,Suomi,Sisällöntuottaja,+358142000833,+35840100833,leena.tuominen,SYN-HYVAKS-000028,,,SMTP:leena.tuominen@example.invalid,,,fi-FI,Aktiivinen,synthetic-development-data
Jyväskylä,Keski-Suomen hyvinvointialue,Tietohallinto yhteiset,Salonen Minna,minna.salonen@example.invalid,SYN-HYVAKS-000834,Vakituinen,2024-10-28,Toimipiste,"Hyvinvointialue, Keski-Suomi",Konsernipalvelut,Tietohallinto,Tietohallinto yhteiset,Tietohallinto yhteiset,"HOITAJANTIE 1, 40620 Jyväskylä","Toimiala=Konsernipalvelut; Vastuualue=Tietohallinto; Palvelualue=Tietohallinto yhteiset; Palveluyksikkö=Tietohallinto yhteiset; Toimipiste=HOITAJANTIE 1, 40620 Jyväskylä",KESKI-SUOMEN HYVINVOINTIALUE,KESKI-SUOMEN HYVINVOINTIALUE,40620,HOITAJANTIE 1,Keski-Suomi,Suomi,Johdon assistentti,+358142000834,+35844100834,minna.salonen,SYN-HYVAKS-000013,,,SMTP:minna.salonen@example.invalid,,,fi-FI,Aktiivinen,synthetic-development-data
Jyväskylä,Keski-Suomen hyvinvointialue,Viestintäpalvelut,Rantanen Paula,paula.rantanen@example.invalid,SYN-HYVAKS-000835,Vakituinen,2011-07-20,Toimipiste,"Hyvinvointialue, Keski-Suomi",Konsernipalvelut,Viestintäpalvelut,Viestintäpalvelut,Viestintäpalvelut,"HOITAJANTIE 1, 40620 Jyväskylä","Toimiala=Konsernipalvelut; Vastuualue=Viestintäpalvelut; Palvelualue=Viestintäpalvelut; Palveluyksikkö=Viestintäpalvelut; Toimipiste=HOITAJANTIE 1, 40620 Jyväskylä",KESKI-SUOMEN HYVINVOINTIALUE,KESKI-SUOMEN HYVINVOINTIALUE,40620,HOITAJANTIE 1,Keski-Suomi,Suomi,Viestintäasiantuntija,+358142000835,+35850100835,paula.rantanen,SYN-HYVAKS-000028,,,SMTP:paula.rantanen@example.invalid,,,fi-FI,Aktiivinen,synthetic-development-data
Äänekoski,Keski-Suomen hyvinvointialue,Tietohallintopalvelut,Koskinen Katri,katri.koskinen@example.invalid,SYN-HYVAKS-000836,Vakituinen,2014-04-21,Toimipiste,"Hyvinvointialue, Keski-Suomi",Konsernipalvelut,Tietohallinto,Tietohallintopalvelut,Tietohallintopalvelut,"KESKUSKATU 14, 44100 Äänekoski","Toimiala=Konsernipalvelut; Vastuualue=Tietohallinto; Palvelualue=Tietohallintopalvelut; Palveluyksikkö=Tietohallintopalvelut; Toimipiste=KESKUSKATU 14, 44100 Äänekoski",KESKI-SUOMEN HYVINVOINTIALUE,KESKI-SUOMEN HYVINVOINTIALUE,44100,KESKUSKATU 14,Keski-Suomi,Suomi,Tietohallinnon asiantuntija,+358142000836,+35844100836,katri.koskinen,SYN-HYVAKS-000017,,,SMTP:katri.koskinen@example.invalid,,,fi-FI,Aktiivinen,synthetic-development-data
Jyväskylä,Keski-Suomen hyvinvointialue,Viestintäpalvelut,Rantanen Katri,katri.rantanen2@example.invalid,SYN-HYVAKS-000837,Määräaikainen,1999-08-02,Toimipiste,"Hyvinvointialue, Keski-Suomi",Konsernipalvelut,Viestintäpalvelut,Viestintäpalvelut,Viestintäpalvelut,"HYVINVOINTIKATU 12, 40100 Jyväskylä","Toimiala=Konsernipalvelut; Vastuualue=Viestintäpalvelut; Palvelualue=Viestintäpalvelut; Palveluyksikkö=Viestintäpalvelut; Toimipiste=HYVINVOINTIKATU 12, 40100 Jyväskylä",KESKI-SUOMEN HYVINVOINTIALUE,KESKI-SUOMEN HYVINVOINTIALUE,40100,HYVINVOINTIKATU 12,Keski-Suomi,Suomi,Sisällöntuottaja,+358142000837,+35844100837,katri.rantanen2,SYN-HYVAKS-000029,,,SMTP:katri.rantanen2@example.invalid,,,fi-FI,Aktiivinen,synthetic-development-data
Jyväskylä,Keski-Suomen hyvinvointialue,Teknologiapalvelut,Ojala Tiina,tiina.ojala@example.invalid,SYN-HYVAKS-000838,Vakituinen,2008-06-09,Toimipiste,"Hyvinvointialue, Keski-Suomi",Konsernipalvelut,Tietohallinto,Teknologiapalvelut,Teknologiapalvelut,"HOITAJANTIE 1, 40620 Jyväskylä","Toimiala=Konsernipalvelut; Vastuualue=Tietohallinto; Palvelualue=Teknologiapalvelut; Palveluyksikkö=Teknologiapalvelut; Toimipiste=HOITAJANTIE 1, 40620 Jyväskylä",KESKI-SUOMEN HYVINVOINTIALUE,KESKI-SUOMEN HYVINVOINTIALUE,40620,HOITAJANTIE 1,Keski-Suomi,Suomi,Teknologia-asiantuntija,+358142000838,+35840100838,tiina.ojala,SYN-HYVAKS-000021,,,SMTP:tiina.ojala@example.invalid,,,fi-FI,Aktiivinen,synthetic-development-data
Jämsä,Keski-Suomen hyvinvointialue,Tietohallintopalvelut,Nieminen Timo,timo.nieminen@example.invalid,SYN-HYVAKS-000839,Vakituinen,2006-01-10,Toimipiste,"Hyvinvointialue, Keski-Suomi",Konsernipalvelut,Tietohallinto,Tietohallintopalvelut,Tietohallintopalvelut,"SAIRAALANTIE 8, 42100 Jämsä","Toimiala=Konsernipalvelut; Vastuualue=Tietohallinto; Palvelualue=Tietohallintopalvelut; Palveluyksikkö=Tietohallintopalvelut; Toimipiste=SAIRAALANTIE 8, 42100 Jämsä",KESKI-SUOMEN HYVINVOINTIALUE,KESKI-SUOMEN HYVINVOINTIALUE,42100,SAIRAALANTIE 8,Keski-Suomi,Suomi,Järjestelmäasiantuntija,+358142000839,+35845100839,timo.nieminen,SYN-HYVAKS-000016,,,SMTP:timo.nieminen@example.invalid,,,fi-FI,Aktiivinen,synthetic-development-data
Äänekoski,Keski-Suomen hyvinvointialue,Tietohallintopalvelut,Moilanen Riikka,riikka.moilanen2@example.invalid,SYN-HYVAKS-000840,Vakituinen,2009-05-01,Toimipiste,"Hyvinvointialue, Keski-Suomi",Konsernipalvelut,Tietohallinto,Tietohallintopalvelut,Tietohallintopalvelut,"KESKUSKATU 14, 44100 Äänekoski","Toimiala=Konsernipalvelut; Vastuualue=Tietohallinto; Palvelualue=Tietohallintopalvelut; Palveluyksikkö=Tietohallintopalvelut; Toimipiste=KESKUSKATU 14, 44100 Äänekoski",KESKI-SUOMEN HYVINVOINTIALUE,KESKI-SUOMEN HYVINVOINTIALUE,44100,KESKUSKATU 14,Keski-Suomi,Suomi,Järjestelmäasiantuntija,+358142000840,+35845100840,riikka.moilanen2,SYN-HYVAKS-000017,,,SMTP:riikka.moilanen2@example.invalid,,,fi-FI,Aktiivinen,synthetic-development-data
Jämsä,Keski-Suomen hyvinvointialue,Tietohallintopalvelut,Nykänen Sakari,sakari.nykanen@example.invalid,SYN-HYVAKS-000841,Vakituinen,2002-09-09,Toimipiste,"Hyvinvointialue, Keski-Suomi",Konsernipalvelut,Tietohallinto,Tietohallintopalvelut,Tietohallintopalvelut,"SAIRAALANTIE 8, 42100 Jämsä","Toimiala=Konsernipalvelut; Vastuualue=Tietohallinto; Palvelualue=Tietohallintopalvelut; Palveluyksikkö=Tietohallintopalvelut; Toimipiste=SAIRAALANTIE 8, 42100 Jämsä",KESKI-SUOMEN HYVINVOINTIALUE,KESKI-SUOMEN HYVINVOINTIALUE,42100,SAIRAALANTIE 8,Keski-Suomi,Suomi,Laitetukiasiantuntija,+358142000841,+35850100841,sakari.nykanen,SYN-HYVAKS-000016,,,SMTP:sakari.nykanen@example.invalid,,,fi-FI,Aktiivinen,synthetic-development-data
Laukaa,Keski-Suomen hyvinvointialue,Tietohallintopalvelut,Väisänen Laura,laura.vaisanen@example.invalid,SYN-HYVAKS-000842,Vakituinen,2022-11-12,Toimipiste,"Hyvinvointialue, Keski-Suomi",Konsernipalvelut,Tietohallinto,Tietohallintopalvelut,Tietohallintopalvelut,"TERVEYSTIE 5, 41340 Laukaa","Toimiala=Konsernipalvelut; Vastuualue=Tietohallinto; Palvelualue=Tietohallintopalvelut; Palveluyksikkö=Tietohallintopalvelut; Toimipiste=TERVEYSTIE 5, 41340 Laukaa",KESKI-SUOMEN HYVINVOINTIALUE,KESKI-SUOMEN HYVINVOINTIALUE,41340,TERVEYSTIE 5,Keski-Suomi,Suomi,Käyttäjätukiasiantuntija,+358142000842,+35850100842,laura.vaisanen,SYN-HYVAKS-000018,,,SMTP:laura.vaisanen@example.invalid,,,fi-FI,Aktiivinen,synthetic-development-data
Jyväskylä,Keski-Suomen hyvinvointialue,Tietohallintopalvelut,Aaltonen Jukka,jukka.aaltonen2@example.invalid,SYN-HYVAKS-000843,Vakituinen,2018-03-09,Toimipiste,"Hyvinvointialue, Keski-Suomi",Konsernipalvelut,Tietohallinto,Tietohallintopalvelut,Tietohallintopalvelut,"HOITAJANTIE 1, 40620 Jyväskylä","Toimiala=Konsernipalvelut; Vastuualue=Tietohallinto; Palvelualue=Tietohallintopalvelut; Palveluyksikkö=Tietohallintopalvelut; Toimipiste=HOITAJANTIE 1, 40620 Jyväskylä",KESKI-SUOMEN HYVINVOINTIALUE,KESKI-SUOMEN HYVINVOINTIALUE,40620,HOITAJANTIE 1,Keski-Suomi,Suomi,Käyttäjätukiasiantuntija,+358142000843,+35840100843,jukka.aaltonen2,SYN-HYVAKS-000015,,,SMTP:jukka.aaltonen2@example.invalid,,,fi-FI,Aktiivinen,synthetic-development-data
Jyväskylä,Keski-Suomen hyvinvointialue,Projektit ja kehittäminen,Karjalainen Laura,laura.karjalainen2@example.invalid,SYN-HYVAKS-000844,Vakituinen,2023-02-04,Toimipiste,"Hyvinvointialue, Keski-Suomi",Konsernipalvelut,Tietohallinto,Projektit ja kehittäminen,Projektit ja kehittäminen,"HYVINVOINTIKATU 12, 40100 Jyväskylä","Toimiala=Konsernipalvelut; Vastuualue=Tietohallinto; Palvelualue=Projektit ja kehittäminen; Palveluyksikkö=Projektit ja kehittäminen; Toimipiste=HYVINVOINTIKATU 12, 40100 Jyväskylä",KESKI-SUOMEN HYVINVOINTIALUE,KESKI-SUOMEN HYVINVOINTIALUE,40100,HYVINVOINTIKATU 12,Keski-Suomi,Suomi,Projektisuunnittelija,+358142000844,+35840100844,laura.karjalainen2,SYN-HYVAKS-000020,,,SMTP:laura.karjalainen2@example.invalid,,,fi-FI,Aktiivinen,synthetic-development-data
Jyväskylä,Keski-Suomen hyvinvointialue,Projektit ja kehittäminen,Salminen Tiina,tiina.salminen3@example.invalid,SYN-HYVAKS-000845,Vakituinen,2015-03-16,Toimipiste,"Hyvinvointialue, Keski-Suomi",Konsernipalvelut,Tietohallinto,Projektit ja kehittäminen,Projektit ja kehittäminen,"HYVINVOINTIKATU 12, 40100 Jyväskylä","Toimiala=Konsernipalvelut; Vastuualue=Tietohallinto; Palvelualue=Projektit ja kehittäminen; Palveluyksikkö=Projektit ja kehittäminen; Toimipiste=HYVINVOINTIKATU 12, 40100 Jyväskylä",KESKI-SUOMEN HYVINVOINTIALUE,KESKI-SUOMEN HYVINVOINTIALUE,40100,HYVINVOINTIKATU 12,Keski-Suomi,Suomi,Tuoteomistaja,+358142000845,+35844100845,tiina.salminen3,SYN-HYVAKS-000020,,,SMTP:tiina.salminen3@example.invalid,,,fi-FI,Aktiivinen,synthetic-development-data
Karstula,Keski-Suomen hyvinvointialue,Tilapalveluiden johtaminen,Koskinen Sami,sami.koskinen@example.invalid,SYN-HYVAKS-000846,Vakituinen,2019-07-28,Toimipiste,"Hyvinvointialue, Keski-Suomi",Konsernipalvelut,Tilapalvelut,Tilapalveluiden johtaminen,Tilapalveluiden johtaminen,"HYVINVOINTITIE 6, 43500 Karstula","Toimiala=Konsernipalvelut; Vastuualue=Tilapalvelut; Palvelualue=Tilapalveluiden johtaminen; Palveluyksikkö=Tilapalveluiden johtaminen; Toimipiste=HYVINVOINTITIE 6, 43500 Karstula",KESKI-SUOMEN HYVINVOINTIALUE,KESKI-SUOMEN HYVINVOINTIALUE,43500,HYVINVOINTITIE 6,Keski-Suomi,Suomi,Huoltoinsinööri,+358142000846,+35845100846,sami.koskinen,SYN-HYVAKS-000035,,,SMTP:sami.koskinen@example.invalid,,,fi-FI,Aktiivinen,synthetic-development-data
Äänekoski,Keski-Suomen hyvinvointialue,Tietohallintopalvelut,Seppälä Veera,veera.seppala@example.invalid,SYN-HYVAKS-000847,Vakituinen,2005-04-02,Toimipiste,"Hyvinvointialue, Keski-Suomi",Konsernipalvelut,Tietohallinto,Tietohallintopalvelut,Tietohallintopalvelut,"KESKUSKATU 14, 44100 Äänekoski","Toimiala=Konsernipalvelut; Vastuualue=Tietohallinto; Palvelualue=Tietohallintopalvelut; Palveluyksikkö=Tietohallintopalvelut; Toimipiste=KESKUSKATU 14, 44100 Äänekoski",KESKI-SUOMEN HYVINVOINTIALUE,KESKI-SUOMEN HYVINVOINTIALUE,44100,KESKUSKATU 14,Keski-Suomi,Suomi,Järjestelmäasiantuntija,+358142000847,+35840100847,veera.seppala,SYN-HYVAKS-000017,,,SMTP:veera.seppala@example.invalid,,,fi-FI,Aktiivinen,synthetic-development-data
Laukaa,Keski-Suomen hyvinvointialue,Palveluprosessien digitalisaatio,Koskela Sanna,sanna.koskela@example.invalid,SYN-HYVAKS-000848,Vakituinen,2003-05-19,Toimipiste,"Hyvinvointialue, Keski-Suomi",Konsernipalvelut,Tietohallinto,Palveluprosessien digitalisaatio,Palveluprosessien digitalisaatio,"TERVEYSTIE 5, 41340 Laukaa","Toimiala=Konsernipalvelut; Vastuualue=Tietohallinto; Palvelualue=Palveluprosessien digitalisaatio; Palveluyksikkö=Palveluprosessien digitalisaatio; Toimipiste=TERVEYSTIE 5, 41340 Laukaa",KESKI-SUOMEN HYVINVOINTIALUE,KESKI-SUOMEN HYVINVOINTIALUE,41340,TERVEYSTIE 5,Keski-Suomi,Suomi,Integraatioasiantuntija,+358142000848,+35845100848,sanna.koskela,SYN-HYVAKS-000027,,,SMTP:sanna.koskela@example.invalid,,,fi-FI,Aktiivinen,synthetic-development-data
Jyväskylä,Keski-Suomen hyvinvointialue,Teknologiapalvelut,Virtanen Joonas,joonas.virtanen2@example.invalid,SYN-HYVAKS-000849,Sijainen,1999-07-31,Toimipiste,"Hyvinvointialue, Keski-Suomi",Konsernipalvelut,Tietohallinto,Teknologiapalvelut,Teknologiapalvelut,"HOITAJANTIE 1, 40620 Jyväskylä","Toimiala=Konsernipalvelut; Vastuualue=Tietohallinto; Palvelualue=Teknologiapalvelut; Palveluyksikkö=Teknologiapalvelut; Toimipiste=HOITAJANTIE 1, 40620 Jyväskylä",KESKI-SUOMEN HYVINVOINTIALUE,KESKI-SUOMEN HYVINVOINTIALUE,40620,HOITAJANTIE 1,Keski-Suomi,Suomi,Järjestelmäasiantuntija,+358142000849,+35850100849,joonas.virtanen2,SYN-HYVAKS-000021,,,SMTP:joonas.virtanen2@example.invalid,,,fi-FI,Aktiivinen,synthetic-development-data
Jyväskylä,Keski-Suomen hyvinvointialue,Teknologiapalvelut,Repo Riikka,riikka.repo2@example.invalid,SYN-HYVAKS-000850,Vakituinen,2015-05-22,Toimipiste,"Hyvinvointialue, Keski-Suomi",Konsernipalvelut,Tietohallinto,Teknologiapalvelut,Teknologiapalvelut,"HYVINVOINTIKATU 12, 40100 Jyväskylä","Toimiala=Konsernipalvelut; Vastuualue=Tietohallinto; Palvelualue=Teknologiapalvelut; Palveluyksikkö=Teknologiapalvelut; Toimipiste=HYVINVOINTIKATU 12, 40100 Jyväskylä",KESKI-SUOMEN HYVINVOINTIALUE,KESKI-SUOMEN HYVINVOINTIALUE,40100,HYVINVOINTIKATU 12,Keski-Suomi,Suomi,Palveluarkkitehti,+358142000850,+35840100850,riikka.repo2,SYN-HYVAKS-000022,,,SMTP:riikka.repo2@example.invalid,,,fi-FI,Aktiivinen,synthetic-development-data
Äänekoski,Keski-Suomen hyvinvointialue,Teknologiapalvelut,Kinnunen Olli,olli.kinnunen@example.invalid,SYN-HYVAKS-000851,Vakituinen,2025-05-08,Toimipiste,"Hyvinvointialue, Keski-Suomi",Konsernipalvelut,Tietohallinto,Teknologiapalvelut,Teknologiapalvelut,"KESKUSKATU 14, 44100 Äänekoski","Toimiala=Konsernipalvelut; Vastuualue=Tietohallinto; Palvelualue=Teknologiapalvelut; Palveluyksikkö=Teknologiapalvelut; Toimipiste=KESKUSKATU 14, 44100 Äänekoski",KESKI-SUOMEN HYVINVOINTIALUE,KESKI-SUOMEN HYVINVOINTIALUE,44100,KESKUSKATU 14,Keski-Suomi,Suomi,Konesaliasiantuntija,+358142000851,+35840100851,olli.kinnunen,SYN-HYVAKS-000024,,,SMTP:olli.kinnunen@example.invalid,,,fi-FI,Aktiivinen,synthetic-development-data
Jyväskylä,Keski-Suomen hyvinvointialue,Viestintäpalvelut,Nieminen Laura,laura.nieminen@example.invalid,SYN-HYVAKS-000852,Sijainen,2023-09-14,Toimipiste,"Hyvinvointialue, Keski-Suomi",Konsernipalvelut,Viestintäpalvelut,Viestintäpalvelut,Viestintäpalvelut,"HOITAJANTIE 1, 40620 Jyväskylä","Toimiala=Konsernipalvelut; Vastuualue=Viestintäpalvelut; Palvelualue=Viestintäpalvelut; Palveluyksikkö=Viestintäpalvelut; Toimipiste=HOITAJANTIE 1, 40620 Jyväskylä",KESKI-SUOMEN HYVINVOINTIALUE,KESKI-SUOMEN HYVINVOINTIALUE,40620,HOITAJANTIE 1,Keski-Suomi,Suomi,Sisällöntuottaja,+358142000852,+35844100852,laura.nieminen,SYN-HYVAKS-000028,,,SMTP:laura.nieminen@example.invalid,,,fi-FI,Aktiivinen,synthetic-development-data
Laukaa,Keski-Suomen hyvinvointialue,Tietohallintopalvelut,Räsänen Elina,elina.rasanen@example.invalid,SYN-HYVAKS-000853,Vakituinen,2007-07-08,Toimipiste,"Hyvinvointialue, Keski-Suomi",Konsernipalvelut,Tietohallinto,Tietohallintopalvelut,Tietohallintopalvelut,"TERVEYSTIE 5, 41340 Laukaa","Toimiala=Konsernipalvelut; Vastuualue=Tietohallinto; Palvelualue=Tietohallintopalvelut; Palveluyksikkö=Tietohallintopalvelut; Toimipiste=TERVEYSTIE 5, 41340 Laukaa",KESKI-SUOMEN HYVINVOINTIALUE,KESKI-SUOMEN HYVINVOINTIALUE,41340,TERVEYSTIE 5,Keski-Suomi,Suomi,Järjestelmäasiantuntija,+358142000853,+35840100853,elina.rasanen,SYN-HYVAKS-000018,,,SMTP:elina.rasanen@example.invalid,,,fi-FI,Passiivinen,synthetic-development-data
Jämsä,Keski-Suomen hyvinvointialue,Tietohallintopalvelut,Ojala Johanna,johanna.ojala@example.invalid,SYN-HYVAKS-000854,Vakituinen,2016-01-10,Toimipiste,"Hyvinvointialue, Keski-Suomi",Konsernipalvelut,Tietohallinto,Tietohallintopalvelut,Tietohallintopalvelut,"SAIRAALANTIE 8, 42100 Jämsä","Toimiala=Konsernipalvelut; Vastuualue=Tietohallinto; Palvelualue=Tietohallintopalvelut; Palveluyksikkö=Tietohallintopalvelut; Toimipiste=SAIRAALANTIE 8, 42100 Jämsä",KESKI-SUOMEN HYVINVOINTIALUE,KESKI-SUOMEN HYVINVOINTIALUE,42100,SAIRAALANTIE 8,Keski-Suomi,Suomi,Laitetukiasiantuntija,+358142000854,+35850100854,johanna.ojala,SYN-HYVAKS-000016,,,SMTP:johanna.ojala@example.invalid,,,fi-FI,Aktiivinen,synthetic-development-data
Jyväskylä,Keski-Suomen hyvinvointialue,Teknologiapalvelut,Peltonen Kaisa,kaisa.peltonen2@example.invalid,SYN-HYVAKS-000855,Vakituinen,2003-07-20,Toimipiste,"Hyvinvointialue, Keski-Suomi",Konsernipalvelut,Tietohallinto,Teknologiapalvelut,Teknologiapalvelut,"HOITAJANTIE 1, 40620 Jyväskylä","Toimiala=Konsernipalvelut; Vastuualue=Tietohallinto; Palvelualue=Teknologiapalvelut; Palveluyksikkö=Teknologiapalvelut; Toimipiste=HOITAJANTIE 1, 40620 Jyväskylä",KESKI-SUOMEN HYVINVOINTIALUE,KESKI-SUOMEN HYVINVOINTIALUE,40620,HOITAJANTIE 1,Keski-Suomi,Suomi,Teknologia-asiantuntija,+358142000855,+35845100855,kaisa.peltonen2,SYN-HYVAKS-000021,,,SMTP:kaisa.peltonen2@example.invalid,,,fi-FI,Aktiivinen,synthetic-development-data
Jämsä,Keski-Suomen hyvinvointialue,Tilapalveluiden johtaminen,Manninen Lauri,lauri.manninen@example.invalid,SYN-HYVAKS-000856,Vakituinen,2016-04-01,Toimipiste,"Hyvinvointialue, Keski-Suomi",Konsernipalvelut,Tilapalvelut,Tilapalveluiden johtaminen,Tilapalveluiden johtaminen,"SAIRAALANTIE 8, 42100 Jämsä","Toimiala=Konsernipalvelut; Vastuualue=Tilapalvelut; Palvelualue=Tilapalveluiden johtaminen; Palveluyksikkö=Tilapalveluiden johtaminen; Toimipiste=SAIRAALANTIE 8, 42100 Jämsä",KESKI-SUOMEN HYVINVOINTIALUE,KESKI-SUOMEN HYVINVOINTIALUE,42100,SAIRAALANTIE 8,Keski-Suomi,Suomi,Huoltoinsinööri,+358142000856,+35840100856,lauri.manninen,SYN-HYVAKS-000032,,,SMTP:lauri.manninen@example.invalid,,,fi-FI,Aktiivinen,synthetic-development-data
Äänekoski,Keski-Suomen hyvinvointialue,Teknologiapalvelut,Koskinen Minna,minna.koskinen@example.invalid,SYN-HYVAKS-000857,Vakituinen,2008-06-21,Toimipiste,"Hyvinvointialue, Keski-Suomi",Konsernipalvelut,Tietohallinto,Teknologiapalvelut,Teknologiapalvelut,"KESKUSKATU 14, 44100 Äänekoski","Toimiala=Konsernipalvelut; Vastuualue=Tietohallinto; Palvelualue=Teknologiapalvelut; Palveluyksikkö=Teknologiapalvelut; Toimipiste=KESKUSKATU 14, 44100 Äänekoski",KESKI-SUOMEN HYVINVOINTIALUE,KESKI-SUOMEN HYVINVOINTIALUE,44100,KESKUSKATU 14,Keski-Suomi,Suomi,Verkkoasiantuntija,+358142000857,+35840100857,minna.koskinen,SYN-HYVAKS-000024,,,SMTP:minna.koskinen@example.invalid,,,fi-FI,Aktiivinen,synthetic-development-data
Laukaa,Keski-Suomen hyvinvointialue,Tietohallintopalvelut,Mäkinen Sari,sari.makinen@example.invalid,SYN-HYVAKS-000858,Vakituinen,2017-09-25,Toimipiste,"Hyvinvointialue, Keski-Suomi",Konsernipalvelut,Tietohallinto,Tietohallintopalvelut,Tietohallintopalvelut,"TERVEYSTIE 5, 41340 Laukaa","Toimiala=Konsernipalvelut; Vastuualue=Tietohallinto; Palvelualue=Tietohallintopalvelut; Palveluyksikkö=Tietohallintopalvelut; Toimipiste=TERVEYSTIE 5, 41340 Laukaa",KESKI-SUOMEN HYVINVOINTIALUE,KESKI-SUOMEN HYVINVOINTIALUE,41340,TERVEYSTIE 5,Keski-Suomi,Suomi,Järjestelmäasiantuntija,+358142000858,+35845100858,sari.makinen,SYN-HYVAKS-000018,,,SMTP:sari.makinen@example.invalid,,,fi-FI,Aktiivinen,synthetic-development-data
Laukaa,Keski-Suomen hyvinvointialue,Tietohallintopalvelut,Törmänen Kalle,kalle.tormanen@example.invalid,SYN-HYVAKS-000859,Osa-aikainen,2002-06-08,Toimipiste,"Hyvinvointialue, Keski-Suomi",Konsernipalvelut,Tietohallinto,Tietohallintopalvelut,Tietohallintopalvelut,"TERVEYSTIE 5, 41340 Laukaa","Toimiala=Konsernipalvelut; Vastuualue=Tietohallinto; Palvelualue=Tietohallintopalvelut; Palveluyksikkö=Tietohallintopalvelut; Toimipiste=TERVEYSTIE 5, 41340 Laukaa",KESKI-SUOMEN HYVINVOINTIALUE,KESKI-SUOMEN HYVINVOINTIALUE,41340,TERVEYSTIE 5,Keski-Suomi,Suomi,Laitetukiasiantuntija,+358142000859,+35844100859,kalle.tormanen,SYN-HYVAKS-000018,,,SMTP:kalle.tormanen@example.invalid,,,fi-FI,Aktiivinen,synthetic-development-data
Jyväskylä,Keski-Suomen hyvinvointialue,Tietohallintopalvelut,Takala Juha,juha.takala3@example.invalid,SYN-HYVAKS-000860,Osa-aikainen,2012-01-25,Toimipiste,"Hyvinvointialue, Keski-Suomi",Konsernipalvelut,Tietohallinto,Tietohallintopalvelut,Tietohallintopalvelut,"HOITAJANTIE 1, 40620 Jyväskylä","Toimiala=Konsernipalvelut; Vastuualue=Tietohallinto; Palvelualue=Tietohallintopalvelut; Palveluyksikkö=Tietohallintopalvelut; Toimipiste=HOITAJANTIE 1, 40620 Jyväskylä",KESKI-SUOMEN HYVINVOINTIALUE,KESKI-SUOMEN HYVINVOINTIALUE,40620,HOITAJANTIE 1,Keski-Suomi,Suomi,Käyttäjätukiasiantuntija,+358142000860,+35844100860,juha.takala3,SYN-HYVAKS-000015,,,SMTP:juha.takala3@example.invalid,,,fi-FI,Aktiivinen,synthetic-development-data
Laukaa,Keski-Suomen hyvinvointialue,Tietohallintopalvelut,Aaltonen Sanna,sanna.aaltonen@example.invalid,SYN-HYVAKS-000861,Määräaikainen,1998-04-04,Toimipiste,"Hyvinvointialue, Keski-Suomi",Konsernipalvelut,Tietohallinto,Tietohallintopalvelut,Tietohallintopalvelut,"TERVEYSTIE 5, 41340 Laukaa","Toimiala=Konsernipalvelut; Vastuualue=Tietohallinto; Palvelualue=Tietohallintopalvelut; Palveluyksikkö=Tietohallintopalvelut; Toimipiste=TERVEYSTIE 5, 41340 Laukaa",KESKI-SUOMEN HYVINVOINTIALUE,KESKI-SUOMEN HYVINVOINTIALUE,41340,TERVEYSTIE 5,Keski-Suomi,Suomi,Käyttäjätukiasiantuntija,+358142000861,+35840100861,sanna.aaltonen,SYN-HYVAKS-000018,,,SMTP:sanna.aaltonen@example.invalid,,,fi-FI,Aktiivinen,synthetic-development-data
Jyväskylä,Keski-Suomen hyvinvointialue,Projektit ja kehittäminen,Karjalainen Matti,matti.karjalainen@example.invalid,SYN-HYVAKS-000862,Vakituinen,2004-02-05,Toimipiste,"Hyvinvointialue, Keski-Suomi",Konsernipalvelut,Tietohallinto,Projektit ja kehittäminen,Projektit ja kehittäminen,"HOITAJANTIE 1, 40620 Jyväskylä","Toimiala=Konsernipalvelut; Vastuualue=Tietohallinto; Palvelualue=Projektit ja kehittäminen; Palveluyksikkö=Projektit ja kehittäminen; Toimipiste=HOITAJANTIE 1, 40620 Jyväskylä",KESKI-SUOMEN HYVINVOINTIALUE,KESKI-SUOMEN HYVINVOINTIALUE,40620,HOITAJANTIE 1,Keski-Suomi,Suomi,Tuoteomistaja,+358142000862,+35840100862,matti.karjalainen,SYN-HYVAKS-000019,,,SMTP:matti.karjalainen@example.invalid,,,fi-FI,Aktiivinen,synthetic-development-data
Jyväskylä,Keski-Suomen hyvinvointialue,Palveluprosessien digitalisaatio,Lehtinen Janne,janne.lehtinen@example.invalid,SYN-HYVAKS-000863,Vakituinen,2009-12-22,Toimipiste,"Hyvinvointialue, Keski-Suomi",Konsernipalvelut,Tietohallinto,Palveluprosessien digitalisaatio,Palveluprosessien digitalisaatio,"HOITAJANTIE 1, 40620 Jyväskylä","Toimiala=Konsernipalvelut; Vastuualue=Tietohallinto; Palvelualue=Palveluprosessien digitalisaatio; Palveluyksikkö=Palveluprosessien digitalisaatio; Toimipiste=HOITAJANTIE 1, 40620 Jyväskylä",KESKI-SUOMEN HYVINVOINTIALUE,KESKI-SUOMEN HYVINVOINTIALUE,40620,HOITAJANTIE 1,Keski-Suomi,Suomi,Integraatioasiantuntija,+358142000863,+35840100863,janne.lehtinen,SYN-HYVAKS-000025,,,SMTP:janne.lehtinen@example.invalid,,,fi-FI,Aktiivinen,synthetic-development-data
Jämsä,Keski-Suomen hyvinvointialue,Teknologiapalvelut,Ojala Riku,riku.ojala@example.invalid,SYN-HYVAKS-000864,Vakituinen,2017-11-08,Toimipiste,"Hyvinvointialue, Keski-Suomi",Konsernipalvelut,Tietohallinto,Teknologiapalvelut,Teknologiapalvelut,"SAIRAALANTIE 8, 42100 Jämsä","Toimiala=Konsernipalvelut; Vastuualue=Tietohallinto; Palvelualue=Teknologiapalvelut; Palveluyksikkö=Teknologiapalvelut; Toimipiste=SAIRAALANTIE 8, 42100 Jämsä",KESKI-SUOMEN HYVINVOINTIALUE,KESKI-SUOMEN HYVINVOINTIALUE,42100,SAIRAALANTIE 8,Keski-Suomi,Suomi,Konesaliasiantuntija,+358142000864,+35840100864,riku.ojala,SYN-HYVAKS-000023,,,SMTP:riku.ojala@example.invalid,,,fi-FI,Aktiivinen,synthetic-development-data
Jyväskylä,Keski-Suomen hyvinvointialue,Projektit ja kehittäminen,Väisänen Johanna,johanna.vaisanen@example.invalid,SYN-HYVAKS-000865,Vakituinen,1998-05-06,Toimipiste,"Hyvinvointialue, Keski-Suomi",Konsernipalvelut,Tietohallinto,Projektit ja kehittäminen,Projektit ja kehittäminen,"HYVINVOINTIKATU 12, 40100 Jyväskylä","Toimiala=Konsernipalvelut; Vastuualue=Tietohallinto; Palvelualue=Projektit ja kehittäminen; Palveluyksikkö=Projektit ja kehittäminen; Toimipiste=HYVINVOINTIKATU 12, 40100 Jyväskylä",KESKI-SUOMEN HYVINVOINTIALUE,KESKI-SUOMEN HYVINVOINTIALUE,40100,HYVINVOINTIKATU 12,Keski-Suomi,Suomi,Projektisuunnittelija,+358142000865,+35844100865,johanna.vaisanen,SYN-HYVAKS-000020,,,SMTP:johanna.vaisanen@example.invalid,,,fi-FI,Aktiivinen,synthetic-development-data
Jyväskylä,Keski-Suomen hyvinvointialue,Teknologiapalvelut,Saarinen Mikael,mikael.saarinen@example.invalid,SYN-HYVAKS-000866,Vakituinen,2004-08-17,Toimipiste,"Hyvinvointialue, Keski-Suomi",Konsernipalvelut,Tietohallinto,Teknologiapalvelut,Teknologiapalvelut,"HYVINVOINTIKATU 12, 40100 Jyväskylä","Toimiala=Konsernipalvelut; Vastuualue=Tietohallinto; Palvelualue=Teknologiapalvelut; Palveluyksikkö=Teknologiapalvelut; Toimipiste=HYVINVOINTIKATU 12, 40100 Jyväskylä",KESKI-SUOMEN HYVINVOINTIALUE,KESKI-SUOMEN HYVINVOINTIALUE,40100,HYVINVOINTIKATU 12,Keski-Suomi,Suomi,Konesaliasiantuntija,+358142000866,+35850100866,mikael.saarinen,SYN-HYVAKS-000022,,,SMTP:mikael.saarinen@example.invalid,,,fi-FI,Aktiivinen,synthetic-development-data
Jyväskylä,Keski-Suomen hyvinvointialue,Palveluprosessien digitalisaatio,Rinne Tomi,tomi.rinne@example.invalid,SYN-HYVAKS-000867,Määräaikainen,1998-03-03,Toimipiste,"Hyvinvointialue, Keski-Suomi",Konsernipalvelut,Tietohallinto,Palveluprosessien digitalisaatio,Palveluprosessien digitalisaatio,"HOITAJANTIE 1, 40620 Jyväskylä","Toimiala=Konsernipalvelut; Vastuualue=Tietohallinto; Palvelualue=Palveluprosessien digitalisaatio; Palveluyksikkö=Palveluprosessien digitalisaatio; Toimipiste=HOITAJANTIE 1, 40620 Jyväskylä",KESKI-SUOMEN HYVINVOINTIALUE,KESKI-SUOMEN HYVINVOINTIALUE,40620,HOITAJANTIE 1,Keski-Suomi,Suomi,Digitalisaatioasiantuntija,+358142000867,+35844100867,tomi.rinne,SYN-HYVAKS-000025,,,SMTP:tomi.rinne@example.invalid,,,fi-FI,Aktiivinen,synthetic-development-data
Äänekoski,Keski-Suomen hyvinvointialue,Tietohallintopalvelut,Hämäläinen Lauri,lauri.hamalainen@example.invalid,SYN-HYVAKS-000868,Sijainen,2000-08-14,Toimipiste,"Hyvinvointialue, Keski-Suomi",Konsernipalvelut,Tietohallinto,Tietohallintopalvelut,Tietohallintopalvelut,"KESKUSKATU 14, 44100 Äänekoski","Toimiala=Konsernipalvelut; Vastuualue=Tietohallinto; Palvelualue=Tietohallintopalvelut; Palveluyksikkö=Tietohallintopalvelut; Toimipiste=KESKUSKATU 14, 44100 Äänekoski",KESKI-SUOMEN HYVINVOINTIALUE,KESKI-SUOMEN HYVINVOINTIALUE,44100,KESKUSKATU 14,Keski-Suomi,Suomi,Laitetukiasiantuntija,+358142000868,+35845100868,lauri.hamalainen,SYN-HYVAKS-000017,,,SMTP:lauri.hamalainen@example.invalid,,,fi-FI,Aktiivinen,synthetic-development-data
Jyväskylä,Keski-Suomen hyvinvointialue,Teknologiapalvelut,Koskela Saara,saara.koskela@example.invalid,SYN-HYVAKS-000869,Määräaikainen,2000-11-18,Toimipiste,"Hyvinvointialue, Keski-Suomi",Konsernipalvelut,Tietohallinto,Teknologiapalvelut,Teknologiapalvelut,"HOITAJANTIE 1, 40620 Jyväskylä","Toimiala=Konsernipalvelut; Vastuualue=Tietohallinto; Palvelualue=Teknologiapalvelut; Palveluyksikkö=Teknologiapalvelut; Toimipiste=HOITAJANTIE 1, 40620 Jyväskylä",KESKI-SUOMEN HYVINVOINTIALUE,KESKI-SUOMEN HYVINVOINTIALUE,40620,HOITAJANTIE 1,Keski-Suomi,Suomi,Palveluarkkitehti,+358142000869,+35840100869,saara.koskela,SYN-HYVAKS-000021,,,SMTP:saara.koskela@example.invalid,,,fi-FI,Aktiivinen,synthetic-development-data
Äänekoski,Keski-Suomen hyvinvointialue,Tietohallintopalvelut,Aaltonen Sami,sami.aaltonen@example.invalid,SYN-HYVAKS-000870,Vakituinen,2019-06-11,Toimipiste,"Hyvinvointialue, Keski-Suomi",Konsernipalvelut,Tietohallinto,Tietohallintopalvelut,Tietohallintopalvelut,"KESKUSKATU 14, 44100 Äänekoski","Toimiala=Konsernipalvelut; Vastuualue=Tietohallinto; Palvelualue=Tietohallintopalvelut; Palveluyksikkö=Tietohallintopalvelut; Toimipiste=KESKUSKATU 14, 44100 Äänekoski",KESKI-SUOMEN HYVINVOINTIALUE,KESKI-SUOMEN HYVINVOINTIALUE,44100,KESKUSKATU 14,Keski-Suomi,Suomi,Laitetukiasiantuntija,+358142000870,+35845100870,sami.aaltonen,SYN-HYVAKS-000017,,,SMTP:sami.aaltonen@example.invalid,,,fi-FI,Aktiivinen,synthetic-development-data
Jämsä,Keski-Suomen hyvinvointialue,Tilapalveluiden johtaminen,Kinnunen Saara,saara.kinnunen@example.invalid,SYN-HYVAKS-000871,Osa-aikainen,2020-07-25,Toimipiste,"Hyvinvointialue, Keski-Suomi",Konsernipalvelut,Tilapalvelut,Tilapalveluiden johtaminen,Tilapalveluiden johtaminen,"SAIRAALANTIE 8, 42100 Jämsä","Toimiala=Konsernipalvelut; Vastuualue=Tilapalvelut; Palvelualue=Tilapalveluiden johtaminen; Palveluyksikkö=Tilapalveluiden johtaminen; Toimipiste=SAIRAALANTIE 8, 42100 Jämsä",KESKI-SUOMEN HYVINVOINTIALUE,KESKI-SUOMEN HYVINVOINTIALUE,42100,SAIRAALANTIE 8,Keski-Suomi,Suomi,Kiinteistöasiantuntija,+358142000871,+35840100871,saara.kinnunen,SYN-HYVAKS-000032,,,SMTP:saara.kinnunen@example.invalid,,,fi-FI,Aktiivinen,synthetic-development-data
Jämsä,Keski-Suomen hyvinvointialue,Tietohallintopalvelut,Järvinen Anni,anni.jarvinen@example.invalid,SYN-HYVAKS-000872,Vakituinen,2017-03-22,Toimipiste,"Hyvinvointialue, Keski-Suomi",Konsernipalvelut,Tietohallinto,Tietohallintopalvelut,Tietohallintopalvelut,"SAIRAALANTIE 8, 42100 Jämsä","Toimiala=Konsernipalvelut; Vastuualue=Tietohallinto; Palvelualue=Tietohallintopalvelut; Palveluyksikkö=Tietohallintopalvelut; Toimipiste=SAIRAALANTIE 8, 42100 Jämsä",KESKI-SUOMEN HYVINVOINTIALUE,KESKI-SUOMEN HYVINVOINTIALUE,42100,SAIRAALANTIE 8,Keski-Suomi,Suomi,Tietohallinnon asiantuntija,+358142000872,+35845100872,anni.jarvinen,SYN-HYVAKS-000016,,,SMTP:anni.jarvinen@example.invalid,,,fi-FI,Aktiivinen,synthetic-development-data
Keuruu,Keski-Suomen hyvinvointialue,Tilapalveluiden johtaminen,Toivonen Jere,jere.toivonen@example.invalid,SYN-HYVAKS-000873,Vakituinen,2000-06-24,Toimipiste,"Hyvinvointialue, Keski-Suomi",Konsernipalvelut,Tilapalvelut,Tilapalveluiden johtaminen,Tilapalveluiden johtaminen,"PALVELUTIE 3, 42700 Keuruu","Toimiala=Konsernipalvelut; Vastuualue=Tilapalvelut; Palvelualue=Tilapalveluiden johtaminen; Palveluyksikkö=Tilapalveluiden johtaminen; Toimipiste=PALVELUTIE 3, 42700 Keuruu",KESKI-SUOMEN HYVINVOINTIALUE,KESKI-SUOMEN HYVINVOINTIALUE,42700,PALVELUTIE 3,Keski-Suomi,Suomi,Huoltoinsinööri,+358142000873,+35840100873,jere.toivonen,SYN-HYVAKS-000034,,,SMTP:jere.toivonen@example.invalid,,,fi-FI,Aktiivinen,synthetic-development-data
Äänekoski,Keski-Suomen hyvinvointialue,Tietohallintopalvelut,Repo Satu,satu.repo2@example.invalid,SYN-HYVAKS-000874,Vakituinen,2016-12-28,Toimipiste,"Hyvinvointialue, Keski-Suomi",Konsernipalvelut,Tietohallinto,Tietohallintopalvelut,Tietohallintopalvelut,"KESKUSKATU 14, 44100 Äänekoski","Toimiala=Konsernipalvelut; Vastuualue=Tietohallinto; Palvelualue=Tietohallintopalvelut; Palveluyksikkö=Tietohallintopalvelut; Toimipiste=KESKUSKATU 14, 44100 Äänekoski",KESKI-SUOMEN HYVINVOINTIALUE,KESKI-SUOMEN HYVINVOINTIALUE,44100,KESKUSKATU 14,Keski-Suomi,Suomi,Tietohallinnon asiantuntija,+358142000874,+35840100874,satu.repo2,SYN-HYVAKS-000017,,,SMTP:satu.repo2@example.invalid,,,fi-FI,Aktiivinen,synthetic-development-data
Laukaa,Keski-Suomen hyvinvointialue,Tietohallintopalvelut,Nurminen Olli,olli.nurminen@example.invalid,SYN-HYVAKS-000875,Vakituinen,2003-12-20,Toimipiste,"Hyvinvointialue, Keski-Suomi",Konsernipalvelut,Tietohallinto,Tietohallintopalvelut,Tietohallintopalvelut,"TERVEYSTIE 5, 41340 Laukaa","Toimiala=Konsernipalvelut; Vastuualue=Tietohallinto; Palvelualue=Tietohallintopalvelut; Palveluyksikkö=Tietohallintopalvelut; Toimipiste=TERVEYSTIE 5, 41340 Laukaa",KESKI-SUOMEN HYVINVOINTIALUE,KESKI-SUOMEN HYVINVOINTIALUE,41340,TERVEYSTIE 5,Keski-Suomi,Suomi,Tietohallinnon asiantuntija,+358142000875,+35840100875,olli.nurminen,SYN-HYVAKS-000018,,,SMTP:olli.nurminen@example.invalid,,,fi-FI,Aktiivinen,synthetic-development-data
Jyväskylä,Keski-Suomen hyvinvointialue,Palveluprosessien digitalisaatio,Vuorinen Pekka,pekka.vuorinen@example.invalid,SYN-HYVAKS-000876,Sijainen,2014-01-24,Toimipiste,"Hyvinvointialue, Keski-Suomi",Konsernipalvelut,Tietohallinto,Palveluprosessien digitalisaatio,Palveluprosessien digitalisaatio,"HOITAJANTIE 1, 40620 Jyväskylä","Toimiala=Konsernipalvelut; Vastuualue=Tietohallinto; Palvelualue=Palveluprosessien digitalisaatio; Palveluyksikkö=Palveluprosessien digitalisaatio; Toimipiste=HOITAJANTIE 1, 40620 Jyväskylä",KESKI-SUOMEN HYVINVOINTIALUE,KESKI-SUOMEN HYVINVOINTIALUE,40620,HOITAJANTIE 1,Keski-Suomi,Suomi,Integraatioasiantuntija,+358142000876,+35850100876,pekka.vuorinen,SYN-HYVAKS-000025,,,SMTP:pekka.vuorinen@example.invalid,,,fi-FI,Aktiivinen,synthetic-development-data
Jyväskylä,Keski-Suomen hyvinvointialue,Palveluprosessien digitalisaatio,Tuominen Matti,matti.tuominen@example.invalid,SYN-HYVAKS-000877,Vakituinen,2008-01-05,Toimipiste,"Hyvinvointialue, Keski-Suomi",Konsernipalvelut,Tietohallinto,Palveluprosessien digitalisaatio,Palveluprosessien digitalisaatio,"HYVINVOINTIKATU 12, 40100 Jyväskylä","Toimiala=Konsernipalvelut; Vastuualue=Tietohallinto; Palvelualue=Palveluprosessien digitalisaatio; Palveluyksikkö=Palveluprosessien digitalisaatio; Toimipiste=HYVINVOINTIKATU 12, 40100 Jyväskylä",KESKI-SUOMEN HYVINVOINTIALUE,KESKI-SUOMEN HYVINVOINTIALUE,40100,HYVINVOINTIKATU 12,Keski-Suomi,Suomi,Tietoasiantuntija,+358142000877,+35850100877,matti.tuominen,SYN-HYVAKS-000026,,,SMTP:matti.tuominen@example.invalid,,,fi-FI,Aktiivinen,synthetic-development-data
Jyväskylä,Keski-Suomen hyvinvointialue,Teknologiapalvelut,Nieminen Henna,henna.nieminen2@example.invalid,SYN-HYVAKS-000878,Määräaikainen,2012-09-30,Toimipiste,"Hyvinvointialue, Keski-Suomi",Konsernipalvelut,Tietohallinto,Teknologiapalvelut,Teknologiapalvelut,"HYVINVOINTIKATU 12, 40100 Jyväskylä","Toimiala=Konsernipalvelut; Vastuualue=Tietohallinto; Palvelualue=Teknologiapalvelut; Palveluyksikkö=Teknologiapalvelut; Toimipiste=HYVINVOINTIKATU 12, 40100 Jyväskylä",KESKI-SUOMEN HYVINVOINTIALUE,KESKI-SUOMEN HYVINVOINTIALUE,40100,HYVINVOINTIKATU 12,Keski-Suomi,Suomi,Verkkoasiantuntija,+358142000878,+35840100878,henna.nieminen2,SYN-HYVAKS-000022,,,SMTP:henna.nieminen2@example.invalid,,,fi-FI,Aktiivinen,synthetic-development-data
Jämsä,Keski-Suomen hyvinvointialue,Tietohallintopalvelut,Leppänen Olli,olli.leppanen2@example.invalid,SYN-HYVAKS-000879,Vakituinen,2024-05-11,Toimipiste,"Hyvinvointialue, Keski-Suomi",Konsernipalvelut,Tietohallinto,Tietohallintopalvelut,Tietohallintopalvelut,"SAIRAALANTIE 8, 42100 Jämsä","Toimiala=Konsernipalvelut; Vastuualue=Tietohallinto; Palvelualue=Tietohallintopalvelut; Palveluyksikkö=Tietohallintopalvelut; Toimipiste=SAIRAALANTIE 8, 42100 Jämsä",KESKI-SUOMEN HYVINVOINTIALUE,KESKI-SUOMEN HYVINVOINTIALUE,42100,SAIRAALANTIE 8,Keski-Suomi,Suomi,Laitetukiasiantuntija,+358142000879,+35845100879,olli.leppanen2,SYN-HYVAKS-000016,,,SMTP:olli.leppanen2@example.invalid,,,fi-FI,Aktiivinen,synthetic-development-data
Jyväskylä,Keski-Suomen hyvinvointialue,Projektit ja kehittäminen,Leppänen Aino,aino.leppanen@example.invalid,SYN-HYVAKS-000880,Vakituinen,2020-08-25,Toimipiste,"Hyvinvointialue, Keski-Suomi",Konsernipalvelut,Tietohallinto,Projektit ja kehittäminen,Projektit ja kehittäminen,"HOITAJANTIE 1, 40620 Jyväskylä","Toimiala=Konsernipalvelut; Vastuualue=Tietohallinto; Palvelualue=Projektit ja kehittäminen; Palveluyksikkö=Projektit ja kehittäminen; Toimipiste=HOITAJANTIE 1, 40620 Jyväskylä",KESKI-SUOMEN HYVINVOINTIALUE,KESKI-SUOMEN HYVINVOINTIALUE,40620,HOITAJANTIE 1,Keski-Suomi,Suomi,Tuoteomistaja,+358142000880,+35845100880,aino.leppanen,SYN-HYVAKS-000019,,,SMTP:aino.leppanen@example.invalid,,,fi-FI,Aktiivinen,synthetic-development-data
Jyväskylä,Keski-Suomen hyvinvointialue,Teknologiapalvelut,Koskela Nina,nina.koskela@example.invalid,SYN-HYVAKS-000881,Vakituinen,2006-02-07,Toimipiste,"Hyvinvointialue, Keski-Suomi",Konsernipalvelut,Tietohallinto,Teknologiapalvelut,Teknologiapalvelut,"HOITAJANTIE 1, 40620 Jyväskylä","Toimiala=Konsernipalvelut; Vastuualue=Tietohallinto; Palvelualue=Teknologiapalvelut; Palveluyksikkö=Teknologiapalvelut; Toimipiste=HOITAJANTIE 1, 40620 Jyväskylä",KESKI-SUOMEN HYVINVOINTIALUE,KESKI-SUOMEN HYVINVOINTIALUE,40620,HOITAJANTIE 1,Keski-Suomi,Suomi,Verkkoasiantuntija,+358142000881,+35850100881,nina.koskela,SYN-HYVAKS-000021,,,SMTP:nina.koskela@example.invalid,,,fi-FI,Poistuva,synthetic-development-data
Äänekoski,Keski-Suomen hyvinvointialue,Tietohallintopalvelut,Uusitalo Lauri,lauri.uusitalo@example.invalid,SYN-HYVAKS-000882,Vakituinen,1998-04-25,Toimipiste,"Hyvinvointialue, Keski-Suomi",Konsernipalvelut,Tietohallinto,Tietohallintopalvelut,Tietohallintopalvelut,"KESKUSKATU 14, 44100 Äänekoski","Toimiala=Konsernipalvelut; Vastuualue=Tietohallinto; Palvelualue=Tietohallintopalvelut; Palveluyksikkö=Tietohallintopalvelut; Toimipiste=KESKUSKATU 14, 44100 Äänekoski",KESKI-SUOMEN HYVINVOINTIALUE,KESKI-SUOMEN HYVINVOINTIALUE,44100,KESKUSKATU 14,Keski-Suomi,Suomi,Laitetukiasiantuntija,+358142000882,+35845100882,lauri.uusitalo,SYN-HYVAKS-000017,,,SMTP:lauri.uusitalo@example.invalid,,,fi-FI,Aktiivinen,synthetic-development-data
Viitasaari,Keski-Suomen hyvinvointialue,Tilapalveluiden johtaminen,Manninen Elina,elina.manninen@example.invalid,SYN-HYVAKS-000883,Vakituinen,2000-04-07,Toimipiste,"Hyvinvointialue, Keski-Suomi",Konsernipalvelut,Tilapalvelut,Tilapalveluiden johtaminen,Tilapalveluiden johtaminen,"TERVEYSKESKUKSENTIE 2, 44500 Viitasaari","Toimiala=Konsernipalvelut; Vastuualue=Tilapalvelut; Palvelualue=Tilapalveluiden johtaminen; Palveluyksikkö=Tilapalveluiden johtaminen; Toimipiste=TERVEYSKESKUKSENTIE 2, 44500 Viitasaari",KESKI-SUOMEN HYVINVOINTIALUE,KESKI-SUOMEN HYVINVOINTIALUE,44500,TERVEYSKESKUKSENTIE 2,Keski-Suomi,Suomi,Huoltoinsinööri,+358142000883,+35844100883,elina.manninen,SYN-HYVAKS-000036,,,SMTP:elina.manninen@example.invalid,,,fi-FI,Aktiivinen,synthetic-development-data
Äänekoski,Keski-Suomen hyvinvointialue,Teknologiapalvelut,Sillanpää Katri,katri.sillanpaa@example.invalid,SYN-HYVAKS-000884,Vakituinen,2005-09-18,Toimipiste,"Hyvinvointialue, Keski-Suomi",Konsernipalvelut,Tietohallinto,Teknologiapalvelut,Teknologiapalvelut,"KESKUSKATU 14, 44100 Äänekoski","Toimiala=Konsernipalvelut; Vastuualue=Tietohallinto; Palvelualue=Teknologiapalvelut; Palveluyksikkö=Teknologiapalvelut; Toimipiste=KESKUSKATU 14, 44100 Äänekoski",KESKI-SUOMEN HYVINVOINTIALUE,KESKI-SUOMEN HYVINVOINTIALUE,44100,KESKUSKATU 14,Keski-Suomi,Suomi,Konesaliasiantuntija,+358142000884,+35840100884,katri.sillanpaa,SYN-HYVAKS-000024,,,SMTP:katri.sillanpaa@example.invalid,,,fi-FI,Aktiivinen,synthetic-development-data
Äänekoski,Keski-Suomen hyvinvointialue,Teknologiapalvelut,Lahtinen Sampo,sampo.lahtinen@example.invalid,SYN-HYVAKS-000885,Vakituinen,2015-05-27,Toimipiste,"Hyvinvointialue, Keski-Suomi",Konsernipalvelut,Tietohallinto,Teknologiapalvelut,Teknologiapalvelut,"KESKUSKATU 14, 44100 Äänekoski","Toimiala=Konsernipalvelut; Vastuualue=Tietohallinto; Palvelualue=Teknologiapalvelut; Palveluyksikkö=Teknologiapalvelut; Toimipiste=KESKUSKATU 14, 44100 Äänekoski",KESKI-SUOMEN HYVINVOINTIALUE,KESKI-SUOMEN HYVINVOINTIALUE,44100,KESKUSKATU 14,Keski-Suomi,Suomi,Verkkoasiantuntija,+358142000885,+35850100885,sampo.lahtinen,SYN-HYVAKS-000024,,,SMTP:sampo.lahtinen@example.invalid,,,fi-FI,Aktiivinen,synthetic-development-data
Jämsä,Keski-Suomen hyvinvointialue,Tietohallintopalvelut,Sipilä Teemu,teemu.sipila@example.invalid,SYN-HYVAKS-000886,Vakituinen,2010-11-24,Toimipiste,"Hyvinvointialue, Keski-Suomi",Konsernipalvelut,Tietohallinto,Tietohallintopalvelut,Tietohallintopalvelut,"SAIRAALANTIE 8, 42100 Jämsä","Toimiala=Konsernipalvelut; Vastuualue=Tietohallinto; Palvelualue=Tietohallintopalvelut; Palveluyksikkö=Tietohallintopalvelut; Toimipiste=SAIRAALANTIE 8, 42100 Jämsä",KESKI-SUOMEN HYVINVOINTIALUE,KESKI-SUOMEN HYVINVOINTIALUE,42100,SAIRAALANTIE 8,Keski-Suomi,Suomi,Laitetukiasiantuntija,+358142000886,+35840100886,teemu.sipila,SYN-HYVAKS-000016,,,SMTP:teemu.sipila@example.invalid,,,fi-FI,Aktiivinen,synthetic-development-data
Jyväskylä,Keski-Suomen hyvinvointialue,Palveluprosessien digitalisaatio,Tuominen Satu,satu.tuominen@example.invalid,SYN-HYVAKS-000887,Määräaikainen,2010-03-24,Toimipiste,"Hyvinvointialue, Keski-Suomi",Konsernipalvelut,Tietohallinto,Palveluprosessien digitalisaatio,Palveluprosessien digitalisaatio,"HOITAJANTIE 1, 40620 Jyväskylä","Toimiala=Konsernipalvelut; Vastuualue=Tietohallinto; Palvelualue=Palveluprosessien digitalisaatio; Palveluyksikkö=Palveluprosessien digitalisaatio; Toimipiste=HOITAJANTIE 1, 40620 Jyväskylä",KESKI-SUOMEN HYVINVOINTIALUE,KESKI-SUOMEN HYVINVOINTIALUE,40620,HOITAJANTIE 1,Keski-Suomi,Suomi,Tietoasiantuntija,+358142000887,+35850100887,satu.tuominen,SYN-HYVAKS-000025,,,SMTP:satu.tuominen@example.invalid,,,fi-FI,Aktiivinen,synthetic-development-data
Jämsä,Keski-Suomen hyvinvointialue,Viestintäpalvelut,Väisänen Saara,saara.vaisanen@example.invalid,SYN-HYVAKS-000888,Vakituinen,2019-08-14,Toimipiste,"Hyvinvointialue, Keski-Suomi",Konsernipalvelut,Viestintäpalvelut,Viestintäpalvelut,Viestintäpalvelut,"SAIRAALANTIE 8, 42100 Jämsä","Toimiala=Konsernipalvelut; Vastuualue=Viestintäpalvelut; Palvelualue=Viestintäpalvelut; Palveluyksikkö=Viestintäpalvelut; Toimipiste=SAIRAALANTIE 8, 42100 Jämsä",KESKI-SUOMEN HYVINVOINTIALUE,KESKI-SUOMEN HYVINVOINTIALUE,42100,SAIRAALANTIE 8,Keski-Suomi,Suomi,Verkkoviestinnän asiantuntija,+358142000888,+35840100888,saara.vaisanen,SYN-HYVAKS-000030,,,SMTP:saara.vaisanen@example.invalid,,,fi-FI,Aktiivinen,synthetic-development-data
Jyväskylä,Keski-Suomen hyvinvointialue,Palveluprosessien digitalisaatio,Mäkinen Elina,elina.makinen@example.invalid,SYN-HYVAKS-000889,Vakituinen,2016-05-05,Toimipiste,"Hyvinvointialue, Keski-Suomi",Konsernipalvelut,Tietohallinto,Palveluprosessien digitalisaatio,Palveluprosessien digitalisaatio,"HYVINVOINTIKATU 12, 40100 Jyväskylä","Toimiala=Konsernipalvelut; Vastuualue=Tietohallinto; Palvelualue=Palveluprosessien digitalisaatio; Palveluyksikkö=Palveluprosessien digitalisaatio; Toimipiste=HYVINVOINTIKATU 12, 40100 Jyväskylä",KESKI-SUOMEN HYVINVOINTIALUE,KESKI-SUOMEN HYVINVOINTIALUE,40100,HYVINVOINTIKATU 12,Keski-Suomi,Suomi,Tietoasiantuntija,+358142000889,+35840100889,elina.makinen,SYN-HYVAKS-000026,,,SMTP:elina.makinen@example.invalid,,,fi-FI,Aktiivinen,synthetic-development-data
Jyväskylä,Keski-Suomen hyvinvointialue,Teknologiapalvelut,Koskinen Sampo,sampo.koskinen@example.invalid,SYN-HYVAKS-000890,Määräaikainen,2024-10-19,Toimipiste,"Hyvinvointialue, Keski-Suomi",Konsernipalvelut,Tietohallinto,Teknologiapalvelut,Teknologiapalvelut,"HYVINVOINTIKATU 12, 40100 Jyväskylä","Toimiala=Konsernipalvelut; Vastuualue=Tietohallinto; Palvelualue=Teknologiapalvelut; Palveluyksikkö=Teknologiapalvelut; Toimipiste=HYVINVOINTIKATU 12, 40100 Jyväskylä",KESKI-SUOMEN HYVINVOINTIALUE,KESKI-SUOMEN HYVINVOINTIALUE,40100,HYVINVOINTIKATU 12,Keski-Suomi,Suomi,Verkkoasiantuntija,+358142000890,+35850100890,sampo.koskinen,SYN-HYVAKS-000022,,,SMTP:sampo.koskinen@example.invalid,,,fi-FI,Aktiivinen,synthetic-development-data
Jyväskylä,Keski-Suomen hyvinvointialue,Palveluprosessien digitalisaatio,Saarinen Sanna,sanna.saarinen@example.invalid,SYN-HYVAKS-000891,Vakituinen,2015-08-12,Toimipiste,"Hyvinvointialue, Keski-Suomi",Konsernipalvelut,Tietohallinto,Palveluprosessien digitalisaatio,Palveluprosessien digitalisaatio,"HOITAJANTIE 1, 40620 Jyväskylä","Toimiala=Konsernipalvelut; Vastuualue=Tietohallinto; Palvelualue=Palveluprosessien digitalisaatio; Palveluyksikkö=Palveluprosessien digitalisaatio; Toimipiste=HOITAJANTIE 1, 40620 Jyväskylä",KESKI-SUOMEN HYVINVOINTIALUE,KESKI-SUOMEN HYVINVOINTIALUE,40620,HOITAJANTIE 1,Keski-Suomi,Suomi,Integraatioasiantuntija,+358142000891,+35845100891,sanna.saarinen,SYN-HYVAKS-000025,,,SMTP:sanna.saarinen@example.invalid,,,fi-FI,Aktiivinen,synthetic-development-data
Viitasaari,Keski-Suomen hyvinvointialue,Tilapalveluiden johtaminen,Virtanen Anni,anni.virtanen@example.invalid,SYN-HYVAKS-000892,Vakituinen,1998-08-11,Toimipiste,"Hyvinvointialue, Keski-Suomi",Konsernipalvelut,Tilapalvelut,Tilapalveluiden johtaminen,Tilapalveluiden johtaminen,"TERVEYSKESKUKSENTIE 2, 44500 Viitasaari","Toimiala=Konsernipalvelut; Vastuualue=Tilapalvelut; Palvelualue=Tilapalveluiden johtaminen; Palveluyksikkö=Tilapalveluiden johtaminen; Toimipiste=TERVEYSKESKUKSENTIE 2, 44500 Viitasaari",KESKI-SUOMEN HYVINVOINTIALUE,KESKI-SUOMEN HYVINVOINTIALUE,44500,TERVEYSKESKUKSENTIE 2,Keski-Suomi,Suomi,Huoltoinsinööri,+358142000892,+35850100892,anni.virtanen,SYN-HYVAKS-000036,,,SMTP:anni.virtanen@example.invalid,,,en-US,Aktiivinen,synthetic-development-data
Äänekoski,Keski-Suomen hyvinvointialue,Teknologiapalvelut,Hakala Sari,sari.hakala@example.invalid,SYN-HYVAKS-000893,Vakituinen,2008-02-26,Toimipiste,"Hyvinvointialue, Keski-Suomi",Konsernipalvelut,Tietohallinto,Teknologiapalvelut,Teknologiapalvelut,"KESKUSKATU 14, 44100 Äänekoski","Toimiala=Konsernipalvelut; Vastuualue=Tietohallinto; Palvelualue=Teknologiapalvelut; Palveluyksikkö=Teknologiapalvelut; Toimipiste=KESKUSKATU 14, 44100 Äänekoski",KESKI-SUOMEN HYVINVOINTIALUE,KESKI-SUOMEN HYVINVOINTIALUE,44100,KESKUSKATU 14,Keski-Suomi,Suomi,Teknologia-asiantuntija,+358142000893,+35850100893,sari.hakala,SYN-HYVAKS-000024,,,SMTP:sari.hakala@example.invalid,,,fi-FI,Aktiivinen,synthetic-development-data
Karstula,Keski-Suomen hyvinvointialue,Tilapalveluiden johtaminen,Laakso Heli,heli.laakso2@example.invalid,SYN-HYVAKS-000894,Vakituinen,2001-05-27,Toimipiste,"Hyvinvointialue, Keski-Suomi",Konsernipalvelut,Tilapalvelut,Tilapalveluiden johtaminen,Tilapalveluiden johtaminen,"HYVINVOINTITIE 6, 43500 Karstula","Toimiala=Konsernipalvelut; Vastuualue=Tilapalvelut; Palvelualue=Tilapalveluiden johtaminen; Palveluyksikkö=Tilapalveluiden johtaminen; Toimipiste=HYVINVOINTITIE 6, 43500 Karstula",KESKI-SUOMEN HYVINVOINTIALUE,KESKI-SUOMEN HYVINVOINTIALUE,43500,HYVINVOINTITIE 6,Keski-Suomi,Suomi,Kiinteistöasiantuntija,+358142000894,+35840100894,heli.laakso2,SYN-HYVAKS-000035,,,SMTP:heli.laakso2@example.invalid,,,fi-FI,Aktiivinen,synthetic-development-data
Jämsä,Keski-Suomen hyvinvointialue,Teknologiapalvelut,Ahonen Elina,elina.ahonen@example.invalid,SYN-HYVAKS-000895,Vakituinen,2022-05-15,Toimipiste,"Hyvinvointialue, Keski-Suomi",Konsernipalvelut,Tietohallinto,Teknologiapalvelut,Teknologiapalvelut,"SAIRAALANTIE 8, 42100 Jämsä","Toimiala=Konsernipalvelut; Vastuualue=Tietohallinto; Palvelualue=Teknologiapalvelut; Palveluyksikkö=Teknologiapalvelut; Toimipiste=SAIRAALANTIE 8, 42100 Jämsä",KESKI-SUOMEN HYVINVOINTIALUE,KESKI-SUOMEN HYVINVOINTIALUE,42100,SAIRAALANTIE 8,Keski-Suomi,Suomi,Tietoturva-asiantuntija,+358142000895,+35844100895,elina.ahonen,SYN-HYVAKS-000023,,,SMTP:elina.ahonen@example.invalid,,,fi-FI,Aktiivinen,synthetic-development-data
Jyväskylä,Keski-Suomen hyvinvointialue,Teknologiapalvelut,Manninen Liisa,liisa.manninen2@example.invalid,SYN-HYVAKS-000896,Vakituinen,2010-04-08,Toimipiste,"Hyvinvointialue, Keski-Suomi",Konsernipalvelut,Tietohallinto,Teknologiapalvelut,Teknologiapalvelut,"HOITAJANTIE 1, 40620 Jyväskylä","Toimiala=Konsernipalvelut; Vastuualue=Tietohallinto; Palvelualue=Teknologiapalvelut; Palveluyksikkö=Teknologiapalvelut; Toimipiste=HOITAJANTIE 1, 40620 Jyväskylä",KESKI-SUOMEN HYVINVOINTIALUE,KESKI-SUOMEN HYVINVOINTIALUE,40620,HOITAJANTIE 1,Keski-Suomi,Suomi,Palveluarkkitehti,+358142000896,+35850100896,liisa.manninen2,SYN-HYVAKS-000021,,,SMTP:liisa.manninen2@example.invalid,,,fi-FI,Aktiivinen,synthetic-development-data
Jämsä,Keski-Suomen hyvinvointialue,Tietohallintopalvelut,Moilanen Minna,minna.moilanen@example.invalid,SYN-HYVAKS-000897,Vakituinen,2018-07-19,Toimipiste,"Hyvinvointialue, Keski-Suomi",Konsernipalvelut,Tietohallinto,Tietohallintopalvelut,Tietohallintopalvelut,"SAIRAALANTIE 8, 42100 Jämsä","Toimiala=Konsernipalvelut; Vastuualue=Tietohallinto; Palvelualue=Tietohallintopalvelut; Palveluyksikkö=Tietohallintopalvelut; Toimipiste=SAIRAALANTIE 8, 42100 Jämsä",KESKI-SUOMEN HYVINVOINTIALUE,KESKI-SUOMEN HYVINVOINTIALUE,42100,SAIRAALANTIE 8,Keski-Suomi,Suomi,Käyttäjätukiasiantuntija,+358142000897,+35845100897,minna.moilanen,SYN-HYVAKS-000016,,,SMTP:minna.moilanen@example.invalid,,,fi-FI,Aktiivinen,synthetic-development-data
Jyväskylä,Keski-Suomen hyvinvointialue,Palveluprosessien digitalisaatio,Koskela Katri,katri.koskela@example.invalid,SYN-HYVAKS-000898,Vakituinen,2011-02-03,Toimipiste,"Hyvinvointialue, Keski-Suomi",Konsernipalvelut,Tietohallinto,Palveluprosessien digitalisaatio,Palveluprosessien digitalisaatio,"HYVINVOINTIKATU 12, 40100 Jyväskylä","Toimiala=Konsernipalvelut; Vastuualue=Tietohallinto; Palvelualue=Palveluprosessien digitalisaatio; Palveluyksikkö=Palveluprosessien digitalisaatio; Toimipiste=HYVINVOINTIKATU 12, 40100 Jyväskylä",KESKI-SUOMEN HYVINVOINTIALUE,KESKI-SUOMEN HYVINVOINTIALUE,40100,HYVINVOINTIKATU 12,Keski-Suomi,Suomi,Prosessikehittäjä,+358142000898,+35850100898,katri.koskela,SYN-HYVAKS-000026,,,SMTP:katri.koskela@example.invalid,,,fi-FI,Aktiivinen,synthetic-development-data
Jämsä,Keski-Suomen hyvinvointialue,Teknologiapalvelut,Tuominen Sanna,sanna.tuominen@example.invalid,SYN-HYVAKS-000899,Vakituinen,2009-12-20,Toimipiste,"Hyvinvointialue, Keski-Suomi",Konsernipalvelut,Tietohallinto,Teknologiapalvelut,Teknologiapalvelut,"SAIRAALANTIE 8, 42100 Jämsä","Toimiala=Konsernipalvelut; Vastuualue=Tietohallinto; Palvelualue=Teknologiapalvelut; Palveluyksikkö=Teknologiapalvelut; Toimipiste=SAIRAALANTIE 8, 42100 Jämsä",KESKI-SUOMEN HYVINVOINTIALUE,KESKI-SUOMEN HYVINVOINTIALUE,42100,SAIRAALANTIE 8,Keski-Suomi,Suomi,Verkkoasiantuntija,+358142000899,+35840100899,sanna.tuominen,SYN-HYVAKS-000023,,,SMTP:sanna.tuominen@example.invalid,,,fi-FI,Aktiivinen,synthetic-development-data
Äänekoski,Keski-Suomen hyvinvointialue,Tilapalveluiden johtaminen,Sipilä Outi,outi.sipila@example.invalid,SYN-HYVAKS-000900,Vakituinen,2019-12-04,Toimipiste,"Hyvinvointialue, Keski-Suomi",Konsernipalvelut,Tilapalvelut,Tilapalveluiden johtaminen,Tilapalveluiden johtaminen,"KESKUSKATU 14, 44100 Äänekoski","Toimiala=Konsernipalvelut; Vastuualue=Tilapalvelut; Palvelualue=Tilapalveluiden johtaminen; Palveluyksikkö=Tilapalveluiden johtaminen; Toimipiste=KESKUSKATU 14, 44100 Äänekoski",KESKI-SUOMEN HYVINVOINTIALUE,KESKI-SUOMEN HYVINVOINTIALUE,44100,KESKUSKATU 14,Keski-Suomi,Suomi,Huoltoinsinööri,+358142000900,+35840100900,outi.sipila,SYN-HYVAKS-000033,,,SMTP:outi.sipila@example.invalid,,,fi-FI,Aktiivinen,synthetic-development-data
Jämsä,Keski-Suomen hyvinvointialue,Tietohallintopalvelut,Tuominen Vesa,vesa.tuominen@example.invalid,SYN-HYVAKS-000901,Vakituinen,2004-02-08,Toimipiste,"Hyvinvointialue, Keski-Suomi",Konsernipalvelut,Tietohallinto,Tietohallintopalvelut,Tietohallintopalvelut,"SAIRAALANTIE 8, 42100 Jämsä","Toimiala=Konsernipalvelut; Vastuualue=Tietohallinto; Palvelualue=Tietohallintopalvelut; Palveluyksikkö=Tietohallintopalvelut; Toimipiste=SAIRAALANTIE 8, 42100 Jämsä",KESKI-SUOMEN HYVINVOINTIALUE,KESKI-SUOMEN HYVINVOINTIALUE,42100,SAIRAALANTIE 8,Keski-Suomi,Suomi,Laitetukiasiantuntija,+358142000901,+35845100901,vesa.tuominen,SYN-HYVAKS-000016,,,SMTP:vesa.tuominen@example.invalid,,,fi-FI,Aktiivinen,synthetic-development-data
Jämsä,Keski-Suomen hyvinvointialue,Teknologiapalvelut,Väisänen Marika,marika.vaisanen@example.invalid,SYN-HYVAKS-000902,Vakituinen,2007-06-22,Toimipiste,"Hyvinvointialue, Keski-Suomi",Konsernipalvelut,Tietohallinto,Teknologiapalvelut,Teknologiapalvelut,"SAIRAALANTIE 8, 42100 Jämsä","Toimiala=Konsernipalvelut; Vastuualue=Tietohallinto; Palvelualue=Teknologiapalvelut; Palveluyksikkö=Teknologiapalvelut; Toimipiste=SAIRAALANTIE 8, 42100 Jämsä",KESKI-SUOMEN HYVINVOINTIALUE,KESKI-SUOMEN HYVINVOINTIALUE,42100,SAIRAALANTIE 8,Keski-Suomi,Suomi,Palveluarkkitehti,+358142000902,+35850100902,marika.vaisanen,SYN-HYVAKS-000023,,,SMTP:marika.vaisanen@example.invalid,,,fi-FI,Aktiivinen,synthetic-development-data
Jämsä,Keski-Suomen hyvinvointialue,Teknologiapalvelut,Tuominen Paula,paula.tuominen@example.invalid,SYN-HYVAKS-000903,Vakituinen,2006-11-04,Toimipiste,"Hyvinvointialue, Keski-Suomi",Konsernipalvelut,Tietohallinto,Teknologiapalvelut,Teknologiapalvelut,"SAIRAALANTIE 8, 42100 Jämsä","Toimiala=Konsernipalvelut; Vastuualue=Tietohallinto; Palvelualue=Teknologiapalvelut; Palveluyksikkö=Teknologiapalvelut; Toimipiste=SAIRAALANTIE 8, 42100 Jämsä",KESKI-SUOMEN HYVINVOINTIALUE,KESKI-SUOMEN HYVINVOINTIALUE,42100,SAIRAALANTIE 8,Keski-Suomi,Suomi,Verkkoasiantuntija,+358142000903,+35844100903,paula.tuominen,SYN-HYVAKS-000023,,,SMTP:paula.tuominen@example.invalid,,,fi-FI,Aktiivinen,synthetic-development-data
Jyväskylä,Keski-Suomen hyvinvointialue,Projektit ja kehittäminen,Koskela Sari,sari.koskela2@example.invalid,SYN-HYVAKS-000904,Vakituinen,2007-09-20,Toimipiste,"Hyvinvointialue, Keski-Suomi",Konsernipalvelut,Tietohallinto,Projektit ja kehittäminen,Projektit ja kehittäminen,"HYVINVOINTIKATU 12, 40100 Jyväskylä","Toimiala=Konsernipalvelut; Vastuualue=Tietohallinto; Palvelualue=Projektit ja kehittäminen; Palveluyksikkö=Projektit ja kehittäminen; Toimipiste=HYVINVOINTIKATU 12, 40100 Jyväskylä",KESKI-SUOMEN HYVINVOINTIALUE,KESKI-SUOMEN HYVINVOINTIALUE,40100,HYVINVOINTIKATU 12,Keski-Suomi,Suomi,Projektisuunnittelija,+358142000904,+35845100904,sari.koskela2,SYN-HYVAKS-000020,,,SMTP:sari.koskela2@example.invalid,,,fi-FI,Aktiivinen,synthetic-development-data
Jyväskylä,Keski-Suomen hyvinvointialue,Tietohallinto yhteiset,Kolehmainen Timo,timo.kolehmainen@example.invalid,SYN-HYVAKS-000905,Vakituinen,2018-06-10,Toimipiste,"Hyvinvointialue, Keski-Suomi",Konsernipalvelut,Tietohallinto,Tietohallinto yhteiset,Tietohallinto yhteiset,"HOITAJANTIE 1, 40620 Jyväskylä","Toimiala=Konsernipalvelut; Vastuualue=Tietohallinto; Palvelualue=Tietohallinto yhteiset; Palveluyksikkö=Tietohallinto yhteiset; Toimipiste=HOITAJANTIE 1, 40620 Jyväskylä",KESKI-SUOMEN HYVINVOINTIALUE,KESKI-SUOMEN HYVINVOINTIALUE,40620,HOITAJANTIE 1,Keski-Suomi,Suomi,Johdon assistentti,+358142000905,+35850100905,timo.kolehmainen,SYN-HYVAKS-000013,,,SMTP:timo.kolehmainen@example.invalid,,,fi-FI,Aktiivinen,synthetic-development-data
Jyväskylä,Keski-Suomen hyvinvointialue,Viestintäpalvelut,Vainio Liisa,liisa.vainio@example.invalid,SYN-HYVAKS-000906,Vakituinen,2019-06-18,Toimipiste,"Hyvinvointialue, Keski-Suomi",Konsernipalvelut,Viestintäpalvelut,Viestintäpalvelut,Viestintäpalvelut,"HYVINVOINTIKATU 12, 40100 Jyväskylä","Toimiala=Konsernipalvelut; Vastuualue=Viestintäpalvelut; Palvelualue=Viestintäpalvelut; Palveluyksikkö=Viestintäpalvelut; Toimipiste=HYVINVOINTIKATU 12, 40100 Jyväskylä",KESKI-SUOMEN HYVINVOINTIALUE,KESKI-SUOMEN HYVINVOINTIALUE,40100,HYVINVOINTIKATU 12,Keski-Suomi,Suomi,Verkkoviestinnän asiantuntija,+358142000906,+35845100906,liisa.vainio,SYN-HYVAKS-000029,,,SMTP:liisa.vainio@example.invalid,,,fi-FI,Aktiivinen,synthetic-development-data
Jyväskylä,Keski-Suomen hyvinvointialue,Palveluprosessien digitalisaatio,Nykänen Tuula,tuula.nykanen@example.invalid,SYN-HYVAKS-000907,Vakituinen,2018-06-09,Toimipiste,"Hyvinvointialue, Keski-Suomi",Konsernipalvelut,Tietohallinto,Palveluprosessien digitalisaatio,Palveluprosessien digitalisaatio,"HOITAJANTIE 1, 40620 Jyväskylä","Toimiala=Konsernipalvelut; Vastuualue=Tietohallinto; Palvelualue=Palveluprosessien digitalisaatio; Palveluyksikkö=Palveluprosessien digitalisaatio; Toimipiste=HOITAJANTIE 1, 40620 Jyväskylä",KESKI-SUOMEN HYVINVOINTIALUE,KESKI-SUOMEN HYVINVOINTIALUE,40620,HOITAJANTIE 1,Keski-Suomi,Suomi,Prosessikehittäjä,+358142000907,+35844100907,tuula.nykanen,SYN-HYVAKS-000025,,,SMTP:tuula.nykanen@example.invalid,,,fi-FI,Aktiivinen,synthetic-development-data
Laukaa,Keski-Suomen hyvinvointialue,Palveluprosessien digitalisaatio,Moilanen Laura,laura.moilanen@example.invalid,SYN-HYVAKS-000908,Määräaikainen,2006-02-25,Toimipiste,"Hyvinvointialue, Keski-Suomi",Konsernipalvelut,Tietohallinto,Palveluprosessien digitalisaatio,Palveluprosessien digitalisaatio,"TERVEYSTIE 5, 41340 Laukaa","Toimiala=Konsernipalvelut; Vastuualue=Tietohallinto; Palvelualue=Palveluprosessien digitalisaatio; Palveluyksikkö=Palveluprosessien digitalisaatio; Toimipiste=TERVEYSTIE 5, 41340 Laukaa",KESKI-SUOMEN HYVINVOINTIALUE,KESKI-SUOMEN HYVINVOINTIALUE,41340,TERVEYSTIE 5,Keski-Suomi,Suomi,Prosessikehittäjä,+358142000908,+35845100908,laura.moilanen,SYN-HYVAKS-000027,,,SMTP:laura.moilanen@example.invalid,,,fi-FI,Aktiivinen,synthetic-development-data
Jyväskylä,Keski-Suomen hyvinvointialue,Projektit ja kehittäminen,Mäkelä Emilia,emilia.makela@example.invalid,SYN-HYVAKS-000909,Vakituinen,2018-04-05,Toimipiste,"Hyvinvointialue, Keski-Suomi",Konsernipalvelut,Tietohallinto,Projektit ja kehittäminen,Projektit ja kehittäminen,"HYVINVOINTIKATU 12, 40100 Jyväskylä","Toimiala=Konsernipalvelut; Vastuualue=Tietohallinto; Palvelualue=Projektit ja kehittäminen; Palveluyksikkö=Projektit ja kehittäminen; Toimipiste=HYVINVOINTIKATU 12, 40100 Jyväskylä",KESKI-SUOMEN HYVINVOINTIALUE,KESKI-SUOMEN HYVINVOINTIALUE,40100,HYVINVOINTIKATU 12,Keski-Suomi,Suomi,Tuoteomistaja,+358142000909,+35850100909,emilia.makela,SYN-HYVAKS-000020,,,SMTP:emilia.makela@example.invalid,,,fi-FI,Aktiivinen,synthetic-development-data
Keuruu,Keski-Suomen hyvinvointialue,Tilapalveluiden johtaminen,Räsänen Riikka,riikka.rasanen@example.invalid,SYN-HYVAKS-000910,Vakituinen,2021-02-26,Toimipiste,"Hyvinvointialue, Keski-Suomi",Konsernipalvelut,Tilapalvelut,Tilapalveluiden johtaminen,Tilapalveluiden johtaminen,"PALVELUTIE 3, 42700 Keuruu","Toimiala=Konsernipalvelut; Vastuualue=Tilapalvelut; Palvelualue=Tilapalveluiden johtaminen; Palveluyksikkö=Tilapalveluiden johtaminen; Toimipiste=PALVELUTIE 3, 42700 Keuruu",KESKI-SUOMEN HYVINVOINTIALUE,KESKI-SUOMEN HYVINVOINTIALUE,42700,PALVELUTIE 3,Keski-Suomi,Suomi,Huoltoinsinööri,+358142000910,+35850100910,riikka.rasanen,SYN-HYVAKS-000034,,,SMTP:riikka.rasanen@example.invalid,,,fi-FI,Aktiivinen,synthetic-development-data
Keuruu,Keski-Suomen hyvinvointialue,Tilapalveluiden johtaminen,Lahtinen Minna,minna.lahtinen@example.invalid,SYN-HYVAKS-000911,Vakituinen,2015-09-26,Toimipiste,"Hyvinvointialue, Keski-Suomi",Konsernipalvelut,Tilapalvelut,Tilapalveluiden johtaminen,Tilapalveluiden johtaminen,"PALVELUTIE 3, 42700 Keuruu","Toimiala=Konsernipalvelut; Vastuualue=Tilapalvelut; Palvelualue=Tilapalveluiden johtaminen; Palveluyksikkö=Tilapalveluiden johtaminen; Toimipiste=PALVELUTIE 3, 42700 Keuruu",KESKI-SUOMEN HYVINVOINTIALUE,KESKI-SUOMEN HYVINVOINTIALUE,42700,PALVELUTIE 3,Keski-Suomi,Suomi,Huoltoinsinööri,+358142000911,+35850100911,minna.lahtinen,SYN-HYVAKS-000034,,,SMTP:minna.lahtinen@example.invalid,,,fi-FI,Aktiivinen,synthetic-development-data
Jämsä,Keski-Suomen hyvinvointialue,Tietohallintopalvelut,Ojala Sampo,sampo.ojala3@example.invalid,SYN-HYVAKS-000912,Vakituinen,2010-03-01,Toimipiste,"Hyvinvointialue, Keski-Suomi",Konsernipalvelut,Tietohallinto,Tietohallintopalvelut,Tietohallintopalvelut,"SAIRAALANTIE 8, 42100 Jämsä","Toimiala=Konsernipalvelut; Vastuualue=Tietohallinto; Palvelualue=Tietohallintopalvelut; Palveluyksikkö=Tietohallintopalvelut; Toimipiste=SAIRAALANTIE 8, 42100 Jämsä",KESKI-SUOMEN HYVINVOINTIALUE,KESKI-SUOMEN HYVINVOINTIALUE,42100,SAIRAALANTIE 8,Keski-Suomi,Suomi,Tietohallinnon asiantuntija,+358142000912,+35845100912,sampo.ojala3,SYN-HYVAKS-000016,,,SMTP:sampo.ojala3@example.invalid,,,fi-FI,Aktiivinen,synthetic-development-data
Äänekoski,Keski-Suomen hyvinvointialue,Tietohallintopalvelut,Mäkelä Sami,sami.makela@example.invalid,SYN-HYVAKS-000913,Vakituinen,2026-06-19,Toimipiste,"Hyvinvointialue, Keski-Suomi",Konsernipalvelut,Tietohallinto,Tietohallintopalvelut,Tietohallintopalvelut,"KESKUSKATU 14, 44100 Äänekoski","Toimiala=Konsernipalvelut; Vastuualue=Tietohallinto; Palvelualue=Tietohallintopalvelut; Palveluyksikkö=Tietohallintopalvelut; Toimipiste=KESKUSKATU 14, 44100 Äänekoski",KESKI-SUOMEN HYVINVOINTIALUE,KESKI-SUOMEN HYVINVOINTIALUE,44100,KESKUSKATU 14,Keski-Suomi,Suomi,Järjestelmäasiantuntija,+358142000913,+35845100913,sami.makela,SYN-HYVAKS-000017,,,SMTP:sami.makela@example.invalid,,,fi-FI,Aktiivinen,synthetic-development-data
Jyväskylä,Keski-Suomen hyvinvointialue,Teknologiapalvelut,Leppänen Jukka,jukka.leppanen@example.invalid,SYN-HYVAKS-000914,Vakituinen,2007-01-05,Toimipiste,"Hyvinvointialue, Keski-Suomi",Konsernipalvelut,Tietohallinto,Teknologiapalvelut,Teknologiapalvelut,"HYVINVOINTIKATU 12, 40100 Jyväskylä","Toimiala=Konsernipalvelut; Vastuualue=Tietohallinto; Palvelualue=Teknologiapalvelut; Palveluyksikkö=Teknologiapalvelut; Toimipiste=HYVINVOINTIKATU 12, 40100 Jyväskylä",KESKI-SUOMEN HYVINVOINTIALUE,KESKI-SUOMEN HYVINVOINTIALUE,40100,HYVINVOINTIKATU 12,Keski-Suomi,Suomi,Järjestelmäasiantuntija,+358142000914,+35844100914,jukka.leppanen,SYN-HYVAKS-000022,,,SMTP:jukka.leppanen@example.invalid,,,fi-FI,Aktiivinen,synthetic-development-data
Keuruu,Keski-Suomen hyvinvointialue,Tilapalveluiden johtaminen,Savolainen Aino,aino.savolainen@example.invalid,SYN-HYVAKS-000915,Vakituinen,2023-11-27,Toimipiste,"Hyvinvointialue, Keski-Suomi",Konsernipalvelut,Tilapalvelut,Tilapalveluiden johtaminen,Tilapalveluiden johtaminen,"PALVELUTIE 3, 42700 Keuruu","Toimiala=Konsernipalvelut; Vastuualue=Tilapalvelut; Palvelualue=Tilapalveluiden johtaminen; Palveluyksikkö=Tilapalveluiden johtaminen; Toimipiste=PALVELUTIE 3, 42700 Keuruu",KESKI-SUOMEN HYVINVOINTIALUE,KESKI-SUOMEN HYVINVOINTIALUE,42700,PALVELUTIE 3,Keski-Suomi,Suomi,Kiinteistöasiantuntija,+358142000915,+35840100915,aino.savolainen,SYN-HYVAKS-000034,,,SMTP:aino.savolainen@example.invalid,,,fi-FI,Aktiivinen,synthetic-development-data
Jämsä,Keski-Suomen hyvinvointialue,Tilapalveluiden johtaminen,Hakala Sanna,sanna.hakala2@example.invalid,SYN-HYVAKS-000916,Vakituinen,2022-12-16,Toimipiste,"Hyvinvointialue, Keski-Suomi",Konsernipalvelut,Tilapalvelut,Tilapalveluiden johtaminen,Tilapalveluiden johtaminen,"SAIRAALANTIE 8, 42100 Jämsä","Toimiala=Konsernipalvelut; Vastuualue=Tilapalvelut; Palvelualue=Tilapalveluiden johtaminen; Palveluyksikkö=Tilapalveluiden johtaminen; Toimipiste=SAIRAALANTIE 8, 42100 Jämsä",KESKI-SUOMEN HYVINVOINTIALUE,KESKI-SUOMEN HYVINVOINTIALUE,42100,SAIRAALANTIE 8,Keski-Suomi,Suomi,Huoltoinsinööri,+358142000916,+35850100916,sanna.hakala2,SYN-HYVAKS-000032,,,SMTP:sanna.hakala2@example.invalid,,,fi-FI,Aktiivinen,synthetic-development-data
Laukaa,Keski-Suomen hyvinvointialue,Palveluprosessien digitalisaatio,Räsänen Kaisa,kaisa.rasanen@example.invalid,SYN-HYVAKS-000917,Vakituinen,2003-08-16,Toimipiste,"Hyvinvointialue, Keski-Suomi",Konsernipalvelut,Tietohallinto,Palveluprosessien digitalisaatio,Palveluprosessien digitalisaatio,"TERVEYSTIE 5, 41340 Laukaa","Toimiala=Konsernipalvelut; Vastuualue=Tietohallinto; Palvelualue=Palveluprosessien digitalisaatio; Palveluyksikkö=Palveluprosessien digitalisaatio; Toimipiste=TERVEYSTIE 5, 41340 Laukaa",KESKI-SUOMEN HYVINVOINTIALUE,KESKI-SUOMEN HYVINVOINTIALUE,41340,TERVEYSTIE 5,Keski-Suomi,Suomi,Integraatioasiantuntija,+358142000917,+35850100917,kaisa.rasanen,SYN-HYVAKS-000027,,,SMTP:kaisa.rasanen@example.invalid,,,fi-FI,Aktiivinen,synthetic-development-data
Jyväskylä,Keski-Suomen hyvinvointialue,Tilapalveluiden johtaminen,Savolainen Meri,meri.savolainen@example.invalid,SYN-HYVAKS-000918,Vakituinen,2015-03-06,Toimipiste,"Hyvinvointialue, Keski-Suomi",Konsernipalvelut,Tilapalvelut,Tilapalveluiden johtaminen,Tilapalveluiden johtaminen,"HYVINVOINTIKATU 12, 40100 Jyväskylä","Toimiala=Konsernipalvelut; Vastuualue=Tilapalvelut; Palvelualue=Tilapalveluiden johtaminen; Palveluyksikkö=Tilapalveluiden johtaminen; Toimipiste=HYVINVOINTIKATU 12, 40100 Jyväskylä",KESKI-SUOMEN HYVINVOINTIALUE,KESKI-SUOMEN HYVINVOINTIALUE,40100,HYVINVOINTIKATU 12,Keski-Suomi,Suomi,Kiinteistöasiantuntija,+358142000918,+35845100918,meri.savolainen,SYN-HYVAKS-000031,,,SMTP:meri.savolainen@example.invalid,,,fi-FI,Aktiivinen,synthetic-development-data
Jyväskylä,Keski-Suomen hyvinvointialue,Tietohallinto yhteiset,Jokinen Olli,olli.jokinen@example.invalid,SYN-HYVAKS-000919,Määräaikainen,2019-03-26,Toimipiste,"Hyvinvointialue, Keski-Suomi",Konsernipalvelut,Tietohallinto,Tietohallinto yhteiset,Tietohallinto yhteiset,"HOITAJANTIE 1, 40620 Jyväskylä","Toimiala=Konsernipalvelut; Vastuualue=Tietohallinto; Palvelualue=Tietohallinto yhteiset; Palveluyksikkö=Tietohallinto yhteiset; Toimipiste=HOITAJANTIE 1, 40620 Jyväskylä",KESKI-SUOMEN HYVINVOINTIALUE,KESKI-SUOMEN HYVINVOINTIALUE,40620,HOITAJANTIE 1,Keski-Suomi,Suomi,Tietohallinnon suunnittelija,+358142000919,+35844100919,olli.jokinen,SYN-HYVAKS-000013,,,SMTP:olli.jokinen@example.invalid,,,fi-FI,Aktiivinen,synthetic-development-data
Jämsä,Keski-Suomen hyvinvointialue,Tilapalveluiden johtaminen,Pitkänen Vesa,vesa.pitkanen@example.invalid,SYN-HYVAKS-000920,Vakituinen,2004-12-18,Toimipiste,"Hyvinvointialue, Keski-Suomi",Konsernipalvelut,Tilapalvelut,Tilapalveluiden johtaminen,Tilapalveluiden johtaminen,"SAIRAALANTIE 8, 42100 Jämsä","Toimiala=Konsernipalvelut; Vastuualue=Tilapalvelut; Palvelualue=Tilapalveluiden johtaminen; Palveluyksikkö=Tilapalveluiden johtaminen; Toimipiste=SAIRAALANTIE 8, 42100 Jämsä",KESKI-SUOMEN HYVINVOINTIALUE,KESKI-SUOMEN HYVINVOINTIALUE,42100,SAIRAALANTIE 8,Keski-Suomi,Suomi,Kiinteistöasiantuntija,+358142000920,+35845100920,vesa.pitkanen,SYN-HYVAKS-000032,,,SMTP:vesa.pitkanen@example.invalid,,,fi-FI,Aktiivinen,synthetic-development-data
Karstula,Keski-Suomen hyvinvointialue,Tilapalveluiden johtaminen,Sipilä Sakari,sakari.sipila@example.invalid,SYN-HYVAKS-000921,Määräaikainen,2018-05-30,Toimipiste,"Hyvinvointialue, Keski-Suomi",Konsernipalvelut,Tilapalvelut,Tilapalveluiden johtaminen,Tilapalveluiden johtaminen,"HYVINVOINTITIE 6, 43500 Karstula","Toimiala=Konsernipalvelut; Vastuualue=Tilapalvelut; Palvelualue=Tilapalveluiden johtaminen; Palveluyksikkö=Tilapalveluiden johtaminen; Toimipiste=HYVINVOINTITIE 6, 43500 Karstula",KESKI-SUOMEN HYVINVOINTIALUE,KESKI-SUOMEN HYVINVOINTIALUE,43500,HYVINVOINTITIE 6,Keski-Suomi,Suomi,Kiinteistöasiantuntija,+358142000921,+35844100921,sakari.sipila,SYN-HYVAKS-000035,,,SMTP:sakari.sipila@example.invalid,,,fi-FI,Aktiivinen,synthetic-development-data
Jyväskylä,Keski-Suomen hyvinvointialue,Palveluprosessien digitalisaatio,Ojala Anni,anni.ojala@example.invalid,SYN-HYVAKS-000922,Vakituinen,2021-10-06,Toimipiste,"Hyvinvointialue, Keski-Suomi",Konsernipalvelut,Tietohallinto,Palveluprosessien digitalisaatio,Palveluprosessien digitalisaatio,"HYVINVOINTIKATU 12, 40100 Jyväskylä","Toimiala=Konsernipalvelut; Vastuualue=Tietohallinto; Palvelualue=Palveluprosessien digitalisaatio; Palveluyksikkö=Palveluprosessien digitalisaatio; Toimipiste=HYVINVOINTIKATU 12, 40100 Jyväskylä",KESKI-SUOMEN HYVINVOINTIALUE,KESKI-SUOMEN HYVINVOINTIALUE,40100,HYVINVOINTIKATU 12,Keski-Suomi,Suomi,Tietoasiantuntija,+358142000922,+35850100922,anni.ojala,SYN-HYVAKS-000026,,,SMTP:anni.ojala@example.invalid,,,fi-FI,Aktiivinen,synthetic-development-data
Jämsä,Keski-Suomen hyvinvointialue,Teknologiapalvelut,Ylitalo Saara,saara.ylitalo@example.invalid,SYN-HYVAKS-000923,Vakituinen,2008-03-02,Toimipiste,"Hyvinvointialue, Keski-Suomi",Konsernipalvelut,Tietohallinto,Teknologiapalvelut,Teknologiapalvelut,"SAIRAALANTIE 8, 42100 Jämsä","Toimiala=Konsernipalvelut; Vastuualue=Tietohallinto; Palvelualue=Teknologiapalvelut; Palveluyksikkö=Teknologiapalvelut; Toimipiste=SAIRAALANTIE 8, 42100 Jämsä",KESKI-SUOMEN HYVINVOINTIALUE,KESKI-SUOMEN HYVINVOINTIALUE,42100,SAIRAALANTIE 8,Keski-Suomi,Suomi,Tietoturva-asiantuntija,+358142000923,+35844100923,saara.ylitalo,SYN-HYVAKS-000023,,,SMTP:saara.ylitalo@example.invalid,,,fi-FI,Aktiivinen,synthetic-development-data
Jyväskylä,Keski-Suomen hyvinvointialue,Teknologiapalvelut,Salonen Saara,saara.salonen@example.invalid,SYN-HYVAKS-000924,Osa-aikainen,2002-04-09,Toimipiste,"Hyvinvointialue, Keski-Suomi",Konsernipalvelut,Tietohallinto,Teknologiapalvelut,Teknologiapalvelut,"HYVINVOINTIKATU 12, 40100 Jyväskylä","Toimiala=Konsernipalvelut; Vastuualue=Tietohallinto; Palvelualue=Teknologiapalvelut; Palveluyksikkö=Teknologiapalvelut; Toimipiste=HYVINVOINTIKATU 12, 40100 Jyväskylä",KESKI-SUOMEN HYVINVOINTIALUE,KESKI-SUOMEN HYVINVOINTIALUE,40100,HYVINVOINTIKATU 12,Keski-Suomi,Suomi,Konesaliasiantuntija,+358142000924,+35840100924,saara.salonen,SYN-HYVAKS-000022,,,SMTP:saara.salonen@example.invalid,,,fi-FI,Aktiivinen,synthetic-development-data
Äänekoski,Keski-Suomen hyvinvointialue,Teknologiapalvelut,Hämäläinen Leena,leena.hamalainen@example.invalid,SYN-HYVAKS-000925,Vakituinen,2013-08-23,Toimipiste,"Hyvinvointialue, Keski-Suomi",Konsernipalvelut,Tietohallinto,Teknologiapalvelut,Teknologiapalvelut,"KESKUSKATU 14, 44100 Äänekoski","Toimiala=Konsernipalvelut; Vastuualue=Tietohallinto; Palvelualue=Teknologiapalvelut; Palveluyksikkö=Teknologiapalvelut; Toimipiste=KESKUSKATU 14, 44100 Äänekoski",KESKI-SUOMEN HYVINVOINTIALUE,KESKI-SUOMEN HYVINVOINTIALUE,44100,KESKUSKATU 14,Keski-Suomi,Suomi,Verkkoasiantuntija,+358142000925,+35840100925,leena.hamalainen,SYN-HYVAKS-000024,,,SMTP:leena.hamalainen@example.invalid,,,fi-FI,Aktiivinen,synthetic-development-data
Viitasaari,Keski-Suomen hyvinvointialue,Tilapalveluiden johtaminen,Heikkilä Sari,sari.heikkila@example.invalid,SYN-HYVAKS-000926,Vakituinen,2009-05-24,Toimipiste,"Hyvinvointialue, Keski-Suomi",Konsernipalvelut,Tilapalvelut,Tilapalveluiden johtaminen,Tilapalveluiden johtaminen,"TERVEYSKESKUKSENTIE 2, 44500 Viitasaari","Toimiala=Konsernipalvelut; Vastuualue=Tilapalvelut; Palvelualue=Tilapalveluiden johtaminen; Palveluyksikkö=Tilapalveluiden johtaminen; Toimipiste=TERVEYSKESKUKSENTIE 2, 44500 Viitasaari",KESKI-SUOMEN HYVINVOINTIALUE,KESKI-SUOMEN HYVINVOINTIALUE,44500,TERVEYSKESKUKSENTIE 2,Keski-Suomi,Suomi,Kiinteistöasiantuntija,+358142000926,+35844100926,sari.heikkila,SYN-HYVAKS-000036,,,SMTP:sari.heikkila@example.invalid,,,fi-FI,Passiivinen,synthetic-development-data
Jyväskylä,Keski-Suomen hyvinvointialue,Projektit ja kehittäminen,Kolehmainen Johanna,johanna.kolehmainen@example.invalid,SYN-HYVAKS-000927,Vakituinen,2016-06-05,Toimipiste,"Hyvinvointialue, Keski-Suomi",Konsernipalvelut,Tietohallinto,Projektit ja kehittäminen,Projektit ja kehittäminen,"HOITAJANTIE 1, 40620 Jyväskylä","Toimiala=Konsernipalvelut; Vastuualue=Tietohallinto; Palvelualue=Projektit ja kehittäminen; Palveluyksikkö=Projektit ja kehittäminen; Toimipiste=HOITAJANTIE 1, 40620 Jyväskylä",KESKI-SUOMEN HYVINVOINTIALUE,KESKI-SUOMEN HYVINVOINTIALUE,40620,HOITAJANTIE 1,Keski-Suomi,Suomi,Projektisuunnittelija,+358142000927,+35840100927,johanna.kolehmainen,SYN-HYVAKS-000019,,,SMTP:johanna.kolehmainen@example.invalid,,,en-US,Aktiivinen,synthetic-development-data
Jyväskylä,Keski-Suomen hyvinvointialue,Tietohallinto yhteiset,Aaltonen Leena,leena.aaltonen@example.invalid,SYN-HYVAKS-000928,Vakituinen,2003-12-03,Toimipiste,"Hyvinvointialue, Keski-Suomi",Konsernipalvelut,Tietohallinto,Tietohallinto yhteiset,Tietohallinto yhteiset,"HYVINVOINTIKATU 12, 40100 Jyväskylä","Toimiala=Konsernipalvelut; Vastuualue=Tietohallinto; Palvelualue=Tietohallinto yhteiset; Palveluyksikkö=Tietohallinto yhteiset; Toimipiste=HYVINVOINTIKATU 12, 40100 Jyväskylä",KESKI-SUOMEN HYVINVOINTIALUE,KESKI-SUOMEN HYVINVOINTIALUE,40100,HYVINVOINTIKATU 12,Keski-Suomi,Suomi,Hallinnon asiantuntija,+358142000928,+35844100928,leena.aaltonen,SYN-HYVAKS-000014,,,SMTP:leena.aaltonen@example.invalid,,,fi-FI,Aktiivinen,synthetic-development-data
Jyväskylä,Keski-Suomen hyvinvointialue,Tilapalveluiden johtaminen,Aaltonen Leena,leena.aaltonen2@example.invalid,SYN-HYVAKS-000929,Vakituinen,2026-02-09,Toimipiste,"Hyvinvointialue, Keski-Suomi",Konsernipalvelut,Tilapalvelut,Tilapalveluiden johtaminen,Tilapalveluiden johtaminen,"HYVINVOINTIKATU 12, 40100 Jyväskylä","Toimiala=Konsernipalvelut; Vastuualue=Tilapalvelut; Palvelualue=Tilapalveluiden johtaminen; Palveluyksikkö=Tilapalveluiden johtaminen; Toimipiste=HYVINVOINTIKATU 12, 40100 Jyväskylä",KESKI-SUOMEN HYVINVOINTIALUE,KESKI-SUOMEN HYVINVOINTIALUE,40100,HYVINVOINTIKATU 12,Keski-Suomi,Suomi,Kiinteistöasiantuntija,+358142000929,+35845100929,leena.aaltonen2,SYN-HYVAKS-000031,,,SMTP:leena.aaltonen2@example.invalid,,,fi-FI,Aktiivinen,synthetic-development-data
Jyväskylä,Keski-Suomen hyvinvointialue,Projektit ja kehittäminen,Roiha Katri,katri.roiha@example.invalid,SYN-HYVAKS-000930,Vakituinen,1999-01-26,Toimipiste,"Hyvinvointialue, Keski-Suomi",Konsernipalvelut,Tietohallinto,Projektit ja kehittäminen,Projektit ja kehittäminen,"HOITAJANTIE 1, 40620 Jyväskylä","Toimiala=Konsernipalvelut; Vastuualue=Tietohallinto; Palvelualue=Projektit ja kehittäminen; Palveluyksikkö=Projektit ja kehittäminen; Toimipiste=HOITAJANTIE 1, 40620 Jyväskylä",KESKI-SUOMEN HYVINVOINTIALUE,KESKI-SUOMEN HYVINVOINTIALUE,40620,HOITAJANTIE 1,Keski-Suomi,Suomi,Tuoteomistaja,+358142000930,+35840100930,katri.roiha,SYN-HYVAKS-000019,,,SMTP:katri.roiha@example.invalid,,,fi-FI,Aktiivinen,synthetic-development-data
Jyväskylä,Keski-Suomen hyvinvointialue,Tietohallinto yhteiset,Saarinen Aino,aino.saarinen@example.invalid,SYN-HYVAKS-000931,Vakituinen,2021-11-30,Toimipiste,"Hyvinvointialue, Keski-Suomi",Konsernipalvelut,Tietohallinto,Tietohallinto yhteiset,Tietohallinto yhteiset,"HOITAJANTIE 1, 40620 Jyväskylä","Toimiala=Konsernipalvelut; Vastuualue=Tietohallinto; Palvelualue=Tietohallinto yhteiset; Palveluyksikkö=Tietohallinto yhteiset; Toimipiste=HOITAJANTIE 1, 40620 Jyväskylä",KESKI-SUOMEN HYVINVOINTIALUE,KESKI-SUOMEN HYVINVOINTIALUE,40620,HOITAJANTIE 1,Keski-Suomi,Suomi,Tietohallinnon suunnittelija,+358142000931,+35844100931,aino.saarinen,SYN-HYVAKS-000013,,,SMTP:aino.saarinen@example.invalid,,,fi-FI,Aktiivinen,synthetic-development-data
Jyväskylä,Keski-Suomen hyvinvointialue,Teknologiapalvelut,Pitkänen Paula,paula.pitkanen@example.invalid,SYN-HYVAKS-000932,Vakituinen,2022-03-04,Toimipiste,"Hyvinvointialue, Keski-Suomi",Konsernipalvelut,Tietohallinto,Teknologiapalvelut,Teknologiapalvelut,"HYVINVOINTIKATU 12, 40100 Jyväskylä","Toimiala=Konsernipalvelut; Vastuualue=Tietohallinto; Palvelualue=Teknologiapalvelut; Palveluyksikkö=Teknologiapalvelut; Toimipiste=HYVINVOINTIKATU 12, 40100 Jyväskylä",KESKI-SUOMEN HYVINVOINTIALUE,KESKI-SUOMEN HYVINVOINTIALUE,40100,HYVINVOINTIKATU 12,Keski-Suomi,Suomi,Konesaliasiantuntija,+358142000932,+35845100932,paula.pitkanen,SYN-HYVAKS-000022,,,SMTP:paula.pitkanen@example.invalid,,,fi-FI,Aktiivinen,synthetic-development-data
Laukaa,Keski-Suomen hyvinvointialue,Tietohallintopalvelut,Uusitalo Saara,saara.uusitalo2@example.invalid,SYN-HYVAKS-000933,Vakituinen,2019-12-27,Toimipiste,"Hyvinvointialue, Keski-Suomi",Konsernipalvelut,Tietohallinto,Tietohallintopalvelut,Tietohallintopalvelut,"TERVEYSTIE 5, 41340 Laukaa","Toimiala=Konsernipalvelut; Vastuualue=Tietohallinto; Palvelualue=Tietohallintopalvelut; Palveluyksikkö=Tietohallintopalvelut; Toimipiste=TERVEYSTIE 5, 41340 Laukaa",KESKI-SUOMEN HYVINVOINTIALUE,KESKI-SUOMEN HYVINVOINTIALUE,41340,TERVEYSTIE 5,Keski-Suomi,Suomi,Tietohallinnon asiantuntija,+358142000933,+35840100933,saara.uusitalo2,SYN-HYVAKS-000018,,,SMTP:saara.uusitalo2@example.invalid,,,fi-FI,Aktiivinen,synthetic-development-data
Jyväskylä,Keski-Suomen hyvinvointialue,Teknologiapalvelut,Hakala Katri,katri.hakala@example.invalid,SYN-HYVAKS-000934,Määräaikainen,2006-04-30,Toimipiste,"Hyvinvointialue, Keski-Suomi",Konsernipalvelut,Tietohallinto,Teknologiapalvelut,Teknologiapalvelut,"HOITAJANTIE 1, 40620 Jyväskylä","Toimiala=Konsernipalvelut; Vastuualue=Tietohallinto; Palvelualue=Teknologiapalvelut; Palveluyksikkö=Teknologiapalvelut; Toimipiste=HOITAJANTIE 1, 40620 Jyväskylä",KESKI-SUOMEN HYVINVOINTIALUE,KESKI-SUOMEN HYVINVOINTIALUE,40620,HOITAJANTIE 1,Keski-Suomi,Suomi,Palveluarkkitehti,+358142000934,+35850100934,katri.hakala,SYN-HYVAKS-000021,,,SMTP:katri.hakala@example.invalid,,,fi-FI,Aktiivinen,synthetic-development-data
Keuruu,Keski-Suomen hyvinvointialue,Tilapalveluiden johtaminen,Ojala Ville,ville.ojala@example.invalid,SYN-HYVAKS-000935,Vakituinen,2021-02-06,Toimipiste,"Hyvinvointialue, Keski-Suomi",Konsernipalvelut,Tilapalvelut,Tilapalveluiden johtaminen,Tilapalveluiden johtaminen,"PALVELUTIE 3, 42700 Keuruu","Toimiala=Konsernipalvelut; Vastuualue=Tilapalvelut; Palvelualue=Tilapalveluiden johtaminen; Palveluyksikkö=Tilapalveluiden johtaminen; Toimipiste=PALVELUTIE 3, 42700 Keuruu",KESKI-SUOMEN HYVINVOINTIALUE,KESKI-SUOMEN HYVINVOINTIALUE,42700,PALVELUTIE 3,Keski-Suomi,Suomi,Kiinteistöasiantuntija,+358142000935,+35850100935,ville.ojala,SYN-HYVAKS-000034,,,SMTP:ville.ojala@example.invalid,,,fi-FI,Aktiivinen,synthetic-development-data
Jyväskylä,Keski-Suomen hyvinvointialue,Teknologiapalvelut,Mäkelä Outi,outi.makela@example.invalid,SYN-HYVAKS-000936,Vakituinen,2003-06-29,Toimipiste,"Hyvinvointialue, Keski-Suomi",Konsernipalvelut,Tietohallinto,Teknologiapalvelut,Teknologiapalvelut,"HYVINVOINTIKATU 12, 40100 Jyväskylä","Toimiala=Konsernipalvelut; Vastuualue=Tietohallinto; Palvelualue=Teknologiapalvelut; Palveluyksikkö=Teknologiapalvelut; Toimipiste=HYVINVOINTIKATU 12, 40100 Jyväskylä",KESKI-SUOMEN HYVINVOINTIALUE,KESKI-SUOMEN HYVINVOINTIALUE,40100,HYVINVOINTIKATU 12,Keski-Suomi,Suomi,Konesaliasiantuntija,+358142000936,+35844100936,outi.makela,SYN-HYVAKS-000022,,,SMTP:outi.makela@example.invalid,,,fi-FI,Aktiivinen,synthetic-development-data
Jyväskylä,Keski-Suomen hyvinvointialue,Teknologiapalvelut,Miettinen Johanna,johanna.miettinen@example.invalid,SYN-HYVAKS-000937,Vakituinen,2011-05-11,Toimipiste,"Hyvinvointialue, Keski-Suomi",Konsernipalvelut,Tietohallinto,Teknologiapalvelut,Teknologiapalvelut,"HOITAJANTIE 1, 40620 Jyväskylä","Toimiala=Konsernipalvelut; Vastuualue=Tietohallinto; Palvelualue=Teknologiapalvelut; Palveluyksikkö=Teknologiapalvelut; Toimipiste=HOITAJANTIE 1, 40620 Jyväskylä",KESKI-SUOMEN HYVINVOINTIALUE,KESKI-SUOMEN HYVINVOINTIALUE,40620,HOITAJANTIE 1,Keski-Suomi,Suomi,Tietoturva-asiantuntija,+358142000937,+35840100937,johanna.miettinen,SYN-HYVAKS-000021,,,SMTP:johanna.miettinen@example.invalid,,,fi-FI,Aktiivinen,synthetic-development-data
Viitasaari,Keski-Suomen hyvinvointialue,Tilapalveluiden johtaminen,Kallio Henna,henna.kallio3@example.invalid,SYN-HYVAKS-000938,Määräaikainen,2017-04-15,Toimipiste,"Hyvinvointialue, Keski-Suomi",Konsernipalvelut,Tilapalvelut,Tilapalveluiden johtaminen,Tilapalveluiden johtaminen,"TERVEYSKESKUKSENTIE 2, 44500 Viitasaari","Toimiala=Konsernipalvelut; Vastuualue=Tilapalvelut; Palvelualue=Tilapalveluiden johtaminen; Palveluyksikkö=Tilapalveluiden johtaminen; Toimipiste=TERVEYSKESKUKSENTIE 2, 44500 Viitasaari",KESKI-SUOMEN HYVINVOINTIALUE,KESKI-SUOMEN HYVINVOINTIALUE,44500,TERVEYSKESKUKSENTIE 2,Keski-Suomi,Suomi,Huoltoinsinööri,+358142000938,+35840100938,henna.kallio3,SYN-HYVAKS-000036,,,SMTP:henna.kallio3@example.invalid,,,fi-FI,Aktiivinen,synthetic-development-data
Keuruu,Keski-Suomen hyvinvointialue,Tilapalveluiden johtaminen,Ylitalo Juha,juha.ylitalo@example.invalid,SYN-HYVAKS-000939,Vakituinen,2014-12-16,Toimipiste,"Hyvinvointialue, Keski-Suomi",Konsernipalvelut,Tilapalvelut,Tilapalveluiden johtaminen,Tilapalveluiden johtaminen,"PALVELUTIE 3, 42700 Keuruu","Toimiala=Konsernipalvelut; Vastuualue=Tilapalvelut; Palvelualue=Tilapalveluiden johtaminen; Palveluyksikkö=Tilapalveluiden johtaminen; Toimipiste=PALVELUTIE 3, 42700 Keuruu",KESKI-SUOMEN HYVINVOINTIALUE,KESKI-SUOMEN HYVINVOINTIALUE,42700,PALVELUTIE 3,Keski-Suomi,Suomi,Huoltoinsinööri,+358142000939,+35840100939,juha.ylitalo,SYN-HYVAKS-000034,,,SMTP:juha.ylitalo@example.invalid,,,fi-FI,Poistuva,synthetic-development-data
Jämsä,Keski-Suomen hyvinvointialue,Tietohallintopalvelut,Kolehmainen Heli,heli.kolehmainen@example.invalid,SYN-HYVAKS-000940,Sijainen,2001-05-21,Toimipiste,"Hyvinvointialue, Keski-Suomi",Konsernipalvelut,Tietohallinto,Tietohallintopalvelut,Tietohallintopalvelut,"SAIRAALANTIE 8, 42100 Jämsä","Toimiala=Konsernipalvelut; Vastuualue=Tietohallinto; Palvelualue=Tietohallintopalvelut; Palveluyksikkö=Tietohallintopalvelut; Toimipiste=SAIRAALANTIE 8, 42100 Jämsä",KESKI-SUOMEN HYVINVOINTIALUE,KESKI-SUOMEN HYVINVOINTIALUE,42100,SAIRAALANTIE 8,Keski-Suomi,Suomi,Käyttäjätukiasiantuntija,+358142000940,+35845100940,heli.kolehmainen,SYN-HYVAKS-000016,,,SMTP:heli.kolehmainen@example.invalid,,,fi-FI,Aktiivinen,synthetic-development-data
Jyväskylä,Keski-Suomen hyvinvointialue,Tilapalveluiden johtaminen,Hämäläinen Elina,elina.hamalainen@example.invalid,SYN-HYVAKS-000941,Vakituinen,2026-01-02,Toimipiste,"Hyvinvointialue, Keski-Suomi",Konsernipalvelut,Tilapalvelut,Tilapalveluiden johtaminen,Tilapalveluiden johtaminen,"HYVINVOINTIKATU 12, 40100 Jyväskylä","Toimiala=Konsernipalvelut; Vastuualue=Tilapalvelut; Palvelualue=Tilapalveluiden johtaminen; Palveluyksikkö=Tilapalveluiden johtaminen; Toimipiste=HYVINVOINTIKATU 12, 40100 Jyväskylä",KESKI-SUOMEN HYVINVOINTIALUE,KESKI-SUOMEN HYVINVOINTIALUE,40100,HYVINVOINTIKATU 12,Keski-Suomi,Suomi,Huoltoinsinööri,+358142000941,+35845100941,elina.hamalainen,SYN-HYVAKS-000031,,,SMTP:elina.hamalainen@example.invalid,,,fi-FI,Aktiivinen,synthetic-development-data
Jämsä,Keski-Suomen hyvinvointialue,Tietohallintopalvelut,Miettinen Henna,henna.miettinen@example.invalid,SYN-HYVAKS-000942,Osa-aikainen,1998-08-25,Toimipiste,"Hyvinvointialue, Keski-Suomi",Konsernipalvelut,Tietohallinto,Tietohallintopalvelut,Tietohallintopalvelut,"SAIRAALANTIE 8, 42100 Jämsä","Toimiala=Konsernipalvelut; Vastuualue=Tietohallinto; Palvelualue=Tietohallintopalvelut; Palveluyksikkö=Tietohallintopalvelut; Toimipiste=SAIRAALANTIE 8, 42100 Jämsä",KESKI-SUOMEN HYVINVOINTIALUE,KESKI-SUOMEN HYVINVOINTIALUE,42100,SAIRAALANTIE 8,Keski-Suomi,Suomi,Järjestelmäasiantuntija,+358142000942,+35840100942,henna.miettinen,SYN-HYVAKS-000016,,,SMTP:henna.miettinen@example.invalid,,,fi-FI,Aktiivinen,synthetic-development-data
Jyväskylä,Keski-Suomen hyvinvointialue,Teknologiapalvelut,Räsänen Tiina,tiina.rasanen@example.invalid,SYN-HYVAKS-000943,Vakituinen,2001-05-01,Toimipiste,"Hyvinvointialue, Keski-Suomi",Konsernipalvelut,Tietohallinto,Teknologiapalvelut,Teknologiapalvelut,"HOITAJANTIE 1, 40620 Jyväskylä","Toimiala=Konsernipalvelut; Vastuualue=Tietohallinto; Palvelualue=Teknologiapalvelut; Palveluyksikkö=Teknologiapalvelut; Toimipiste=HOITAJANTIE 1, 40620 Jyväskylä",KESKI-SUOMEN HYVINVOINTIALUE,KESKI-SUOMEN HYVINVOINTIALUE,40620,HOITAJANTIE 1,Keski-Suomi,Suomi,Teknologia-asiantuntija,+358142000943,+35850100943,tiina.rasanen,SYN-HYVAKS-000021,,,SMTP:tiina.rasanen@example.invalid,,,fi-FI,Aktiivinen,synthetic-development-data
Jyväskylä,Keski-Suomen hyvinvointialue,Viestintäpalvelut,Miettinen Nina,nina.miettinen@example.invalid,SYN-HYVAKS-000944,Vakituinen,2004-11-17,Toimipiste,"Hyvinvointialue, Keski-Suomi",Konsernipalvelut,Viestintäpalvelut,Viestintäpalvelut,Viestintäpalvelut,"HYVINVOINTIKATU 12, 40100 Jyväskylä","Toimiala=Konsernipalvelut; Vastuualue=Viestintäpalvelut; Palvelualue=Viestintäpalvelut; Palveluyksikkö=Viestintäpalvelut; Toimipiste=HYVINVOINTIKATU 12, 40100 Jyväskylä",KESKI-SUOMEN HYVINVOINTIALUE,KESKI-SUOMEN HYVINVOINTIALUE,40100,HYVINVOINTIKATU 12,Keski-Suomi,Suomi,Sisällöntuottaja,+358142000944,+35850100944,nina.miettinen,SYN-HYVAKS-000029,,,SMTP:nina.miettinen@example.invalid,,,fi-FI,Aktiivinen,synthetic-development-data
Jyväskylä,Keski-Suomen hyvinvointialue,Teknologiapalvelut,Pitkänen Tuula,tuula.pitkanen2@example.invalid,SYN-HYVAKS-000945,Osa-aikainen,1998-11-24,Toimipiste,"Hyvinvointialue, Keski-Suomi",Konsernipalvelut,Tietohallinto,Teknologiapalvelut,Teknologiapalvelut,"HOITAJANTIE 1, 40620 Jyväskylä","Toimiala=Konsernipalvelut; Vastuualue=Tietohallinto; Palvelualue=Teknologiapalvelut; Palveluyksikkö=Teknologiapalvelut; Toimipiste=HOITAJANTIE 1, 40620 Jyväskylä",KESKI-SUOMEN HYVINVOINTIALUE,KESKI-SUOMEN HYVINVOINTIALUE,40620,HOITAJANTIE 1,Keski-Suomi,Suomi,Konesaliasiantuntija,+358142000945,+35844100945,tuula.pitkanen2,SYN-HYVAKS-000021,,,SMTP:tuula.pitkanen2@example.invalid,,,fi-FI,Aktiivinen,synthetic-development-data
Laukaa,Keski-Suomen hyvinvointialue,Tietohallintopalvelut,Takala Anni,anni.takala@example.invalid,SYN-HYVAKS-000946,Vakituinen,2009-05-03,Toimipiste,"Hyvinvointialue, Keski-Suomi",Konsernipalvelut,Tietohallinto,Tietohallintopalvelut,Tietohallintopalvelut,"TERVEYSTIE 5, 41340 Laukaa","Toimiala=Konsernipalvelut; Vastuualue=Tietohallinto; Palvelualue=Tietohallintopalvelut; Palveluyksikkö=Tietohallintopalvelut; Toimipiste=TERVEYSTIE 5, 41340 Laukaa",KESKI-SUOMEN HYVINVOINTIALUE,KESKI-SUOMEN HYVINVOINTIALUE,41340,TERVEYSTIE 5,Keski-Suomi,Suomi,Tietohallinnon asiantuntija,+358142000946,+35845100946,anni.takala,SYN-HYVAKS-000018,,,SMTP:anni.takala@example.invalid,,,fi-FI,Aktiivinen,synthetic-development-data
Jämsä,Keski-Suomen hyvinvointialue,Tietohallintopalvelut,Peltonen Juha,juha.peltonen@example.invalid,SYN-HYVAKS-000947,Vakituinen,2018-07-28,Toimipiste,"Hyvinvointialue, Keski-Suomi",Konsernipalvelut,Tietohallinto,Tietohallintopalvelut,Tietohallintopalvelut,"SAIRAALANTIE 8, 42100 Jämsä","Toimiala=Konsernipalvelut; Vastuualue=Tietohallinto; Palvelualue=Tietohallintopalvelut; Palveluyksikkö=Tietohallintopalvelut; Toimipiste=SAIRAALANTIE 8, 42100 Jämsä",KESKI-SUOMEN HYVINVOINTIALUE,KESKI-SUOMEN HYVINVOINTIALUE,42100,SAIRAALANTIE 8,Keski-Suomi,Suomi,Järjestelmäasiantuntija,+358142000947,+35844100947,juha.peltonen,SYN-HYVAKS-000016,,,SMTP:juha.peltonen@example.invalid,,,fi-FI,Aktiivinen,synthetic-development-data
Äänekoski,Keski-Suomen hyvinvointialue,Tietohallintopalvelut,Niemi Tomi,tomi.niemi@example.invalid,SYN-HYVAKS-000948,Vakituinen,2010-12-31,Toimipiste,"Hyvinvointialue, Keski-Suomi",Konsernipalvelut,Tietohallinto,Tietohallintopalvelut,Tietohallintopalvelut,"KESKUSKATU 14, 44100 Äänekoski","Toimiala=Konsernipalvelut; Vastuualue=Tietohallinto; Palvelualue=Tietohallintopalvelut; Palveluyksikkö=Tietohallintopalvelut; Toimipiste=KESKUSKATU 14, 44100 Äänekoski",KESKI-SUOMEN HYVINVOINTIALUE,KESKI-SUOMEN HYVINVOINTIALUE,44100,KESKUSKATU 14,Keski-Suomi,Suomi,Laitetukiasiantuntija,+358142000948,+35840100948,tomi.niemi,SYN-HYVAKS-000017,,,SMTP:tomi.niemi@example.invalid,,,fi-FI,Aktiivinen,synthetic-development-data
Jämsä,Keski-Suomen hyvinvointialue,Viestintäpalvelut,Laakso Sari,sari.laakso@example.invalid,SYN-HYVAKS-000949,Vakituinen,2024-07-23,Toimipiste,"Hyvinvointialue, Keski-Suomi",Konsernipalvelut,Viestintäpalvelut,Viestintäpalvelut,Viestintäpalvelut,"SAIRAALANTIE 8, 42100 Jämsä","Toimiala=Konsernipalvelut; Vastuualue=Viestintäpalvelut; Palvelualue=Viestintäpalvelut; Palveluyksikkö=Viestintäpalvelut; Toimipiste=SAIRAALANTIE 8, 42100 Jämsä",KESKI-SUOMEN HYVINVOINTIALUE,KESKI-SUOMEN HYVINVOINTIALUE,42100,SAIRAALANTIE 8,Keski-Suomi,Suomi,Sisällöntuottaja,+358142000949,+35840100949,sari.laakso,SYN-HYVAKS-000030,,,SMTP:sari.laakso@example.invalid,,,fi-FI,Aktiivinen,synthetic-development-data
Jyväskylä,Keski-Suomen hyvinvointialue,Palveluprosessien digitalisaatio,Savolainen Paula,paula.savolainen@example.invalid,SYN-HYVAKS-000950,Vakituinen,2023-01-01,Toimipiste,"Hyvinvointialue, Keski-Suomi",Konsernipalvelut,Tietohallinto,Palveluprosessien digitalisaatio,Palveluprosessien digitalisaatio,"HOITAJANTIE 1, 40620 Jyväskylä","Toimiala=Konsernipalvelut; Vastuualue=Tietohallinto; Palvelualue=Palveluprosessien digitalisaatio; Palveluyksikkö=Palveluprosessien digitalisaatio; Toimipiste=HOITAJANTIE 1, 40620 Jyväskylä",KESKI-SUOMEN HYVINVOINTIALUE,KESKI-SUOMEN HYVINVOINTIALUE,40620,HOITAJANTIE 1,Keski-Suomi,Suomi,Integraatioasiantuntija,+358142000950,+35840100950,paula.savolainen,SYN-HYVAKS-000025,,,SMTP:paula.savolainen@example.invalid,,,fi-FI,Aktiivinen,synthetic-development-data
Jämsä,Keski-Suomen hyvinvointialue,Viestintäpalvelut,Väisänen Eeva,eeva.vaisanen2@example.invalid,SYN-HYVAKS-000951,Vakituinen,2015-09-09,Toimipiste,"Hyvinvointialue, Keski-Suomi",Konsernipalvelut,Viestintäpalvelut,Viestintäpalvelut,Viestintäpalvelut,"SAIRAALANTIE 8, 42100 Jämsä","Toimiala=Konsernipalvelut; Vastuualue=Viestintäpalvelut; Palvelualue=Viestintäpalvelut; Palveluyksikkö=Viestintäpalvelut; Toimipiste=SAIRAALANTIE 8, 42100 Jämsä",KESKI-SUOMEN HYVINVOINTIALUE,KESKI-SUOMEN HYVINVOINTIALUE,42100,SAIRAALANTIE 8,Keski-Suomi,Suomi,Graafinen suunnittelija,+358142000951,+35840100951,eeva.vaisanen2,SYN-HYVAKS-000030,,,SMTP:eeva.vaisanen2@example.invalid,,,fi-FI,Aktiivinen,synthetic-development-data
Jyväskylä,Keski-Suomen hyvinvointialue,Teknologiapalvelut,Hämäläinen Anu,anu.hamalainen2@example.invalid,SYN-HYVAKS-000952,Sijainen,2020-12-12,Toimipiste,"Hyvinvointialue, Keski-Suomi",Konsernipalvelut,Tietohallinto,Teknologiapalvelut,Teknologiapalvelut,"HYVINVOINTIKATU 12, 40100 Jyväskylä","Toimiala=Konsernipalvelut; Vastuualue=Tietohallinto; Palvelualue=Teknologiapalvelut; Palveluyksikkö=Teknologiapalvelut; Toimipiste=HYVINVOINTIKATU 12, 40100 Jyväskylä",KESKI-SUOMEN HYVINVOINTIALUE,KESKI-SUOMEN HYVINVOINTIALUE,40100,HYVINVOINTIKATU 12,Keski-Suomi,Suomi,Järjestelmäasiantuntija,+358142000952,+35840100952,anu.hamalainen2,SYN-HYVAKS-000022,,,SMTP:anu.hamalainen2@example.invalid,,,fi-FI,Aktiivinen,synthetic-development-data
Jyväskylä,Keski-Suomen hyvinvointialue,Tietohallintopalvelut,Pitkänen Elina,elina.pitkanen@example.invalid,SYN-HYVAKS-000953,Vakituinen,2008-06-04,Toimipiste,"Hyvinvointialue, Keski-Suomi",Konsernipalvelut,Tietohallinto,Tietohallintopalvelut,Tietohallintopalvelut,"HOITAJANTIE 1, 40620 Jyväskylä","Toimiala=Konsernipalvelut; Vastuualue=Tietohallinto; Palvelualue=Tietohallintopalvelut; Palveluyksikkö=Tietohallintopalvelut; Toimipiste=HOITAJANTIE 1, 40620 Jyväskylä",KESKI-SUOMEN HYVINVOINTIALUE,KESKI-SUOMEN HYVINVOINTIALUE,40620,HOITAJANTIE 1,Keski-Suomi,Suomi,Laitetukiasiantuntija,+358142000953,+35844100953,elina.pitkanen,SYN-HYVAKS-000015,,,SMTP:elina.pitkanen@example.invalid,,,fi-FI,Aktiivinen,synthetic-development-data
Jämsä,Keski-Suomen hyvinvointialue,Teknologiapalvelut,Tuominen Outi,outi.tuominen@example.invalid,SYN-HYVAKS-000954,Vakituinen,2020-09-28,Toimipiste,"Hyvinvointialue, Keski-Suomi",Konsernipalvelut,Tietohallinto,Teknologiapalvelut,Teknologiapalvelut,"SAIRAALANTIE 8, 42100 Jämsä","Toimiala=Konsernipalvelut; Vastuualue=Tietohallinto; Palvelualue=Teknologiapalvelut; Palveluyksikkö=Teknologiapalvelut; Toimipiste=SAIRAALANTIE 8, 42100 Jämsä",KESKI-SUOMEN HYVINVOINTIALUE,KESKI-SUOMEN HYVINVOINTIALUE,42100,SAIRAALANTIE 8,Keski-Suomi,Suomi,Teknologia-asiantuntija,+358142000954,+35845100954,outi.tuominen,SYN-HYVAKS-000023,,,SMTP:outi.tuominen@example.invalid,,,fi-FI,Aktiivinen,synthetic-development-data
Jämsä,Keski-Suomen hyvinvointialue,Teknologiapalvelut,Kolehmainen Aino,aino.kolehmainen@example.invalid,SYN-HYVAKS-000955,Vakituinen,2025-12-10,Toimipiste,"Hyvinvointialue, Keski-Suomi",Konsernipalvelut,Tietohallinto,Teknologiapalvelut,Teknologiapalvelut,"SAIRAALANTIE 8, 42100 Jämsä","Toimiala=Konsernipalvelut; Vastuualue=Tietohallinto; Palvelualue=Teknologiapalvelut; Palveluyksikkö=Teknologiapalvelut; Toimipiste=SAIRAALANTIE 8, 42100 Jämsä",KESKI-SUOMEN HYVINVOINTIALUE,KESKI-SUOMEN HYVINVOINTIALUE,42100,SAIRAALANTIE 8,Keski-Suomi,Suomi,Järjestelmäasiantuntija,+358142000955,+35845100955,aino.kolehmainen,SYN-HYVAKS-000023,,,SMTP:aino.kolehmainen@example.invalid,,,fi-FI,Aktiivinen,synthetic-development-data
Karstula,Keski-Suomen hyvinvointialue,Tilapalveluiden johtaminen,Koskinen Sampo,sampo.koskinen2@example.invalid,SYN-HYVAKS-000956,Vakituinen,2012-03-20,Toimipiste,"Hyvinvointialue, Keski-Suomi",Konsernipalvelut,Tilapalvelut,Tilapalveluiden johtaminen,Tilapalveluiden johtaminen,"HYVINVOINTITIE 6, 43500 Karstula","Toimiala=Konsernipalvelut; Vastuualue=Tilapalvelut; Palvelualue=Tilapalveluiden johtaminen; Palveluyksikkö=Tilapalveluiden johtaminen; Toimipiste=HYVINVOINTITIE 6, 43500 Karstula",KESKI-SUOMEN HYVINVOINTIALUE,KESKI-SUOMEN HYVINVOINTIALUE,43500,HYVINVOINTITIE 6,Keski-Suomi,Suomi,Huoltoinsinööri,+358142000956,+35844100956,sampo.koskinen2,SYN-HYVAKS-000035,,,SMTP:sampo.koskinen2@example.invalid,,,fi-FI,Aktiivinen,synthetic-development-data
Jyväskylä,Keski-Suomen hyvinvointialue,Tietohallinto yhteiset,Väisänen Sari,sari.vaisanen2@example.invalid,SYN-HYVAKS-000957,Osa-aikainen,2010-03-21,Toimipiste,"Hyvinvointialue, Keski-Suomi",Konsernipalvelut,Tietohallinto,Tietohallinto yhteiset,Tietohallinto yhteiset,"HOITAJANTIE 1, 40620 Jyväskylä","Toimiala=Konsernipalvelut; Vastuualue=Tietohallinto; Palvelualue=Tietohallinto yhteiset; Palveluyksikkö=Tietohallinto yhteiset; Toimipiste=HOITAJANTIE 1, 40620 Jyväskylä",KESKI-SUOMEN HYVINVOINTIALUE,KESKI-SUOMEN HYVINVOINTIALUE,40620,HOITAJANTIE 1,Keski-Suomi,Suomi,Johdon assistentti,+358142000957,+35840100957,sari.vaisanen2,SYN-HYVAKS-000013,,,SMTP:sari.vaisanen2@example.invalid,,,fi-FI,Aktiivinen,synthetic-development-data
Äänekoski,Keski-Suomen hyvinvointialue,Tietohallintopalvelut,Seppälä Anni,anni.seppala2@example.invalid,SYN-HYVAKS-000958,Vakituinen,2016-06-13,Toimipiste,"Hyvinvointialue, Keski-Suomi",Konsernipalvelut,Tietohallinto,Tietohallintopalvelut,Tietohallintopalvelut,"KESKUSKATU 14, 44100 Äänekoski","Toimiala=Konsernipalvelut; Vastuualue=Tietohallinto; Palvelualue=Tietohallintopalvelut; Palveluyksikkö=Tietohallintopalvelut; Toimipiste=KESKUSKATU 14, 44100 Äänekoski",KESKI-SUOMEN HYVINVOINTIALUE,KESKI-SUOMEN HYVINVOINTIALUE,44100,KESKUSKATU 14,Keski-Suomi,Suomi,Käyttäjätukiasiantuntija,+358142000958,+35844100958,anni.seppala2,SYN-HYVAKS-000017,,,SMTP:anni.seppala2@example.invalid,,,fi-FI,Aktiivinen,synthetic-development-data
Jyväskylä,Keski-Suomen hyvinvointialue,Tietohallinto yhteiset,Hirvonen Heli,heli.hirvonen@example.invalid,SYN-HYVAKS-000959,Vakituinen,2006-08-09,Toimipiste,"Hyvinvointialue, Keski-Suomi",Konsernipalvelut,Tietohallinto,Tietohallinto yhteiset,Tietohallinto yhteiset,"HYVINVOINTIKATU 12, 40100 Jyväskylä","Toimiala=Konsernipalvelut; Vastuualue=Tietohallinto; Palvelualue=Tietohallinto yhteiset; Palveluyksikkö=Tietohallinto yhteiset; Toimipiste=HYVINVOINTIKATU 12, 40100 Jyväskylä",KESKI-SUOMEN HYVINVOINTIALUE,KESKI-SUOMEN HYVINVOINTIALUE,40100,HYVINVOINTIKATU 12,Keski-Suomi,Suomi,Hallinnon asiantuntija,+358142000959,+35845100959,heli.hirvonen,SYN-HYVAKS-000014,,,SMTP:heli.hirvonen@example.invalid,,,fi-FI,Aktiivinen,synthetic-development-data
Jyväskylä,Keski-Suomen hyvinvointialue,Viestintäpalvelut,Nykänen Emilia,emilia.nykanen@example.invalid,SYN-HYVAKS-000960,Vakituinen,1998-11-25,Toimipiste,"Hyvinvointialue, Keski-Suomi",Konsernipalvelut,Viestintäpalvelut,Viestintäpalvelut,Viestintäpalvelut,"HOITAJANTIE 1, 40620 Jyväskylä","Toimiala=Konsernipalvelut; Vastuualue=Viestintäpalvelut; Palvelualue=Viestintäpalvelut; Palveluyksikkö=Viestintäpalvelut; Toimipiste=HOITAJANTIE 1, 40620 Jyväskylä",KESKI-SUOMEN HYVINVOINTIALUE,KESKI-SUOMEN HYVINVOINTIALUE,40620,HOITAJANTIE 1,Keski-Suomi,Suomi,Verkkoviestinnän asiantuntija,+358142000960,+35850100960,emilia.nykanen,SYN-HYVAKS-000028,,,SMTP:emilia.nykanen@example.invalid,,,fi-FI,Aktiivinen,synthetic-development-data
Jyväskylä,Keski-Suomen hyvinvointialue,Teknologiapalvelut,Tuominen Meri,meri.tuominen@example.invalid,SYN-HYVAKS-000961,Vakituinen,1998-12-31,Toimipiste,"Hyvinvointialue, Keski-Suomi",Konsernipalvelut,Tietohallinto,Teknologiapalvelut,Teknologiapalvelut,"HYVINVOINTIKATU 12, 40100 Jyväskylä","Toimiala=Konsernipalvelut; Vastuualue=Tietohallinto; Palvelualue=Teknologiapalvelut; Palveluyksikkö=Teknologiapalvelut; Toimipiste=HYVINVOINTIKATU 12, 40100 Jyväskylä",KESKI-SUOMEN HYVINVOINTIALUE,KESKI-SUOMEN HYVINVOINTIALUE,40100,HYVINVOINTIKATU 12,Keski-Suomi,Suomi,Palveluarkkitehti,+358142000961,+35845100961,meri.tuominen,SYN-HYVAKS-000022,,,SMTP:meri.tuominen@example.invalid,,,fi-FI,Aktiivinen,synthetic-development-data
Jyväskylä,Keski-Suomen hyvinvointialue,Projektit ja kehittäminen,Repo Timo,timo.repo2@example.invalid,SYN-HYVAKS-000962,Vakituinen,2017-11-01,Toimipiste,"Hyvinvointialue, Keski-Suomi",Konsernipalvelut,Tietohallinto,Projektit ja kehittäminen,Projektit ja kehittäminen,"HOITAJANTIE 1, 40620 Jyväskylä","Toimiala=Konsernipalvelut; Vastuualue=Tietohallinto; Palvelualue=Projektit ja kehittäminen; Palveluyksikkö=Projektit ja kehittäminen; Toimipiste=HOITAJANTIE 1, 40620 Jyväskylä",KESKI-SUOMEN HYVINVOINTIALUE,KESKI-SUOMEN HYVINVOINTIALUE,40620,HOITAJANTIE 1,Keski-Suomi,Suomi,Palvelumuotoilija,+358142000962,+35850100962,timo.repo2,SYN-HYVAKS-000019,,,SMTP:timo.repo2@example.invalid,,,fi-FI,Aktiivinen,synthetic-development-data
Jämsä,Keski-Suomen hyvinvointialue,Tilapalveluiden johtaminen,Ahonen Matti,matti.ahonen@example.invalid,SYN-HYVAKS-000963,Vakituinen,2012-08-14,Toimipiste,"Hyvinvointialue, Keski-Suomi",Konsernipalvelut,Tilapalvelut,Tilapalveluiden johtaminen,Tilapalveluiden johtaminen,"SAIRAALANTIE 8, 42100 Jämsä","Toimiala=Konsernipalvelut; Vastuualue=Tilapalvelut; Palvelualue=Tilapalveluiden johtaminen; Palveluyksikkö=Tilapalveluiden johtaminen; Toimipiste=SAIRAALANTIE 8, 42100 Jämsä",KESKI-SUOMEN HYVINVOINTIALUE,KESKI-SUOMEN HYVINVOINTIALUE,42100,SAIRAALANTIE 8,Keski-Suomi,Suomi,Huoltoinsinööri,+358142000963,+35845100963,matti.ahonen,SYN-HYVAKS-000032,,,SMTP:matti.ahonen@example.invalid,,,fi-FI,Aktiivinen,synthetic-development-data
Karstula,Keski-Suomen hyvinvointialue,Tilapalveluiden johtaminen,Nykänen Minna,minna.nykanen@example.invalid,SYN-HYVAKS-000964,Osa-aikainen,1998-03-15,Toimipiste,"Hyvinvointialue, Keski-Suomi",Konsernipalvelut,Tilapalvelut,Tilapalveluiden johtaminen,Tilapalveluiden johtaminen,"HYVINVOINTITIE 6, 43500 Karstula","Toimiala=Konsernipalvelut; Vastuualue=Tilapalvelut; Palvelualue=Tilapalveluiden johtaminen; Palveluyksikkö=Tilapalveluiden johtaminen; Toimipiste=HYVINVOINTITIE 6, 43500 Karstula",KESKI-SUOMEN HYVINVOINTIALUE,KESKI-SUOMEN HYVINVOINTIALUE,43500,HYVINVOINTITIE 6,Keski-Suomi,Suomi,Huoltoinsinööri,+358142000964,+35844100964,minna.nykanen,SYN-HYVAKS-000035,,,SMTP:minna.nykanen@example.invalid,,,fi-FI,Aktiivinen,synthetic-development-data
Jämsä,Keski-Suomen hyvinvointialue,Tietohallintopalvelut,Lindholm Markus,markus.lindholm2@example.invalid,SYN-HYVAKS-000965,Vakituinen,1998-02-03,Toimipiste,"Hyvinvointialue, Keski-Suomi",Konsernipalvelut,Tietohallinto,Tietohallintopalvelut,Tietohallintopalvelut,"SAIRAALANTIE 8, 42100 Jämsä","Toimiala=Konsernipalvelut; Vastuualue=Tietohallinto; Palvelualue=Tietohallintopalvelut; Palveluyksikkö=Tietohallintopalvelut; Toimipiste=SAIRAALANTIE 8, 42100 Jämsä",KESKI-SUOMEN HYVINVOINTIALUE,KESKI-SUOMEN HYVINVOINTIALUE,42100,SAIRAALANTIE 8,Keski-Suomi,Suomi,Laitetukiasiantuntija,+358142000965,+35845100965,markus.lindholm2,SYN-HYVAKS-000016,,,SMTP:markus.lindholm2@example.invalid,,,fi-FI,Aktiivinen,synthetic-development-data
Jyväskylä,Keski-Suomen hyvinvointialue,Teknologiapalvelut,Repo Matti,matti.repo@example.invalid,SYN-HYVAKS-000966,Vakituinen,2000-11-20,Toimipiste,"Hyvinvointialue, Keski-Suomi",Konsernipalvelut,Tietohallinto,Teknologiapalvelut,Teknologiapalvelut,"HOITAJANTIE 1, 40620 Jyväskylä","Toimiala=Konsernipalvelut; Vastuualue=Tietohallinto; Palvelualue=Teknologiapalvelut; Palveluyksikkö=Teknologiapalvelut; Toimipiste=HOITAJANTIE 1, 40620 Jyväskylä",KESKI-SUOMEN HYVINVOINTIALUE,KESKI-SUOMEN HYVINVOINTIALUE,40620,HOITAJANTIE 1,Keski-Suomi,Suomi,Tietoturva-asiantuntija,+358142000966,+35850100966,matti.repo,SYN-HYVAKS-000021,,,SMTP:matti.repo@example.invalid,,,fi-FI,Aktiivinen,synthetic-development-data
Jyväskylä,Keski-Suomen hyvinvointialue,Viestintäpalvelut,Miettinen Pekka,pekka.miettinen@example.invalid,SYN-HYVAKS-000967,Vakituinen,1999-04-20,Toimipiste,"Hyvinvointialue, Keski-Suomi",Konsernipalvelut,Viestintäpalvelut,Viestintäpalvelut,Viestintäpalvelut,"HOITAJANTIE 1, 40620 Jyväskylä","Toimiala=Konsernipalvelut; Vastuualue=Viestintäpalvelut; Palvelualue=Viestintäpalvelut; Palveluyksikkö=Viestintäpalvelut; Toimipiste=HOITAJANTIE 1, 40620 Jyväskylä",KESKI-SUOMEN HYVINVOINTIALUE,KESKI-SUOMEN HYVINVOINTIALUE,40620,HOITAJANTIE 1,Keski-Suomi,Suomi,Graafinen suunnittelija,+358142000967,+35840100967,pekka.miettinen,SYN-HYVAKS-000028,,,SMTP:pekka.miettinen@example.invalid,,,fi-FI,Aktiivinen,synthetic-development-data
Keuruu,Keski-Suomen hyvinvointialue,Tilapalveluiden johtaminen,Virtanen Riikka,riikka.virtanen2@example.invalid,SYN-HYVAKS-000968,Sijainen,1998-10-24,Toimipiste,"Hyvinvointialue, Keski-Suomi",Konsernipalvelut,Tilapalvelut,Tilapalveluiden johtaminen,Tilapalveluiden johtaminen,"PALVELUTIE 3, 42700 Keuruu","Toimiala=Konsernipalvelut; Vastuualue=Tilapalvelut; Palvelualue=Tilapalveluiden johtaminen; Palveluyksikkö=Tilapalveluiden johtaminen; Toimipiste=PALVELUTIE 3, 42700 Keuruu",KESKI-SUOMEN HYVINVOINTIALUE,KESKI-SUOMEN HYVINVOINTIALUE,42700,PALVELUTIE 3,Keski-Suomi,Suomi,Kiinteistöasiantuntija,+358142000968,+35845100968,riikka.virtanen2,SYN-HYVAKS-000034,,,SMTP:riikka.virtanen2@example.invalid,,,fi-FI,Aktiivinen,synthetic-development-data
Jyväskylä,Keski-Suomen hyvinvointialue,Teknologiapalvelut,Kinnunen Veera,veera.kinnunen@example.invalid,SYN-HYVAKS-000969,Vakituinen,2005-05-12,Toimipiste,"Hyvinvointialue, Keski-Suomi",Konsernipalvelut,Tietohallinto,Teknologiapalvelut,Teknologiapalvelut,"HYVINVOINTIKATU 12, 40100 Jyväskylä","Toimiala=Konsernipalvelut; Vastuualue=Tietohallinto; Palvelualue=Teknologiapalvelut; Palveluyksikkö=Teknologiapalvelut; Toimipiste=HYVINVOINTIKATU 12, 40100 Jyväskylä",KESKI-SUOMEN HYVINVOINTIALUE,KESKI-SUOMEN HYVINVOINTIALUE,40100,HYVINVOINTIKATU 12,Keski-Suomi,Suomi,Verkkoasiantuntija,+358142000969,+35850100969,veera.kinnunen,SYN-HYVAKS-000022,,,SMTP:veera.kinnunen@example.invalid,,,fi-FI,Aktiivinen,synthetic-development-data
Jyväskylä,Keski-Suomen hyvinvointialue,Palveluprosessien digitalisaatio,Koskela Elina,elina.koskela@example.invalid,SYN-HYVAKS-000970,Osa-aikainen,2005-05-14,Toimipiste,"Hyvinvointialue, Keski-Suomi",Konsernipalvelut,Tietohallinto,Palveluprosessien digitalisaatio,Palveluprosessien digitalisaatio,"HYVINVOINTIKATU 12, 40100 Jyväskylä","Toimiala=Konsernipalvelut; Vastuualue=Tietohallinto; Palvelualue=Palveluprosessien digitalisaatio; Palveluyksikkö=Palveluprosessien digitalisaatio; Toimipiste=HYVINVOINTIKATU 12, 40100 Jyväskylä",KESKI-SUOMEN HYVINVOINTIALUE,KESKI-SUOMEN HYVINVOINTIALUE,40100,HYVINVOINTIKATU 12,Keski-Suomi,Suomi,Prosessikehittäjä,+358142000970,+35850100970,elina.koskela,SYN-HYVAKS-000026,,,SMTP:elina.koskela@example.invalid,,,fi-FI,Aktiivinen,synthetic-development-data
Äänekoski,Keski-Suomen hyvinvointialue,Teknologiapalvelut,Seppälä Pekka,pekka.seppala@example.invalid,SYN-HYVAKS-000971,Vakituinen,2007-09-28,Toimipiste,"Hyvinvointialue, Keski-Suomi",Konsernipalvelut,Tietohallinto,Teknologiapalvelut,Teknologiapalvelut,"KESKUSKATU 14, 44100 Äänekoski","Toimiala=Konsernipalvelut; Vastuualue=Tietohallinto; Palvelualue=Teknologiapalvelut; Palveluyksikkö=Teknologiapalvelut; Toimipiste=KESKUSKATU 14, 44100 Äänekoski",KESKI-SUOMEN HYVINVOINTIALUE,KESKI-SUOMEN HYVINVOINTIALUE,44100,KESKUSKATU 14,Keski-Suomi,Suomi,Teknologia-asiantuntija,+358142000971,+35844100971,pekka.seppala,SYN-HYVAKS-000024,,,SMTP:pekka.seppala@example.invalid,,,fi-FI,Aktiivinen,synthetic-development-data
Jyväskylä,Keski-Suomen hyvinvointialue,Tietohallinto yhteiset,Salonen Janne,janne.salonen3@example.invalid,SYN-HYVAKS-000972,Vakituinen,2017-07-05,Toimipiste,"Hyvinvointialue, Keski-Suomi",Konsernipalvelut,Tietohallinto,Tietohallinto yhteiset,Tietohallinto yhteiset,"HYVINVOINTIKATU 12, 40100 Jyväskylä","Toimiala=Konsernipalvelut; Vastuualue=Tietohallinto; Palvelualue=Tietohallinto yhteiset; Palveluyksikkö=Tietohallinto yhteiset; Toimipiste=HYVINVOINTIKATU 12, 40100 Jyväskylä",KESKI-SUOMEN HYVINVOINTIALUE,KESKI-SUOMEN HYVINVOINTIALUE,40100,HYVINVOINTIKATU 12,Keski-Suomi,Suomi,Hallinnon asiantuntija,+358142000972,+35845100972,janne.salonen3,SYN-HYVAKS-000014,,,SMTP:janne.salonen3@example.invalid,,,sv-FI,Poistuva,synthetic-development-data
Jyväskylä,Keski-Suomen hyvinvointialue,Tietohallintopalvelut,Mäkinen Elina,elina.makinen2@example.invalid,SYN-HYVAKS-000973,Määräaikainen,2006-09-27,Toimipiste,"Hyvinvointialue, Keski-Suomi",Konsernipalvelut,Tietohallinto,Tietohallintopalvelut,Tietohallintopalvelut,"HOITAJANTIE 1, 40620 Jyväskylä","Toimiala=Konsernipalvelut; Vastuualue=Tietohallinto; Palvelualue=Tietohallintopalvelut; Palveluyksikkö=Tietohallintopalvelut; Toimipiste=HOITAJANTIE 1, 40620 Jyväskylä",KESKI-SUOMEN HYVINVOINTIALUE,KESKI-SUOMEN HYVINVOINTIALUE,40620,HOITAJANTIE 1,Keski-Suomi,Suomi,Tietohallinnon asiantuntija,+358142000973,+35850100973,elina.makinen2,SYN-HYVAKS-000015,,,SMTP:elina.makinen2@example.invalid,,,fi-FI,Aktiivinen,synthetic-development-data
Jyväskylä,Keski-Suomen hyvinvointialue,Tietohallintopalvelut,Räsänen Anni,anni.rasanen@example.invalid,SYN-HYVAKS-000974,Vakituinen,2003-09-17,Toimipiste,"Hyvinvointialue, Keski-Suomi",Konsernipalvelut,Tietohallinto,Tietohallintopalvelut,Tietohallintopalvelut,"HOITAJANTIE 1, 40620 Jyväskylä","Toimiala=Konsernipalvelut; Vastuualue=Tietohallinto; Palvelualue=Tietohallintopalvelut; Palveluyksikkö=Tietohallintopalvelut; Toimipiste=HOITAJANTIE 1, 40620 Jyväskylä",KESKI-SUOMEN HYVINVOINTIALUE,KESKI-SUOMEN HYVINVOINTIALUE,40620,HOITAJANTIE 1,Keski-Suomi,Suomi,Käyttäjätukiasiantuntija,+358142000974,+35850100974,anni.rasanen,SYN-HYVAKS-000015,,,SMTP:anni.rasanen@example.invalid,,,en-US,Aktiivinen,synthetic-development-data
Jämsä,Keski-Suomen hyvinvointialue,Viestintäpalvelut,Lindholm Eeva,eeva.lindholm@example.invalid,SYN-HYVAKS-000975,Sijainen,2002-07-26,Toimipiste,"Hyvinvointialue, Keski-Suomi",Konsernipalvelut,Viestintäpalvelut,Viestintäpalvelut,Viestintäpalvelut,"SAIRAALANTIE 8, 42100 Jämsä","Toimiala=Konsernipalvelut; Vastuualue=Viestintäpalvelut; Palvelualue=Viestintäpalvelut; Palveluyksikkö=Viestintäpalvelut; Toimipiste=SAIRAALANTIE 8, 42100 Jämsä",KESKI-SUOMEN HYVINVOINTIALUE,KESKI-SUOMEN HYVINVOINTIALUE,42100,SAIRAALANTIE 8,Keski-Suomi,Suomi,Viestintäasiantuntija,+358142000975,+35840100975,eeva.lindholm,SYN-HYVAKS-000030,,,SMTP:eeva.lindholm@example.invalid,,,fi-FI,Aktiivinen,synthetic-development-data
Jyväskylä,Keski-Suomen hyvinvointialue,Viestintäpalvelut,Paananen Anni,anni.paananen@example.invalid,SYN-HYVAKS-000976,Vakituinen,2026-03-15,Toimipiste,"Hyvinvointialue, Keski-Suomi",Konsernipalvelut,Viestintäpalvelut,Viestintäpalvelut,Viestintäpalvelut,"HOITAJANTIE 1, 40620 Jyväskylä","Toimiala=Konsernipalvelut; Vastuualue=Viestintäpalvelut; Palvelualue=Viestintäpalvelut; Palveluyksikkö=Viestintäpalvelut; Toimipiste=HOITAJANTIE 1, 40620 Jyväskylä",KESKI-SUOMEN HYVINVOINTIALUE,KESKI-SUOMEN HYVINVOINTIALUE,40620,HOITAJANTIE 1,Keski-Suomi,Suomi,Verkkoviestinnän asiantuntija,+358142000976,+35840100976,anni.paananen,SYN-HYVAKS-000028,,,SMTP:anni.paananen@example.invalid,,,fi-FI,Aktiivinen,synthetic-development-data
Jämsä,Keski-Suomen hyvinvointialue,Teknologiapalvelut,Virtanen Paula,paula.virtanen@example.invalid,SYN-HYVAKS-000977,Sijainen,2001-08-10,Toimipiste,"Hyvinvointialue, Keski-Suomi",Konsernipalvelut,Tietohallinto,Teknologiapalvelut,Teknologiapalvelut,"SAIRAALANTIE 8, 42100 Jämsä","Toimiala=Konsernipalvelut; Vastuualue=Tietohallinto; Palvelualue=Teknologiapalvelut; Palveluyksikkö=Teknologiapalvelut; Toimipiste=SAIRAALANTIE 8, 42100 Jämsä",KESKI-SUOMEN HYVINVOINTIALUE,KESKI-SUOMEN HYVINVOINTIALUE,42100,SAIRAALANTIE 8,Keski-Suomi,Suomi,Teknologia-asiantuntija,+358142000977,+35840100977,paula.virtanen,SYN-HYVAKS-000023,,,SMTP:paula.virtanen@example.invalid,,,fi-FI,Aktiivinen,synthetic-development-data
Jyväskylä,Keski-Suomen hyvinvointialue,Tilapalveluiden johtaminen,Mäkelä Mika,mika.makela@example.invalid,SYN-HYVAKS-000978,Vakituinen,2020-12-31,Toimipiste,"Hyvinvointialue, Keski-Suomi",Konsernipalvelut,Tilapalvelut,Tilapalveluiden johtaminen,Tilapalveluiden johtaminen,"HYVINVOINTIKATU 12, 40100 Jyväskylä","Toimiala=Konsernipalvelut; Vastuualue=Tilapalvelut; Palvelualue=Tilapalveluiden johtaminen; Palveluyksikkö=Tilapalveluiden johtaminen; Toimipiste=HYVINVOINTIKATU 12, 40100 Jyväskylä",KESKI-SUOMEN HYVINVOINTIALUE,KESKI-SUOMEN HYVINVOINTIALUE,40100,HYVINVOINTIKATU 12,Keski-Suomi,Suomi,Huoltoinsinööri,+358142000978,+35840100978,mika.makela,SYN-HYVAKS-000031,,,SMTP:mika.makela@example.invalid,,,fi-FI,Aktiivinen,synthetic-development-data
Jyväskylä,Keski-Suomen hyvinvointialue,Tilapalveluiden johtaminen,Salminen Teemu,teemu.salminen2@example.invalid,SYN-HYVAKS-000979,Vakituinen,2006-06-05,Toimipiste,"Hyvinvointialue, Keski-Suomi",Konsernipalvelut,Tilapalvelut,Tilapalveluiden johtaminen,Tilapalveluiden johtaminen,"HYVINVOINTIKATU 12, 40100 Jyväskylä","Toimiala=Konsernipalvelut; Vastuualue=Tilapalvelut; Palvelualue=Tilapalveluiden johtaminen; Palveluyksikkö=Tilapalveluiden johtaminen; Toimipiste=HYVINVOINTIKATU 12, 40100 Jyväskylä",KESKI-SUOMEN HYVINVOINTIALUE,KESKI-SUOMEN HYVINVOINTIALUE,40100,HYVINVOINTIKATU 12,Keski-Suomi,Suomi,Huoltoinsinööri,+358142000979,+35850100979,teemu.salminen2,SYN-HYVAKS-000031,,,SMTP:teemu.salminen2@example.invalid,,,fi-FI,Aktiivinen,synthetic-development-data
Laukaa,Keski-Suomen hyvinvointialue,Tietohallintopalvelut,Lindholm Veera,veera.lindholm@example.invalid,SYN-HYVAKS-000980,Vakituinen,2005-11-25,Toimipiste,"Hyvinvointialue, Keski-Suomi",Konsernipalvelut,Tietohallinto,Tietohallintopalvelut,Tietohallintopalvelut,"TERVEYSTIE 5, 41340 Laukaa","Toimiala=Konsernipalvelut; Vastuualue=Tietohallinto; Palvelualue=Tietohallintopalvelut; Palveluyksikkö=Tietohallintopalvelut; Toimipiste=TERVEYSTIE 5, 41340 Laukaa",KESKI-SUOMEN HYVINVOINTIALUE,KESKI-SUOMEN HYVINVOINTIALUE,41340,TERVEYSTIE 5,Keski-Suomi,Suomi,Laitetukiasiantuntija,+358142000980,+35844100980,veera.lindholm,SYN-HYVAKS-000018,,,SMTP:veera.lindholm@example.invalid,,,fi-FI,Aktiivinen,synthetic-development-data
Äänekoski,Keski-Suomen hyvinvointialue,Teknologiapalvelut,Mäkinen Joonas,joonas.makinen@example.invalid,SYN-HYVAKS-000981,Osa-aikainen,2007-06-07,Toimipiste,"Hyvinvointialue, Keski-Suomi",Konsernipalvelut,Tietohallinto,Teknologiapalvelut,Teknologiapalvelut,"KESKUSKATU 14, 44100 Äänekoski","Toimiala=Konsernipalvelut; Vastuualue=Tietohallinto; Palvelualue=Teknologiapalvelut; Palveluyksikkö=Teknologiapalvelut; Toimipiste=KESKUSKATU 14, 44100 Äänekoski",KESKI-SUOMEN HYVINVOINTIALUE,KESKI-SUOMEN HYVINVOINTIALUE,44100,KESKUSKATU 14,Keski-Suomi,Suomi,Konesaliasiantuntija,+358142000981,+35850100981,joonas.makinen,SYN-HYVAKS-000024,,,SMTP:joonas.makinen@example.invalid,,,en-US,Aktiivinen,synthetic-development-data
Keuruu,Keski-Suomen hyvinvointialue,Tilapalveluiden johtaminen,Laakso Tuula,tuula.laakso@example.invalid,SYN-HYVAKS-000982,Sijainen,2008-07-19,Toimipiste,"Hyvinvointialue, Keski-Suomi",Konsernipalvelut,Tilapalvelut,Tilapalveluiden johtaminen,Tilapalveluiden johtaminen,"PALVELUTIE 3, 42700 Keuruu","Toimiala=Konsernipalvelut; Vastuualue=Tilapalvelut; Palvelualue=Tilapalveluiden johtaminen; Palveluyksikkö=Tilapalveluiden johtaminen; Toimipiste=PALVELUTIE 3, 42700 Keuruu",KESKI-SUOMEN HYVINVOINTIALUE,KESKI-SUOMEN HYVINVOINTIALUE,42700,PALVELUTIE 3,Keski-Suomi,Suomi,Kiinteistöasiantuntija,+358142000982,+35845100982,tuula.laakso,SYN-HYVAKS-000034,,,SMTP:tuula.laakso@example.invalid,,,fi-FI,Aktiivinen,synthetic-development-data
Äänekoski,Keski-Suomen hyvinvointialue,Teknologiapalvelut,Nykänen Anu,anu.nykanen@example.invalid,SYN-HYVAKS-000983,Vakituinen,2001-09-04,Toimipiste,"Hyvinvointialue, Keski-Suomi",Konsernipalvelut,Tietohallinto,Teknologiapalvelut,Teknologiapalvelut,"KESKUSKATU 14, 44100 Äänekoski","Toimiala=Konsernipalvelut; Vastuualue=Tietohallinto; Palvelualue=Teknologiapalvelut; Palveluyksikkö=Teknologiapalvelut; Toimipiste=KESKUSKATU 14, 44100 Äänekoski",KESKI-SUOMEN HYVINVOINTIALUE,KESKI-SUOMEN HYVINVOINTIALUE,44100,KESKUSKATU 14,Keski-Suomi,Suomi,Palveluarkkitehti,+358142000983,+35844100983,anu.nykanen,SYN-HYVAKS-000024,,,SMTP:anu.nykanen@example.invalid,,,fi-FI,Aktiivinen,synthetic-development-data
Laukaa,Keski-Suomen hyvinvointialue,Palveluprosessien digitalisaatio,Nieminen Ville,ville.nieminen3@example.invalid,SYN-HYVAKS-000984,Vakituinen,2008-11-20,Toimipiste,"Hyvinvointialue, Keski-Suomi",Konsernipalvelut,Tietohallinto,Palveluprosessien digitalisaatio,Palveluprosessien digitalisaatio,"TERVEYSTIE 5, 41340 Laukaa","Toimiala=Konsernipalvelut; Vastuualue=Tietohallinto; Palvelualue=Palveluprosessien digitalisaatio; Palveluyksikkö=Palveluprosessien digitalisaatio; Toimipiste=TERVEYSTIE 5, 41340 Laukaa",KESKI-SUOMEN HYVINVOINTIALUE,KESKI-SUOMEN HYVINVOINTIALUE,41340,TERVEYSTIE 5,Keski-Suomi,Suomi,Prosessikehittäjä,+358142000984,+35844100984,ville.nieminen3,SYN-HYVAKS-000027,,,SMTP:ville.nieminen3@example.invalid,,,fi-FI,Aktiivinen,synthetic-development-data
Äänekoski,Keski-Suomen hyvinvointialue,Tilapalveluiden johtaminen,Rautio Jukka,jukka.rautio@example.invalid,SYN-HYVAKS-000985,Vakituinen,2015-06-05,Toimipiste,"Hyvinvointialue, Keski-Suomi",Konsernipalvelut,Tilapalvelut,Tilapalveluiden johtaminen,Tilapalveluiden johtaminen,"KESKUSKATU 14, 44100 Äänekoski","Toimiala=Konsernipalvelut; Vastuualue=Tilapalvelut; Palvelualue=Tilapalveluiden johtaminen; Palveluyksikkö=Tilapalveluiden johtaminen; Toimipiste=KESKUSKATU 14, 44100 Äänekoski",KESKI-SUOMEN HYVINVOINTIALUE,KESKI-SUOMEN HYVINVOINTIALUE,44100,KESKUSKATU 14,Keski-Suomi,Suomi,Kiinteistöasiantuntija,+358142000985,+35840100985,jukka.rautio,SYN-HYVAKS-000033,,,SMTP:jukka.rautio@example.invalid,,,fi-FI,Aktiivinen,synthetic-development-data
Jyväskylä,Keski-Suomen hyvinvointialue,Projektit ja kehittäminen,Toivonen Anu,anu.toivonen@example.invalid,SYN-HYVAKS-000986,Määräaikainen,2000-03-05,Toimipiste,"Hyvinvointialue, Keski-Suomi",Konsernipalvelut,Tietohallinto,Projektit ja kehittäminen,Projektit ja kehittäminen,"HOITAJANTIE 1, 40620 Jyväskylä","Toimiala=Konsernipalvelut; Vastuualue=Tietohallinto; Palvelualue=Projektit ja kehittäminen; Palveluyksikkö=Projektit ja kehittäminen; Toimipiste=HOITAJANTIE 1, 40620 Jyväskylä",KESKI-SUOMEN HYVINVOINTIALUE,KESKI-SUOMEN HYVINVOINTIALUE,40620,HOITAJANTIE 1,Keski-Suomi,Suomi,Projektisuunnittelija,+358142000986,+35844100986,anu.toivonen,SYN-HYVAKS-000019,,,SMTP:anu.toivonen@example.invalid,,,fi-FI,Aktiivinen,synthetic-development-data
Jämsä,Keski-Suomen hyvinvointialue,Teknologiapalvelut,Koskinen Riku,riku.koskinen2@example.invalid,SYN-HYVAKS-000987,Vakituinen,2024-06-03,Toimipiste,"Hyvinvointialue, Keski-Suomi",Konsernipalvelut,Tietohallinto,Teknologiapalvelut,Teknologiapalvelut,"SAIRAALANTIE 8, 42100 Jämsä","Toimiala=Konsernipalvelut; Vastuualue=Tietohallinto; Palvelualue=Teknologiapalvelut; Palveluyksikkö=Teknologiapalvelut; Toimipiste=SAIRAALANTIE 8, 42100 Jämsä",KESKI-SUOMEN HYVINVOINTIALUE,KESKI-SUOMEN HYVINVOINTIALUE,42100,SAIRAALANTIE 8,Keski-Suomi,Suomi,Teknologia-asiantuntija,+358142000987,+35844100987,riku.koskinen2,SYN-HYVAKS-000023,,,SMTP:riku.koskinen2@example.invalid,,,fi-FI,Aktiivinen,synthetic-development-data
Jyväskylä,Keski-Suomen hyvinvointialue,Palveluprosessien digitalisaatio,Salo Teemu,teemu.salo@example.invalid,SYN-HYVAKS-000988,Sijainen,2017-10-27,Toimipiste,"Hyvinvointialue, Keski-Suomi",Konsernipalvelut,Tietohallinto,Palveluprosessien digitalisaatio,Palveluprosessien digitalisaatio,"HOITAJANTIE 1, 40620 Jyväskylä","Toimiala=Konsernipalvelut; Vastuualue=Tietohallinto; Palvelualue=Palveluprosessien digitalisaatio; Palveluyksikkö=Palveluprosessien digitalisaatio; Toimipiste=HOITAJANTIE 1, 40620 Jyväskylä",KESKI-SUOMEN HYVINVOINTIALUE,KESKI-SUOMEN HYVINVOINTIALUE,40620,HOITAJANTIE 1,Keski-Suomi,Suomi,Prosessikehittäjä,+358142000988,+35845100988,teemu.salo,SYN-HYVAKS-000025,,,SMTP:teemu.salo@example.invalid,,,fi-FI,Aktiivinen,synthetic-development-data
Laukaa,Keski-Suomen hyvinvointialue,Tietohallintopalvelut,Salo Tomi,tomi.salo@example.invalid,SYN-HYVAKS-000989,Vakituinen,2013-04-15,Toimipiste,"Hyvinvointialue, Keski-Suomi",Konsernipalvelut,Tietohallinto,Tietohallintopalvelut,Tietohallintopalvelut,"TERVEYSTIE 5, 41340 Laukaa","Toimiala=Konsernipalvelut; Vastuualue=Tietohallinto; Palvelualue=Tietohallintopalvelut; Palveluyksikkö=Tietohallintopalvelut; Toimipiste=TERVEYSTIE 5, 41340 Laukaa",KESKI-SUOMEN HYVINVOINTIALUE,KESKI-SUOMEN HYVINVOINTIALUE,41340,TERVEYSTIE 5,Keski-Suomi,Suomi,Käyttäjätukiasiantuntija,+358142000989,+35850100989,tomi.salo,SYN-HYVAKS-000018,,,SMTP:tomi.salo@example.invalid,,,fi-FI,Aktiivinen,synthetic-development-data
Jyväskylä,Keski-Suomen hyvinvointialue,Projektit ja kehittäminen,Salminen Anni,anni.salminen2@example.invalid,SYN-HYVAKS-000990,Vakituinen,2013-08-03,Toimipiste,"Hyvinvointialue, Keski-Suomi",Konsernipalvelut,Tietohallinto,Projektit ja kehittäminen,Projektit ja kehittäminen,"HYVINVOINTIKATU 12, 40100 Jyväskylä","Toimiala=Konsernipalvelut; Vastuualue=Tietohallinto; Palvelualue=Projektit ja kehittäminen; Palveluyksikkö=Projektit ja kehittäminen; Toimipiste=HYVINVOINTIKATU 12, 40100 Jyväskylä",KESKI-SUOMEN HYVINVOINTIALUE,KESKI-SUOMEN HYVINVOINTIALUE,40100,HYVINVOINTIKATU 12,Keski-Suomi,Suomi,Projektisuunnittelija,+358142000990,+35844100990,anni.salminen2,SYN-HYVAKS-000020,,,SMTP:anni.salminen2@example.invalid,,,fi-FI,Aktiivinen,synthetic-development-data
Jyväskylä,Keski-Suomen hyvinvointialue,Projektit ja kehittäminen,Räsänen Jaana,jaana.rasanen@example.invalid,SYN-HYVAKS-000991,Vakituinen,2002-06-17,Toimipiste,"Hyvinvointialue, Keski-Suomi",Konsernipalvelut,Tietohallinto,Projektit ja kehittäminen,Projektit ja kehittäminen,"HOITAJANTIE 1, 40620 Jyväskylä","Toimiala=Konsernipalvelut; Vastuualue=Tietohallinto; Palvelualue=Projektit ja kehittäminen; Palveluyksikkö=Projektit ja kehittäminen; Toimipiste=HOITAJANTIE 1, 40620 Jyväskylä",KESKI-SUOMEN HYVINVOINTIALUE,KESKI-SUOMEN HYVINVOINTIALUE,40620,HOITAJANTIE 1,Keski-Suomi,Suomi,Tuoteomistaja,+358142000991,+35845100991,jaana.rasanen,SYN-HYVAKS-000019,,,SMTP:jaana.rasanen@example.invalid,,,fi-FI,Aktiivinen,synthetic-development-data
Jämsä,Keski-Suomen hyvinvointialue,Tietohallintopalvelut,Hirvonen Antti,antti.hirvonen2@example.invalid,SYN-HYVAKS-000992,Vakituinen,2008-02-21,Toimipiste,"Hyvinvointialue, Keski-Suomi",Konsernipalvelut,Tietohallinto,Tietohallintopalvelut,Tietohallintopalvelut,"SAIRAALANTIE 8, 42100 Jämsä","Toimiala=Konsernipalvelut; Vastuualue=Tietohallinto; Palvelualue=Tietohallintopalvelut; Palveluyksikkö=Tietohallintopalvelut; Toimipiste=SAIRAALANTIE 8, 42100 Jämsä",KESKI-SUOMEN HYVINVOINTIALUE,KESKI-SUOMEN HYVINVOINTIALUE,42100,SAIRAALANTIE 8,Keski-Suomi,Suomi,Laitetukiasiantuntija,+358142000992,+35845100992,antti.hirvonen2,SYN-HYVAKS-000016,,,SMTP:antti.hirvonen2@example.invalid,,,en-US,Aktiivinen,synthetic-development-data
Jyväskylä,Keski-Suomen hyvinvointialue,Teknologiapalvelut,Ojala Laura,laura.ojala@example.invalid,SYN-HYVAKS-000993,Vakituinen,1999-10-07,Toimipiste,"Hyvinvointialue, Keski-Suomi",Konsernipalvelut,Tietohallinto,Teknologiapalvelut,Teknologiapalvelut,"HOITAJANTIE 1, 40620 Jyväskylä","Toimiala=Konsernipalvelut; Vastuualue=Tietohallinto; Palvelualue=Teknologiapalvelut; Palveluyksikkö=Teknologiapalvelut; Toimipiste=HOITAJANTIE 1, 40620 Jyväskylä",KESKI-SUOMEN HYVINVOINTIALUE,KESKI-SUOMEN HYVINVOINTIALUE,40620,HOITAJANTIE 1,Keski-Suomi,Suomi,Verkkoasiantuntija,+358142000993,+35845100993,laura.ojala,SYN-HYVAKS-000021,,,SMTP:laura.ojala@example.invalid,,,fi-FI,Aktiivinen,synthetic-development-data
Jämsä,Keski-Suomen hyvinvointialue,Teknologiapalvelut,Heikkilä Henna,henna.heikkila@example.invalid,SYN-HYVAKS-000994,Määräaikainen,2025-07-24,Toimipiste,"Hyvinvointialue, Keski-Suomi",Konsernipalvelut,Tietohallinto,Teknologiapalvelut,Teknologiapalvelut,"SAIRAALANTIE 8, 42100 Jämsä","Toimiala=Konsernipalvelut; Vastuualue=Tietohallinto; Palvelualue=Teknologiapalvelut; Palveluyksikkö=Teknologiapalvelut; Toimipiste=SAIRAALANTIE 8, 42100 Jämsä",KESKI-SUOMEN HYVINVOINTIALUE,KESKI-SUOMEN HYVINVOINTIALUE,42100,SAIRAALANTIE 8,Keski-Suomi,Suomi,Tietoturva-asiantuntija,+358142000994,+35844100994,henna.heikkila,SYN-HYVAKS-000023,,,SMTP:henna.heikkila@example.invalid,,,fi-FI,Aktiivinen,synthetic-development-data
Jyväskylä,Keski-Suomen hyvinvointialue,Palveluprosessien digitalisaatio,Aaltonen Henna,henna.aaltonen2@example.invalid,SYN-HYVAKS-000995,Vakituinen,2010-05-11,Toimipiste,"Hyvinvointialue, Keski-Suomi",Konsernipalvelut,Tietohallinto,Palveluprosessien digitalisaatio,Palveluprosessien digitalisaatio,"HOITAJANTIE 1, 40620 Jyväskylä","Toimiala=Konsernipalvelut; Vastuualue=Tietohallinto; Palvelualue=Palveluprosessien digitalisaatio; Palveluyksikkö=Palveluprosessien digitalisaatio; Toimipiste=HOITAJANTIE 1, 40620 Jyväskylä",KESKI-SUOMEN HYVINVOINTIALUE,KESKI-SUOMEN HYVINVOINTIALUE,40620,HOITAJANTIE 1,Keski-Suomi,Suomi,Integraatioasiantuntija,+358142000995,+35850100995,henna.aaltonen2,SYN-HYVAKS-000025,,,SMTP:henna.aaltonen2@example.invalid,,,fi-FI,Aktiivinen,synthetic-development-data
Jyväskylä,Keski-Suomen hyvinvointialue,Teknologiapalvelut,Saarinen Teemu,teemu.saarinen3@example.invalid,SYN-HYVAKS-000996,Vakituinen,2018-04-01,Toimipiste,"Hyvinvointialue, Keski-Suomi",Konsernipalvelut,Tietohallinto,Teknologiapalvelut,Teknologiapalvelut,"HYVINVOINTIKATU 12, 40100 Jyväskylä","Toimiala=Konsernipalvelut; Vastuualue=Tietohallinto; Palvelualue=Teknologiapalvelut; Palveluyksikkö=Teknologiapalvelut; Toimipiste=HYVINVOINTIKATU 12, 40100 Jyväskylä",KESKI-SUOMEN HYVINVOINTIALUE,KESKI-SUOMEN HYVINVOINTIALUE,40100,HYVINVOINTIKATU 12,Keski-Suomi,Suomi,Palveluarkkitehti,+358142000996,+35850100996,teemu.saarinen3,SYN-HYVAKS-000022,,,SMTP:teemu.saarinen3@example.invalid,,,fi-FI,Aktiivinen,synthetic-development-data
Laukaa,Keski-Suomen hyvinvointialue,Palveluprosessien digitalisaatio,Mäkinen Nina,nina.makinen@example.invalid,SYN-HYVAKS-000997,Vakituinen,2001-09-10,Toimipiste,"Hyvinvointialue, Keski-Suomi",Konsernipalvelut,Tietohallinto,Palveluprosessien digitalisaatio,Palveluprosessien digitalisaatio,"TERVEYSTIE 5, 41340 Laukaa","Toimiala=Konsernipalvelut; Vastuualue=Tietohallinto; Palvelualue=Palveluprosessien digitalisaatio; Palveluyksikkö=Palveluprosessien digitalisaatio; Toimipiste=TERVEYSTIE 5, 41340 Laukaa",KESKI-SUOMEN HYVINVOINTIALUE,KESKI-SUOMEN HYVINVOINTIALUE,41340,TERVEYSTIE 5,Keski-Suomi,Suomi,Prosessikehittäjä,+358142000997,+35845100997,nina.makinen,SYN-HYVAKS-000027,,,SMTP:nina.makinen@example.invalid,,,fi-FI,Aktiivinen,synthetic-development-data
Jyväskylä,Keski-Suomen hyvinvointialue,Palveluprosessien digitalisaatio,Niemi Sami,sami.niemi@example.invalid,SYN-HYVAKS-000998,Vakituinen,2002-01-26,Toimipiste,"Hyvinvointialue, Keski-Suomi",Konsernipalvelut,Tietohallinto,Palveluprosessien digitalisaatio,Palveluprosessien digitalisaatio,"HOITAJANTIE 1, 40620 Jyväskylä","Toimiala=Konsernipalvelut; Vastuualue=Tietohallinto; Palvelualue=Palveluprosessien digitalisaatio; Palveluyksikkö=Palveluprosessien digitalisaatio; Toimipiste=HOITAJANTIE 1, 40620 Jyväskylä",KESKI-SUOMEN HYVINVOINTIALUE,KESKI-SUOMEN HYVINVOINTIALUE,40620,HOITAJANTIE 1,Keski-Suomi,Suomi,Tietoasiantuntija,+358142000998,+35840100998,sami.niemi,SYN-HYVAKS-000025,,,SMTP:sami.niemi@example.invalid,,,fi-FI,Aktiivinen,synthetic-development-data
Jyväskylä,Keski-Suomen hyvinvointialue,Tietohallinto yhteiset,Koskela Ville,ville.koskela@example.invalid,SYN-HYVAKS-000999,Osa-aikainen,2025-03-29,Toimipiste,"Hyvinvointialue, Keski-Suomi",Konsernipalvelut,Tietohallinto,Tietohallinto yhteiset,Tietohallinto yhteiset,"HYVINVOINTIKATU 12, 40100 Jyväskylä","Toimiala=Konsernipalvelut; Vastuualue=Tietohallinto; Palvelualue=Tietohallinto yhteiset; Palveluyksikkö=Tietohallinto yhteiset; Toimipiste=HYVINVOINTIKATU 12, 40100 Jyväskylä",KESKI-SUOMEN HYVINVOINTIALUE,KESKI-SUOMEN HYVINVOINTIALUE,40100,HYVINVOINTIKATU 12,Keski-Suomi,Suomi,Tietohallinnon suunnittelija,+358142000999,+35844100999,ville.koskela,SYN-HYVAKS-000014,,,SMTP:ville.koskela@example.invalid,,,fi-FI,Aktiivinen,synthetic-development-data
Äänekoski,Keski-Suomen hyvinvointialue,Tietohallintopalvelut,Repo Kalle,kalle.repo@example.invalid,SYN-HYVAKS-001000,Määräaikainen,2013-02-12,Toimipiste,"Hyvinvointialue, Keski-Suomi",Konsernipalvelut,Tietohallinto,Tietohallintopalvelut,Tietohallintopalvelut,"KESKUSKATU 14, 44100 Äänekoski","Toimiala=Konsernipalvelut; Vastuualue=Tietohallinto; Palvelualue=Tietohallintopalvelut; Palveluyksikkö=Tietohallintopalvelut; Toimipiste=KESKUSKATU 14, 44100 Äänekoski",KESKI-SUOMEN HYVINVOINTIALUE,KESKI-SUOMEN HYVINVOINTIALUE,44100,KESKUSKATU 14,Keski-Suomi,Suomi,Laitetukiasiantuntija,+358142001000,+35840101000,kalle.repo,SYN-HYVAKS-000017,,,SMTP:kalle.repo@example.invalid,,,fi-FI,Aktiivinen,synthetic-development-data
